poi_id,longitude,latitude,poi_code
222-222@62j-pg8-fs5,-70.834737,42.669658,624190
222-222@62j-rgz-n5z,-71.196975,42.706393,624190
222-222@62j-rk3-rtv,-71.143076,42.704274,624190
222-222@62j-shb-t9z,-71.167177,42.350929,624190
222-222@62j-srj-tgk,-71.402075,42.307608,624190
222-222@62j-stv-xh5,-71.111766,42.538271,624190
222-222@62j-sx7-xwk,-71.132106,42.672668,624190
222-222@62j-sxz-9xq,-71.034522,42.47002,624190
222-222@62j-szw-wp9,-70.978444,42.515723,624190
222-222@62j-t2b-5zz,-70.952013,42.460399,624190
222-222@62j-t54-8gk,-71.312871,42.635229,624190
222-222@62k-2b5-wp9,-70.569726,41.830162,624190
222-222@62k-2g5-hkf,-70.906048,41.881655,624190
222-222@62k-2jw-bp9,-70.711346,41.773075,624190
222-222@62k-pbs-m6k,-70.940961,42.015317,624190
222-222@62k-r96-syv,-71.469259,42.225911,624190
222-223@62j-sjh-6kz,-71.082594,42.317881,624190
222-223@62j-szw-c5z,-70.97187,42.521429,624190
222-224@62k-nyw-4gk,-71.434498,42.078233,624190
223-222@62j-shn-ct9,-71.221113,42.304436,624190
223-222@62k-rcm-nwk,-71.446343,42.267133,624190
223-223@62j-sg9-vzz,-71.099335,42.314069,624190
223-224@62j-sj2-snq,-71.106597,42.366688,624190
223-224@62j-sj4-68v,-71.087049,42.340889,624190
224-222@62j-wgx-ndv,-70.778099,43.050793,624190
224-222@62k-pjg-575,-71.23347,42.280734,624190
224-223@62j-sh4-45f,-71.19158,42.354602,624190
225-222@62j-pjj-nbk,-70.663462,42.613086,624190
225-222@62j-rz2-yd9,-71.079282,42.777552,624190
225-222@62j-szd-jqf,-71.065101,42.455064,624190
226-222@62j-rk3-835,-71.162401,42.709532,624190
226-222@62j-sj7-qj9,-71.033089,42.373489,624190
227-222@62j-sgt-v9f,-71.120491,42.256992,624190
227-222@62j-shr-wp9,-71.156881,42.28289,624190
228-222@62k-pc7-d5f,-71.026762,42.081996,624190
22f-222@62j-pst-59f,-70.88619,42.551943,624190
22j-222@62j-sk3-jn5,-71.099166,42.387369,624190
22w-223@62j-pss-rkz,-70.877672,42.549414,624190
23k-223@62j-shx-bc5,-71.059344,42.358567,624190
23q-222@62j-sj4-nqz,-71.064582,42.348717,624190
23v-222@62k-pc7-8qf,-71.020208,42.076083,624190
24j-223@62j-psr-vcq,-70.89783,42.521682,624190
zzw-222@62j-pst-2c5,-70.886506,42.561967,624190
zzw-222@62j-ptr-389,-70.944308,42.566213,624190
zzw-222@62j-pvd-whq,-70.863137,42.567651,624190
zzw-222@62j-qst-87q,-70.838673,42.139576,624190
zzw-222@62j-rg6-kj9,-71.388824,42.915357,624190
zzw-222@62j-sgx-mc5,-71.070923,42.284629,624190
zzw-222@62j-shx-y7q,-71.053654,42.37625,624190
zzw-222@62j-sz6-3wk,-71.068342,42.42956,624190
zzw-222@62j-wq5-ygk,-70.958599,42.973972,624190
zzw-222@62j-x3r-gzf,-71.002147,43.311286,624190
zzw-222@62k-2kw-dy9,-70.62102,41.829074,624190
zzw-222@62k-fk7-ygk,-71.498986,42.649155,624190
zzw-222@62k-p2d-9fz,-71.242017,42.068058,624190
zzw-222@62k-pc7-ckf,-71.019446,42.079012,624190
zzw-223@62j-r5v-kcq,-70.891442,42.490407,624190
zzw-223@62j-sc8-cdv,-71.231571,42.400896,624190
zzw-223@62k-ns8-2ff,-71.082463,42.130374,624190
zzw-224@62j-ryv-9fz,-71.098837,42.853419,624190
zzw-225@62k-p9p-rhq,-70.997892,42.253986,624190
zzy-222@62j-sf9-qzz,-71.174679,42.472812,624190
zzy-222@62j-ssg-n3q,-71.219957,42.310305,624190
222-222@62j-rg4-q75,-71.33158,42.894566,711310
222-222@62j-syb-8vz,-70.991996,42.41426,711310
222-222@62j-szf-x5z,-71.046045,42.431221,711310
222-222@62k-phc-hqz,-71.175282,42.23537,711310
222-223@62k-p8n-xh5,-71.003683,42.244146,711310
222-224@62j-pts-ffz,-70.96927,42.577277,711310
223-222@62j-rk2-tvz,-71.155901,42.707282,711310
223-222@62j-sxz-z9f,-71.029221,42.442863,711310
223-222@62j-t2b-835,-70.951157,42.464813,711310
224-222@62j-sdx-v4v,-71.154726,42.437547,711310
224-223@62j-sr4-wx5,-71.415728,42.360954,711310
224-224@62k-ny8-jjv,-71.327247,42.083403,711310
226-222@62j-sqs-jsq,-71.348106,42.284382,711310
226-222@62j-sqs-r49,-71.358037,42.296499,711310
226-222@62k-nzs-nh5,-71.264879,42.092974,711310
226-222@62k-p8p-mff,-70.994461,42.244115,711310
227-222@62j-sj3-cnq,-71.0982,42.38093,711310
227-222@62j-wx5-b8v,-70.759569,43.075756,711310
228-222@62j-sj3-9mk,-71.100074,42.373806,711310
229-222@62j-t65-45f,-71.308846,42.647627,711310
22b-222@62j-sj6-qmk,-71.03659,42.371497,711310
22c-222@62j-szs-y9z,-70.927538,42.524877,711310
22d-222@62j-psr-yn5,-70.893375,42.516264,711310
22f-223@62j-sjz-68v,-71.121672,42.395659,711310
22g-222@62j-sk4-ty9,-71.150681,42.414915,711310
22v-222@62j-sgx-dgk,-71.093108,42.268179,711310
22w-222@62j-sj4-6hq,-71.085695,42.342878,711310
22z-222@62j-sz9-z4v,-71.090613,42.396297,711310
239-223@62j-sj4-mzf,-71.065348,42.350378,711310
23d-222@62j-shz-4y9,-71.060786,42.356313,711310
23v-222@62k-phm-8gk,-71.156973,42.261826,711310
245-222@62j-sjs-mzf,-71.153997,42.380313,711310
24z-222@62j-pst-49z,-70.879729,42.548198,711310
257-223@62j-sgk-3h5,-71.132612,42.352805,711310
zzw-222@62j-qv3-hkf,-70.812169,42.240283,711310
zzw-222@62j-rkr-8vz,-71.214126,42.780272,711310
zzw-222@62j-scd-wx5,-71.240082,42.382658,711310
zzw-222@62j-sf7-nbk,-71.132472,42.442479,711310
zzw-222@62j-sgf-d7q,-71.11311,42.346295,711310
zzw-222@62j-sgg-ckf,-71.095694,42.347401,711310
zzw-222@62j-sgg-ct9,-71.096982,42.346446,711310
zzw-222@62j-sgj-fj9,-71.137418,42.35123,711310
zzw-222@62j-sgr-snq,-71.155728,42.281228,711310
zzw-222@62j-shc-kpv,-71.167685,42.358587,711310
zzw-222@62j-shx-pjv,-71.071697,42.363651,711310
zzw-222@62j-sj3-nyv,-71.084221,42.347596,711310
zzw-222@62j-sj4-87q,-71.087011,42.346705,711310
zzw-222@62j-sjh-n5z,-71.061929,42.297271,711310
zzw-222@62j-sjp-fcq,-71.080775,42.334189,711310
zzw-222@62j-sy5-y5f,-70.974948,42.459113,711310
zzw-222@62j-sz7-68v,-71.075851,42.4102,711310
zzw-222@62j-szt-3kf,-70.923613,42.524883,711310
zzw-222@62k-nzt-3yv,-71.265983,42.094258,711310
zzw-222@62k-p26-sqz,-71.255467,42.030348,711310
zzw-222@62k-p87-qj9,-71.115905,42.150432,711310
zzw-222@62k-p9m-tsq,-71.030847,42.269843,711310
zzw-223@62j-pst-73q,-70.878847,42.551354,711310
zzw-223@62j-q7h-zmk,-70.816568,42.843486,711310
zzw-223@62j-shz-n3q,-71.03592,42.348578,711310
zzw-223@62j-sk3-28v,-71.11779,42.382425,711310
zzw-223@62k-26s-cyv,-70.652807,41.92967,711310
zzw-224@62j-t5w-p5f,-71.351101,42.636992,711310
zzw-225@62j-sj4-68v,-71.086342,42.340898,711310
zzy-222@62j-sbv-skf,-71.223945,42.447004,711310
zzy-222@62j-sj4-grk,-71.073597,42.357294,711310
zzy-222@62j-sjs-kmk,-71.147956,42.378829,711310
222-222@62j-pjm-p5f,-70.660089,42.591076,712110
222-222@62j-pss-35z,-70.891649,42.520405,712110
222-222@62j-pvd-mp9,-70.849478,42.567746,712110
222-222@62j-qsn-5s5,-70.910794,42.237503,712110
222-222@62j-r5s-5vf,-70.851405,42.503204,712110
222-222@62j-rkr-xyv,-71.199939,42.789362,712110
222-222@62j-sbv-hdv,-71.214099,42.436744,712110
222-222@62j-sd6-s3q,-71.326397,42.427086,712110
222-222@62j-sgf-cnq,-71.116663,42.350614,712110
222-222@62j-sgj-2kz,-71.094041,42.339372,712110
222-222@62j-shd-xnq,-71.211788,42.373471,712110
222-222@62j-sn8-6p9,-71.541365,42.44997,712110
222-222@62j-snz-hqz,-71.343436,42.457576,712110
222-222@62j-svf-rhq,-71.21965,42.610929,712110
222-222@62j-t64-fvf,-71.315279,42.644624,712110
222-222@62j-t65-52k,-71.312832,42.64512,712110
222-222@62j-w9k-jgk,-70.95261,43.143413,712110
222-222@62j-wg2-kvf,-70.714115,43.045279,712110
222-222@62k-26r-hyv,-70.66541,41.953905,712110
222-222@62k-fhh-m6k,-71.570873,42.608301,712110
222-222@62k-p7t-mc5,-71.118697,42.218484,712110
222-222@62k-phv-2tv,-71.142439,42.163276,712110
222-223@62j-psx-jgk,-70.892613,42.556786,712110
222-223@62j-shx-54v,-71.062196,42.366285,712110
222-223@62k-26r-hyv,-70.665387,41.953901,712110
222-223@62k-p2d-c5z,-71.245957,42.067616,712110
222-223@62k-p7t-mc5,-71.118734,42.218481,712110
222-223@62k-qcf-kzz,-70.767144,41.703068,712110
222-224@62j-sgj-2kz,-71.094045,42.339361,712110
222-224@62j-shx-s89,-71.070916,42.367716,712110
222-224@62j-t62-6p9,-71.353633,42.629984,712110
222-224@62j-w9k-jgk,-70.952494,43.143611,712110
222-226@62j-scq-9zz,-71.291451,42.463204,712110
223-222@62j-psc-v2k,-70.887119,42.603868,712110
223-222@62j-ptf-xbk,-70.974799,42.560887,712110
223-222@62j-sf5-pqf,-71.135891,42.454552,712110
223-222@62j-sh4-5zz,-71.194987,42.348092,712110
223-222@62j-sh9-7kf,-71.185718,42.366454,712110
223-222@62j-sh9-m6k,-71.19872,42.368973,712110
223-222@62j-shy-mkz,-71.048735,42.350858,712110
223-222@62j-sk5-6x5,-71.152383,42.415741,712110
223-222@62j-t65-5cq,-71.312016,42.645428,712110
223-222@62k-p7c-ty9,-71.039706,42.131823,712110
223-222@62k-p9j-hyv,-71.065097,42.264577,712110
223-222@62k-r7g-snq,-71.505661,42.394497,712110
223-223@62k-25y-syv,-70.625345,41.938082,712110
223-224@62j-wgv-wkz,-70.77506,43.067929,712110
224-222@62j-pg9-4sq,-70.836136,42.676622,712110
224-222@62j-pkh-sbk,-70.788559,42.63183,712110
224-222@62j-psn-fcq,-70.883525,42.521771,712110
224-222@62j-pss-35z,-70.890758,42.520699,712110
224-222@62j-q5t-xdv,-70.870274,42.806637,712110
224-222@62j-sjv-mrk,-71.126363,42.376925,712110
224-223@62j-sh3-yn5,-71.19476,42.355409,712110
224-223@62j-t65-435,-71.307261,42.645179,712110
225-222@62j-pg9-k4v,-70.83611,42.677144,712110
225-222@62j-qsn-hwk,-70.891966,42.243825,712110
225-222@62j-rjy-fcq,-71.190133,42.775764,712110
225-222@62j-sjv-bzf,-71.114954,42.378212,712110
225-222@62j-sqh-d35,-71.315256,42.273342,712110
225-222@62j-wmz-g6k,-70.977348,42.977947,712110
226-222@62j-qv4-75z,-70.809137,42.242197,712110
226-222@62k-p8z-8jv,-70.937672,42.189738,712110
226-223@62j-shy-4y9,-71.053703,42.363754,712110
227-222@62j-pkh-d5f,-70.779405,42.632713,712110
227-222@62j-ssg-k75,-71.228791,42.308232,712110
227-222@62j-syj-3h5,-70.991814,42.418979,712110
227-222@62j-wcj-v4v,-70.874287,43.189556,712110
227-223@62j-sgy-kj9,-71.129604,42.287069,712110
228-222@62j-psn-guk,-70.891044,42.523695,712110
228-222@62j-qsn-gc5,-70.888407,42.241891,712110
228-222@62j-t2b-92k,-70.948187,42.46319,712110
228-222@62k-p8v-kxq,-70.971496,42.245089,712110
228-222@62k-qr5-m49,-71.562573,42.202236,712110
229-222@62j-pn5-wtv,-70.669244,42.640456,712110
229-222@62j-q64-b49,-70.86322,42.800008,712110
229-222@62j-sgg-dd9,-71.103965,42.350914,712110
229-222@62j-sk5-7bk,-71.160654,42.416041,712110
229-223@62j-rz3-kzz,-71.074572,42.782545,712110
22b-222@62j-sdj-bx5,-71.161019,42.507902,712110
22b-222@62j-swt-nt9,-71.016699,42.594335,712110
22b-222@62j-wq6-snq,-70.948986,42.981733,712110
22b-223@62j-t2c-7t9,-70.94395,42.463014,712110
22c-222@62j-pmd-49z,-70.626025,42.657746,712110
22c-222@62j-scd-h5z,-71.23548,42.377244,712110
22c-222@62j-sj4-dgk,-71.074073,42.354751,712110
22c-222@62j-sjz-6ff,-71.123023,42.39665,712110
22c-223@62j-rcq-w8v,-71.328255,42.88019,712110
22d-222@62j-shy-xkf,-71.051131,42.345674,712110
22d-222@62j-wx7-qcq,-70.753291,43.075159,712110
22f-222@62j-sjv-btv,-71.113936,42.378067,712110
22f-222@62k-26r-djv,-70.667965,41.95909,712110
22h-22d@62k-pd6-wx5,-70.831603,42.122507,712110
22j-222@62j-sjz-975,-71.117915,42.3998,712110
22k-222@62j-psr-sqz,-70.894012,42.521415,712110
22k-222@62j-s2y-pqf,-71.001879,42.833514,712110
22k-222@62j-syx-t5f,-71.083304,42.50588,712110
22k-222@62k-nz5-ks5,-71.400205,42.082777,712110
22m-222@62j-q64-49z,-70.856899,42.804085,712110
22m-222@62j-sh9-dsq,-71.183979,42.357894,712110
22m-222@62j-shy-mrk,-71.049746,42.351711,712110
22n-222@62j-sj2-c3q,-71.097566,42.362264,712110
22q-225@62j-psn-g8v,-70.890776,42.522281,712110
22r-222@62j-shy-c5z,-71.061475,42.375592,712110
22r-222@62j-szs-7qz,-70.935529,42.521045,712110
22r-222@62j-t65-4sq,-71.316005,42.649953,712110
22s-223@62j-sgh-z9f,-71.099631,42.33653,712110
22t-222@62j-t5r-brk,-71.284253,42.592353,712110
22z-222@62j-syc-4y9,-70.984233,42.377678,712110
22z-222@62k-p9p-2tv,-71.002549,42.250578,712110
234-222@62j-sj2-c3q,-71.097543,42.36228,712110
235-222@62j-shx-9vf,-71.064578,42.361442,712110
235-222@62j-shx-ct9,-71.065905,42.358473,712110
239-222@62j-psr-vcq,-70.89719,42.522536,712110
23d-222@62j-szs-7qz,-70.935513,42.521078,712110
23p-222@62j-psr-sqz,-70.894835,42.521339,712110
23q-222@62j-psr-yjv,-70.893556,42.518346,712110
242-222@62j-shx-bp9,-71.058984,42.359318,712110
242-223@62j-shx-bp9,-71.058956,42.359318,712110
24q-222@62j-sk5-3t9,-71.158716,42.416037,712110
24r-222@62j-shy-3h5,-71.052338,42.362644,712110
25d-223@62j-srh-y35,-71.418076,42.28145,712110
25d-224@62j-srh-y35,-71.418098,42.281436,712110
26f-222@62j-shz-3t9,-71.057625,42.356975,712110
26h-222@62j-psr-vcq,-70.896659,42.522143,712110
26h-222@62j-shd-q4v,-71.234041,42.37323,712110
26x-222@62j-psr-sqz,-70.894596,42.520988,712110
29r-222@62j-shx-d35,-71.062371,42.357648,712110
zzw-222@62j-pjc-4vz,-70.692363,42.585198,712110
zzw-222@62j-psr-t35,-70.892577,42.521631,712110
zzw-222@62j-q5j-dgk,-70.930681,42.864837,712110
zzw-222@62j-q5k-75z,-70.92744,42.845048,712110
zzw-222@62j-rx5-st9,-71.122298,43.037485,712110
zzw-222@62j-sct-rc5,-71.335067,42.459039,712110
zzw-222@62j-sd7-h89,-71.311418,42.431072,712110
zzw-222@62j-sg7-rc5,-71.136882,42.330122,712110
zzw-222@62j-sgb-fzz,-71.155568,42.331743,712110
zzw-222@62j-sgc-kxq,-71.162609,42.340759,712110
zzw-222@62j-sgh-xkf,-71.09898,42.338483,712110
zzw-222@62j-shx-cdv,-71.065266,42.36001,712110
zzw-222@62j-shx-g49,-71.06414,42.364786,712110
zzw-222@62j-shy-2rk,-71.054475,42.366334,712110
zzw-222@62j-shy-389,-71.050508,42.363983,712110
zzw-222@62j-shy-r8v,-71.051291,42.352175,712110
zzw-222@62j-sj6-wkz,-71.033073,42.363626,712110
zzw-222@62j-sjm-xqz,-71.035601,42.315605,712110
zzw-222@62j-sjv-bzf,-71.115562,42.378449,712110
zzw-222@62j-sjv-ghq,-71.118932,42.365528,712110
zzw-222@62j-sjv-j35,-71.112106,42.369877,712110
zzw-222@62j-skn-cqz,-71.455171,42.464163,712110
zzw-222@62j-snz-j35,-71.341924,42.457683,712110
zzw-222@62j-sqp-fzz,-71.307397,42.293581,712110
zzw-222@62j-stm-snq,-71.147746,42.579496,712110
zzw-222@62j-t57-6tv,-71.273402,42.649973,712110
zzw-222@62j-t64-fmk,-71.317042,42.642019,712110
zzw-222@62j-t65-6hq,-71.307433,42.647594,712110
zzw-222@62j-wch-6tv,-70.873069,43.194896,712110
zzw-222@62j-wff-ht9,-70.835455,42.933804,712110
zzw-222@62j-wpj-r8v,-71.071639,42.977245,712110
zzw-222@62k-25z-hbk,-70.625366,41.938151,712110
zzw-222@62k-2g3-wff,-70.906979,41.89275,712110
zzw-222@62k-fhv-rx5,-71.513817,42.53781,712110
zzw-222@62k-ns6-dy9,-71.045412,42.102589,712110
zzw-222@62k-nsv-kvf,-71.193066,42.128802,712110
zzw-222@62k-p8f-kfz,-71.101336,42.182985,712110
zzw-222@62k-pjg-4vz,-71.224789,42.278295,712110
zzw-222@62k-r75-bkz,-71.508062,42.369995,712110
zzw-223@62j-pjc-4vz,-70.692356,42.58518,712110
zzw-223@62j-pkx-qvf,-70.771115,42.575406,712110
zzw-223@62j-sd7-h89,-71.311427,42.431075,712110
zzw-223@62j-sjv-j35,-71.112096,42.369868,712110
zzw-223@62j-srx-2ff,-71.30845,42.351468,712110
zzw-223@62k-ns6-dy9,-71.045427,42.102576,712110
zzw-223@62k-nzs-p9z,-71.264295,42.090677,712110
zzw-224@62j-rcq-jsq,-71.314005,42.874814,712110
zzw-224@62j-sjv-j35,-71.112066,42.369906,712110
zzw-224@62j-ss2-f9f,-71.237377,42.371301,712110
zzw-224@62j-wx5-9zz,-70.761753,43.07694,712110
zzw-226@62j-sjv-835,-71.118214,42.374857,712110
zzw-227@62j-psr-sqz,-70.893547,42.521595,712110
zzw-227@62j-sjv-j35,-71.112075,42.369898,712110
zzw-228@62j-shx-f2k,-71.057901,42.35928,712110
zzw-228@62j-sjv-j35,-71.11211,42.369867,712110
zzw-22b@62j-sjv-j35,-71.112067,42.369866,712110
zzw-22d@62j-sjv-j35,-71.112062,42.369871,712110
zzw-22f@62j-sjv-j35,-71.112102,42.369898,712110
zzw-22g@62j-sjv-j35,-71.112089,42.369885,712110
zzw-22j@62j-shz-vs5,-71.054848,42.360257,712110
zzy-222@62j-pss-zxq,-70.878298,42.560588,712110
zzy-222@62j-sd7-9s5,-71.330901,42.418565,712110
zzy-222@62j-sgc-kxq,-71.162618,42.340767,712110
zzy-222@62j-shx-6kz,-71.06777,42.36686,712110
zzy-222@62j-shx-vcq,-71.05531,42.374021,712110
zzy-222@62j-shy-c89,-71.062963,42.377928,712110
zzy-222@62j-sjm-xnq,-71.034668,42.314177,712110
zzy-222@62j-ss2-c5z,-71.262553,42.365713,712110
zzy-222@62j-swz-xnq,-71.135242,42.647661,712110
zzy-222@62j-w8t-v2k,-70.919846,43.132585,712110
zzy-222@62j-wdb-mhq,-70.773389,43.012258,712110
zzy-222@62j-wgw-rtv,-70.774507,43.066184,712110
zzy-222@62k-26r-m8v,-70.664469,41.955463,712110
zzy-222@62k-fhc-dd9,-71.585821,42.56824,712110
zzy-223@62j-sjm-y35,-71.03423,42.316273,712110
zzy-224@62j-rfc-94v,-71.294576,42.893682,712110
222-222@62j-pjg-5cq,-70.729854,42.590616,713940
222-222@62j-pm6-cdv,-70.638637,42.631363,713940
222-222@62j-pne-sh5,-70.988498,42.697635,713940
222-222@62j-pnw-q2k,-71.026055,42.712191,713940
222-222@62j-pps-3dv,-71.114544,42.718508,713940
222-222@62j-pr5-wzf,-70.90771,42.706868,713940
222-222@62j-ps7-dgk,-70.884697,42.572366,713940
222-222@62j-psr-brk,-70.900055,42.511987,713940
222-222@62j-pst-3qz,-70.884097,42.552348,713940
222-222@62j-ptg-3wk,-70.975107,42.555232,713940
222-222@62j-ptq-54v,-70.939519,42.549929,713940
222-222@62j-ptq-kpv,-70.939156,42.552588,713940
222-222@62j-ptr-649,-70.938492,42.568223,713940
222-222@62j-ptr-pqf,-70.975021,42.568319,713940
222-222@62j-pvk-nkf,-70.783888,42.580605,713940
222-222@62j-pw3-33q,-70.922831,42.678205,713940
222-222@62j-q5h-w6k,-70.931936,42.855837,713940
222-222@62j-q65-9zz,-70.895946,42.815176,713940
222-222@62j-q89-b6k,-70.930661,42.939341,713940
222-222@62j-q89-v4v,-70.914108,42.93496,713940
222-222@62j-qrn-wc5,-70.795561,42.218798,713940
222-222@62j-qrp-85f,-70.799059,42.218849,713940
222-222@62j-qsr-vvf,-70.876819,42.169825,713940
222-222@62j-qsv-3yv,-70.908011,42.162945,713940
222-222@62j-qt2-x3q,-70.885432,42.170709,713940
222-222@62j-qv5-g49,-70.838301,42.254094,713940
222-222@62j-qv7-2zf,-70.821819,42.234784,713940
222-222@62j-r5s-kj9,-70.856499,42.509843,713940
222-222@62j-rcm-t35,-71.360328,42.852555,713940
222-222@62j-rcn-cdv,-71.356851,42.861347,713940
222-222@62j-rcp-j9z,-71.363526,42.845725,713940
222-222@62j-rct-tvz,-71.347974,42.87269,713940
222-222@62j-rgz-hh5,-71.20021,42.704498,713940
222-222@62j-rh6-94v,-71.211226,42.757905,713940
222-222@62j-rjv-dn5,-71.156673,42.776518,713940
222-222@62j-rk9-8jv,-71.139351,42.731182,713940
222-222@62j-rkb-gff,-71.115246,42.696763,713940
222-222@62j-rkd-7kf,-71.171788,42.732645,713940
222-222@62j-rkh-fpv,-71.251317,42.780945,713940
222-222@62j-rkp-8vz,-71.240557,42.762441,713940
222-222@62j-rr6-ht9,-71.444737,42.673184,713940
222-222@62j-rr6-mhq,-71.443027,42.674771,713940
222-222@62j-rrj-3nq,-71.431268,42.688506,713940
222-222@62j-rz5-tgk,-71.116715,42.775394,713940
222-222@62j-rz6-p7q,-71.103772,42.78535,713940
222-222@62j-sbv-s5z,-71.228276,42.448701,713940
222-222@62j-sc2-jd9,-71.209258,42.486475,713940
222-222@62j-sc3-rrk,-71.207397,42.465601,713940
222-222@62j-sc5-45f,-71.249387,42.476783,713940
222-222@62j-scj-skf,-71.234221,42.422523,713940
222-222@62j-scp-r8v,-71.293559,42.477946,713940
222-222@62j-sd6-w8v,-71.32526,42.414889,713940
222-222@62j-sdc-f4v,-71.258631,42.418267,713940
222-222@62j-sdn-kxq,-71.187428,42.499345,713940
222-222@62j-sdp-2x5,-71.185276,42.481986,713940
222-222@62j-sdp-3dv,-71.185231,42.482966,713940
222-222@62j-sdr-rhq,-71.158954,42.526682,713940
222-222@62j-sds-tvz,-71.13584,42.506671,713940
222-222@62j-sdt-7kf,-71.143619,42.508747,713940
222-222@62j-sdt-9fz,-71.135092,42.509973,713940
222-222@62j-sf4-g49,-71.182382,42.424696,713940
222-222@62j-sf5-mtv,-71.135714,42.46481,713940
222-222@62j-sf6-9fz,-71.136052,42.468661,713940
222-222@62j-sf9-4sq,-71.182115,42.455794,713940
222-222@62j-sff-8qf,-71.226821,42.492941,713940
222-222@62j-sfg-54v,-71.236302,42.50891,713940
222-222@62j-sg8-ht9,-71.135285,42.339749,713940
222-222@62j-sgb-zpv,-71.164341,42.326443,713940
222-222@62j-sgf-dgk,-71.112485,42.348406,713940
222-222@62j-sgf-rc5,-71.124495,42.352487,713940
222-222@62j-sgg-c3q,-71.099863,42.350514,713940
222-222@62j-sgg-xdv,-71.092804,42.332035,713940
222-222@62j-sgj-f2k,-71.137304,42.349992,713940
222-222@62j-sgk-hkf,-71.146138,42.356709,713940
222-222@62j-sgs-st9,-71.12521,42.252935,713940
222-222@62j-sgx-cqz,-71.094043,42.269548,713940
222-222@62j-sgx-tjv,-71.074908,42.275632,713940
222-222@62j-sh7-8gk,-71.220639,42.349526,713940
222-222@62j-sh7-d5f,-71.242485,42.358206,713940
222-222@62j-sh8-dsq,-71.229834,42.327659,713940
222-222@62j-sh9-m6k,-71.198651,42.369522,713940
222-222@62j-sh9-wrk,-71.199562,42.36569,713940
222-222@62j-shd-9j9,-71.215381,42.37078,713940
222-222@62j-she-89z,-71.201828,42.312463,713940
222-222@62j-she-jd9,-71.212165,42.311639,713940
222-222@62j-she-n3q,-71.210747,42.316299,713940
222-222@62j-shf-68v,-71.21173,42.366663,713940
222-222@62j-shh-jn5,-71.199681,42.294894,713940
222-222@62j-shh-jy9,-71.19879,42.295885,713940
222-222@62j-shh-kfz,-71.198923,42.292955,713940
222-222@62j-shr-28v,-71.168941,42.3213,713940
222-222@62j-shr-9zz,-71.180331,42.31899,713940
222-222@62j-shr-td9,-71.155719,42.284318,713940
222-222@62j-shy-qzz,-71.045579,42.350985,713940
222-222@62j-sj2-w49,-71.084595,42.373041,713940
222-222@62j-sj3-2x5,-71.08163,42.362263,713940
222-222@62j-sj3-4n5,-71.087029,42.365003,713940
222-222@62j-sj4-nqz,-71.064691,42.348292,713940
222-222@62j-sj5-6rk,-71.045713,42.39143,713940
222-222@62j-sj8-bff,-71.079765,42.376685,713940
222-222@62j-sj9-b49,-71.078508,42.394853,713940
222-222@62j-sjh-2rk,-71.073728,42.306098,713940
222-222@62j-sjp-dgk,-71.075069,42.333997,713940
222-222@62j-sjp-rp9,-71.058159,42.336891,713940
222-222@62j-sjq-7qz,-71.066715,42.342058,713940
222-222@62j-sjs-f9f,-71.155097,42.390934,713940
222-222@62j-sjs-hdv,-71.148456,42.391184,713940
222-222@62j-sjv-ct9,-71.119597,42.377032,713940
222-222@62j-sjx-4jv,-71.173228,42.395552,713940
222-222@62j-sjy-n3q,-71.1572,42.375997,713940
222-222@62j-sjz-cyv,-71.134188,42.407659,713940
222-222@62j-sk2-rx5,-71.104348,42.378985,713940
222-222@62j-sk5-6rk,-71.156087,42.414874,713940
222-222@62j-skq-fs5,-71.425826,42.443801,713940
222-222@62j-sm9-fzz,-71.426225,42.421217,713940
222-222@62j-smd-wx5,-71.452548,42.434426,713940
222-222@62j-smr-dvz,-71.493487,42.472767,713940
222-222@62j-sn4-z4v,-71.488155,42.435372,713940
222-222@62j-snp-75z,-71.415776,42.513178,713940
222-222@62j-snp-swk,-71.404503,42.523954,713940
222-222@62j-sp3-87q,-71.346758,42.449133,713940
222-222@62j-spf-cbk,-71.437446,42.546553,713940
222-222@62j-spg-ysq,-71.427859,42.515308,713940
222-222@62j-sq2-jn5,-71.339199,42.332188,713940
222-222@62j-sqc-35z,-71.316413,42.335995,713940
222-222@62j-sqk-zj9,-71.365241,42.271569,713940
222-222@62j-sr5-b8v,-71.38804,42.364557,713940
222-222@62j-sr7-k4v,-71.42995,42.359884,713940
222-222@62j-sr8-8gk,-71.426552,42.362524,713940
222-222@62j-srf-qxq,-71.449433,42.298609,713940
222-222@62j-srg-435,-71.422087,42.29892,713940
222-222@62j-srj-8y9,-71.394862,42.313099,713940
222-222@62j-srm-5vf,-71.388451,42.294491,713940
222-222@62j-srn-t35,-71.432806,42.307146,713940
222-222@62j-srt-8jv,-71.272625,42.340542,713940
222-222@62j-sry-9s5,-71.266222,42.391211,713940
222-222@62j-srz-nnq,-71.248172,42.369679,713940
222-222@62j-srz-vmk,-71.2442,42.357693,713940
222-222@62j-ss3-brk,-71.292896,42.379144,713940
222-222@62j-ss6-wff,-71.256622,42.315204,713940
222-222@62j-ss7-p35,-71.257111,42.293312,713940
222-222@62j-ssg-ks5,-71.226063,42.307008,713940
222-222@62j-ssg-kxq,-71.228389,42.307832,713940
222-222@62j-sss-hh5,-71.361852,42.362837,713940
222-222@62j-sss-hwk,-71.367105,42.365305,713940
222-222@62j-stj-mrk,-71.112947,42.585983,713940
222-222@62j-stj-xh5,-71.151566,42.594064,713940
222-222@62j-stx-p7q,-71.085752,42.514334,713940
222-222@62j-sv5-qzz,-71.085147,42.541057,713940
222-222@62j-sv6-yvz,-71.123973,42.56044,713940
222-222@62j-sv6-zcq,-71.124349,42.561329,713940
222-222@62j-svb-mc5,-71.188752,42.616426,713940
222-222@62j-swt-tsq,-71.028212,42.605928,713940
222-222@62j-swv-z2k,-71.000947,42.581244,713940
222-222@62j-sxy-wff,-71.060844,42.46669,713940
222-222@62j-sy6-jsq,-71.02642,42.48246,713940
222-222@62j-syb-8gk,-70.994848,42.410696,713940
222-222@62j-syb-xkf,-70.984188,42.384856,713940
222-222@62j-syf-3wk,-71.037733,42.40049,713940
222-222@62j-syf-6x5,-71.028628,42.412098,713940
222-222@62j-syf-bzf,-71.022624,42.404098,713940
222-222@62j-syg-7h5,-71.011818,42.380948,713940
222-222@62j-syh-66k,-71.019717,42.397896,713940
222-222@62j-syn-5pv,-71.007319,42.427304,713940
222-222@62j-syn-6tv,-71.009496,42.427015,713940
222-222@62j-sys-649,-71.069697,42.456311,713940
222-222@62j-syv-6c5,-71.115215,42.483858,713940
222-222@62j-syv-dgk,-71.107979,42.479118,713940
222-222@62j-syv-mp9,-71.126938,42.493605,713940
222-222@62j-syy-whq,-71.063242,42.478184,713940
222-222@62j-sz6-9fz,-71.073237,42.423066,713940
222-222@62j-szb-9pv,-71.107322,42.41124,713940
222-222@62j-szb-9xq,-71.106464,42.412969,713940
222-222@62j-szf-wx5,-71.046838,42.429323,713940
222-222@62j-szs-ygk,-70.928422,42.525651,713940
222-222@62j-szt-wx5,-70.920522,42.493635,713940
222-222@62j-t28-9mk,-70.925846,42.472397,713940
222-222@62j-t4p-gp9,-71.439307,42.553675,713940
222-222@62j-t4p-h5z,-71.439358,42.555594,713940
222-222@62j-t4s-xkf,-71.388759,42.583363,713940
222-222@62j-t55-26k,-71.31305,42.644227,713940
222-222@62j-t5p-7bk,-71.230234,42.573986,713940
222-222@62j-t5x-2tv,-71.330024,42.641769,713940
222-222@62j-t5z-mkz,-71.379448,42.637207,713940
222-222@62j-t63-qmk,-71.328961,42.67102,713940
222-222@62j-w9t-9s5,-70.934441,43.139627,713940
222-222@62j-wbt-j5f,-70.808943,43.098566,713940
222-222@62j-wbw-q75,-70.790986,43.095305,713940
222-222@62j-wch-8jv,-70.878602,43.196856,713940
222-222@62j-wd6-td9,-70.773508,42.980552,713940
222-222@62j-wf3-54v,-70.888181,43.011274,713940
222-222@62j-wfd-87q,-70.845913,42.943498,713940
222-222@62j-wfd-m49,-70.861035,42.949875,713940
222-222@62j-wff-xwk,-70.838481,42.940211,713940
222-222@62j-wfm-n3q,-70.833462,42.968578,713940
222-222@62j-wfq-q75,-70.852801,42.975615,713940
222-222@62j-wgr-fpv,-70.783248,43.035449,713940
222-222@62j-wgx-f4v,-70.768612,43.053095,713940
222-222@62j-wgx-qs5,-70.77531,43.054512,713940
222-222@62j-wn6-sdv,-70.967476,42.994402,713940
222-222@62j-wn7-6hq,-70.976836,42.995016,713940
222-222@62j-wnj-sh5,-71.002668,42.922625,713940
222-222@62j-wnz-fs5,-71.075324,43.032947,713940
222-222@62j-wnz-k4v,-71.071266,43.032083,713940
222-222@62j-wp8-2p9,-71.057232,42.947663,713940
222-222@62j-wpk-26k,-71.068953,42.973823,713940
222-222@62j-wpv-dy9,-70.936916,43.050812,713940
222-222@62j-wpx-87q,-70.904527,43.036125,713940
222-222@62j-wx5-9pv,-70.763576,43.080204,713940
222-222@62j-wx5-jgk,-70.777922,43.085576,713940
222-222@62j-x3d-3kf,-70.885403,43.218432,713940
222-222@62j-x3w-35z,-71.021986,43.294787,713940
222-222@62k-26v-7wk,-70.71151,41.950168,713940
222-222@62k-26v-f9f,-70.694943,41.961237,713940
222-222@62k-27c-y7q,-70.655965,41.92304,713940
222-222@62k-2k4-75z,-70.80225,41.822088,713940
222-222@62k-2km-d35,-70.754065,41.783291,713940
222-222@62k-2ws-w49,-70.673622,42.007844,713940
222-222@62k-2ww-85f,-70.737486,42.01505,713940
222-222@62k-2ww-j35,-70.732318,42.008797,713940
222-222@62k-2xf-syv,-70.7467,42.103014,713940
222-222@62k-fht-f2k,-71.522641,42.548879,713940
222-222@62k-fhw-wff,-71.517012,42.547195,713940
222-222@62k-fjh-5vf,-71.605244,42.55425,713940
222-222@62k-fkd-fzz,-71.451125,42.554184,713940
222-222@62k-fkw-pgk,-71.587947,42.623189,713940
222-222@62k-fky-kvf,-71.563001,42.66631,713940
222-222@62k-ns7-p9z,-71.100484,42.128803,713940
222-222@62k-nsc-dgk,-71.063627,42.058102,713940
222-222@62k-nsh-kfz,-71.059795,42.03514,713940
222-222@62k-nsk-d7q,-71.044755,42.07297,713940
222-222@62k-nsk-dn5,-71.045453,42.075264,713940
222-222@62k-nwb-ghq,-70.97319,41.971783,713940
222-222@62k-nyn-t7q,-71.312122,42.023283,713940
222-222@62k-nyq-2rk,-71.30531,42.011874,713940
222-222@62k-nyx-f4v,-71.422863,42.068602,713940
222-222@62k-nz4-zmk,-71.397203,42.08321,713940
222-222@62k-p2m-gzf,-71.360858,42.133352,713940
222-222@62k-p6y-3kf,-71.066497,42.199565,713940
222-222@62k-p6z-djv,-71.036355,42.169818,713940
222-222@62k-p74-tn5,-71.002882,42.197951,713940
222-222@62k-p7f-xkf,-71.010466,42.129405,713940
222-222@62k-p87-45f,-71.070859,42.152335,713940
222-222@62k-p8d-rx5,-71.045111,42.164662,713940
222-222@62k-p8g-2rk,-71.111982,42.176387,713940
222-222@62k-p8j-p35,-70.962387,42.231034,713940
222-222@62k-p98-tgk,-70.906422,42.175675,713940
222-222@62k-p9b-4d9,-70.955151,42.205236,713940
222-222@62k-p9b-975,-70.949398,42.193634,713940
222-222@62k-p9h-wff,-71.080562,42.249962,713940
222-222@62k-p9j-3dv,-71.055544,42.260258,713940
222-222@62k-p9n-v75,-71.007469,42.254715,713940
222-222@62k-p9p-jn5,-70.993701,42.259746,713940
222-222@62k-pbc-8d9,-70.949208,42.066871,713940
222-222@62k-pc4-ckf,-70.99009,42.083239,713940
222-222@62k-pcm-d7q,-70.958864,42.02044,713940
222-222@62k-pcp-pn5,-70.991646,42.0041,713940
222-222@62k-pcr-yn5,-70.955818,42.046652,713940
222-222@62k-pd3-cbk,-70.901453,42.108758,713940
222-222@62k-pd3-zzz,-70.875804,42.105795,713940
222-222@62k-pfs-gzf,-71.25554,42.202057,713940
222-222@62k-pgb-gp9,-71.197848,42.17049,713940
222-222@62k-pgp-3wk,-71.328524,42.200372,713940
222-222@62k-pgp-99f,-71.32863,42.192451,713940
222-222@62k-pgp-b6k,-71.331801,42.190307,713940
222-222@62k-phg-5s5,-71.165068,42.226454,713940
222-222@62k-phj-gc5,-71.19643,42.221973,713940
222-222@62k-phv-kj9,-71.154532,42.15933,713940
222-222@62k-phw-n89,-71.187526,42.171464,713940
222-222@62k-pj4-ysq,-71.181273,42.190916,713940
222-222@62k-pjg-gtv,-71.236691,42.280018,713940
222-222@62k-q8v-v4v,-70.950591,41.847939,713940
222-222@62k-q9j-rc5,-70.817678,41.671613,713940
222-222@62k-qqs-bc5,-71.562071,42.237289,713940
222-222@62k-qvc-4n5,-71.480967,42.051247,713940
222-222@62k-r5n-hdv,-71.544141,42.345218,713940
222-222@62k-r76-vfz,-71.491506,42.350326,713940
222-222@62k-r7c-hbk,-71.488228,42.380683,713940
222-222@62k-r7m-x3q,-71.481555,42.299079,713940
222-222@62k-r88-rzf,-71.554434,42.392205,713940
222-222@62k-r8v-52k,-71.460679,42.198122,713940
222-222@62k-r9z-vs5,-71.540611,42.227468,713940
222-222@62k-rbq-9pv,-71.408323,42.212926,713940
222-222@62k-rbq-nbk,-71.41094,42.212253,713940
222-223@62j-ps8-4gk,-70.880694,42.569891,713940
222-223@62j-pt3-52k,-70.969756,42.597096,713940
222-223@62j-ptn-2ff,-70.98552,42.546237,713940
222-223@62j-q5m-xdv,-70.872345,42.884282,713940
222-223@62j-r5s-kj9,-70.856441,42.509872,713940
222-223@62j-r5w-hkf,-70.894569,42.505143,713940
222-223@62j-rcn-cdv,-71.356964,42.8615,713940
222-223@62j-rd7-fvf,-71.296629,42.80456,713940
222-223@62j-rkq-b6k,-71.23762,42.79815,713940
222-223@62j-rkt-tn5,-71.258319,42.808705,713940
222-223@62j-rvn-cyv,-71.190631,42.906252,713940
222-223@62j-sc2-yn5,-71.220443,42.486655,713940
222-223@62j-sc5-45f,-71.249838,42.476936,713940
222-223@62j-scp-r8v,-71.293802,42.47787,713940
222-223@62j-sd5-8jv,-71.274159,42.4076,713940
222-223@62j-sds-5xq,-71.135726,42.501441,713940
222-223@62j-sf6-qpv,-71.136641,42.471646,713940
222-223@62j-sff-8qf,-71.226773,42.492916,713940
222-223@62j-sg8-6c5,-71.12003,42.335271,713940
222-223@62j-sh7-d5f,-71.242483,42.358229,713940
222-223@62j-sh9-wrk,-71.199748,42.365555,713940
222-223@62j-she-mp9,-71.211168,42.313909,713940
222-223@62j-shf-68v,-71.211753,42.366692,713940
222-223@62j-shh-jn5,-71.199715,42.29488,713940
222-223@62j-shz-4n5,-71.061591,42.355729,713940
222-223@62j-shz-4vz,-71.063392,42.35451,713940
222-223@62j-sj5-xbk,-71.039084,42.396098,713940
222-223@62j-sjp-rp9,-71.057894,42.336916,713940
222-223@62j-sjx-rkz,-71.154553,42.363572,713940
222-223@62j-sjy-gtv,-71.150559,42.363628,713940
222-223@62j-sjz-6ff,-71.122717,42.396373,713940
222-223@62j-skp-h3q,-71.42866,42.442584,713940
222-223@62j-snh-q4v,-71.40919,42.473053,713940
222-223@62j-snp-75z,-71.415451,42.513193,713940
222-223@62j-sp3-87q,-71.346738,42.44914,713940
222-223@62j-sq8-389,-71.363766,42.321008,713940
222-223@62j-sqq-kvf,-71.318281,42.304488,713940
222-223@62j-sr5-b6k,-71.388465,42.365507,713940
222-223@62j-sr8-8gk,-71.427432,42.362673,713940
222-223@62j-srj-8y9,-71.395005,42.313044,713940
222-223@62j-srk-6kz,-71.383737,42.30953,713940
222-223@62j-srm-5vf,-71.388665,42.294573,713940
222-223@62j-srw-47q,-71.302186,42.366791,713940
222-223@62j-srz-nnq,-71.248036,42.369727,713940
222-223@62j-sv4-gtv,-71.104486,42.553414,713940
222-223@62j-sv5-qzz,-71.085487,42.540984,713940
222-223@62j-sw2-hdv,-71.158608,42.567271,713940
222-223@62j-sw5-xnq,-71.054944,42.62342,713940
222-223@62j-sx7-c3q,-71.154136,42.64377,713940
222-223@62j-sz6-v9f,-71.067224,42.407605,713940
222-223@62j-szr-pvz,-70.955482,42.477748,713940
222-223@62j-t52-zvf,-71.2522,42.619325,713940
222-223@62j-t5z-mkz,-71.379329,42.63737,713940
222-223@62j-t63-m49,-71.326025,42.663931,713940
222-223@62j-wfn-3nq,-70.832805,42.982509,713940
222-223@62j-wgx-ysq,-70.778092,43.047765,713940
222-223@62j-wkh-575,-71.007893,43.152086,713940
222-223@62j-wpv-ghq,-70.936032,43.053398,713940
222-223@62j-wx5-9pv,-70.763568,43.080173,713940
222-223@62k-26b-2kz,-70.595258,41.88198,713940
222-223@62k-26v-f9f,-70.694968,41.961219,713940
222-223@62k-2g5-hkf,-70.906169,41.881668,713940
222-223@62k-2wg-hqz,-70.746715,42.059692,713940
222-223@62k-2ww-85f,-70.737404,42.01487,713940
222-223@62k-fkd-jy9,-71.447445,42.554256,713940
222-223@62k-nsy-ffz,-71.125327,42.137688,713940
222-223@62k-nwb-cyv,-70.973987,41.968392,713940
222-223@62k-nwb-ghq,-70.973159,41.971798,713940
222-223@62k-nyv-k4v,-71.421996,42.087993,713940
222-223@62k-nz6-z2k,-71.450126,42.100324,713940
222-223@62k-nzs-jvz,-71.280943,42.085036,713940
222-223@62k-p9k-k2k,-71.039303,42.240505,713940
222-223@62k-pbs-m6k,-70.940764,42.015274,713940
222-223@62k-pd8-6zf,-70.814193,42.109479,713940
222-223@62k-pdh-gkz,-70.877476,42.042437,713940
222-223@62k-pf4-8y9,-70.88816,42.120164,713940
222-223@62k-pf5-g49,-70.951678,42.141497,713940
222-223@62k-pf5-gtv,-70.949896,42.137526,713940
222-223@62k-pg8-dgk,-71.239368,42.112745,713940
222-223@62k-pgb-grk,-71.197526,42.169681,713940
222-223@62k-pgp-b6k,-71.331807,42.190314,713940
222-223@62k-phw-n89,-71.187509,42.171442,713940
222-223@62k-phz-sqz,-71.156071,42.200185,713940
222-223@62k-qd5-59f,-70.821248,41.73277,713940
222-223@62k-r7b-g6k,-71.499343,42.349359,713940
222-223@62k-r7z-52k,-71.568409,42.38095,713940
222-223@62k-r99-pvz,-71.426854,42.14134,713940
222-223@62k-rbq-9pv,-71.4083,42.212882,713940
222-223@62k-rc4-xkf,-71.392129,42.159418,713940
222-223@62k-rcf-5s5,-71.456501,42.259114,713940
222-224@62j-pk8-mtv,-70.760825,42.591508,713940
222-224@62j-pqx-djv,-70.913992,42.689242,713940
222-224@62j-qnn-bkz,-70.92336,42.250425,713940
222-224@62j-qnn-d9z,-70.923589,42.247777,713940
222-224@62j-qsq-sqz,-70.868998,42.165372,713940
222-224@62j-qsr-7qz,-70.880295,42.167498,713940
222-224@62j-rgy-nkf,-71.212452,42.70649,713940
222-224@62j-ryn-w6k,-71.106344,42.849917,713940
222-224@62j-sc5-45f,-71.249834,42.476932,713940
222-224@62j-sds-5xq,-71.135499,42.501437,713940
222-224@62j-sf6-qpv,-71.136417,42.471488,713940
222-224@62j-sh9-wrk,-71.199556,42.365507,713940
222-224@62j-shh-jn5,-71.199694,42.294898,713940
222-224@62j-shh-pn5,-71.204356,42.299425,713940
222-224@62j-shx-qmk,-71.078781,42.364159,713940
222-224@62j-shx-snq,-71.070315,42.362758,713940
222-224@62j-shy-xkf,-71.051291,42.345489,713940
222-224@62j-sj4-kj9,-71.075367,42.346633,713940
222-224@62j-sj5-dy9,-71.049987,42.383088,713940
222-224@62j-sr8-8gk,-71.427419,42.362661,713940
222-224@62j-srm-kfz,-71.360104,42.298986,713940
222-224@62j-srm-y7q,-71.378127,42.30397,713940
222-224@62j-ssg-ks5,-71.226075,42.307007,713940
222-224@62j-sth-xqz,-71.111288,42.578903,713940
222-224@62j-stx-sh5,-71.099188,42.519139,713940
222-224@62j-svg-rzf,-71.223078,42.600509,713940
222-224@62j-sxb-89z,-71.108643,42.657039,713940
222-224@62j-t5m-7qz,-71.263171,42.556371,713940
222-224@62j-x3h-r49,-70.902444,43.250502,713940
222-224@62k-26b-2kz,-70.595262,41.882028,713940
222-224@62k-nzs-jvz,-71.280819,42.084954,713940
222-224@62k-p2d-dvz,-71.257265,42.074386,713940
222-224@62k-p8t-xdv,-70.912643,42.234587,713940
222-224@62k-pbb-5pv,-70.909564,42.055563,713940
222-224@62k-r5r-tqf,-71.577525,42.343493,713940
222-224@62k-r94-kxq,-71.429485,42.199893,713940
222-224@62k-rc4-xkf,-71.392148,42.159458,713940
222-225@62j-pk8-mtv,-70.761463,42.591249,713940
222-225@62j-ptg-k9f,-70.969834,42.566825,713940
222-225@62j-qnn-bkz,-70.923637,42.250056,713940
222-225@62j-qsr-n3q,-70.858477,42.159612,713940
222-225@62j-qsz-qvf,-70.848552,42.155874,713940
222-225@62j-rkt-66k,-71.263808,42.805702,713940
222-225@62j-rzp-v9f,-71.157613,42.874193,713940
222-225@62j-sds-5xq,-71.135519,42.501487,713940
222-225@62j-sf6-qpv,-71.136652,42.47164,713940
222-225@62j-sgf-t5f,-71.119096,42.351984,713940
222-225@62j-shr-9zz,-71.180304,42.31902,713940
222-225@62j-shz-3qz,-71.0557,42.355079,713940
222-225@62j-sjz-cyv,-71.134269,42.407579,713940
222-225@62j-sqq-kvf,-71.3183,42.304478,713940
222-225@62j-ssg-ks5,-71.226067,42.307033,713940
222-225@62k-nxd-5mk,-71.033069,42.017035,713940
222-225@62k-p88-c89,-71.109855,42.170487,713940
222-225@62k-r5r-tqf,-71.577503,42.343327,713940
222-226@62j-pst-3qz,-70.88398,42.552346,713940
222-226@62j-qnn-bkz,-70.92335,42.250405,713940
222-226@62j-qsz-qvf,-70.848874,42.156016,713940
222-226@62j-sf6-qpv,-71.136677,42.471642,713940
222-226@62j-sfg-54v,-71.236971,42.508375,713940
222-226@62j-sn7-fj9,-71.485749,42.434684,713940
222-226@62j-ssc-3bk,-71.293154,42.299338,713940
222-226@62j-wgr-fs5,-70.783535,43.034689,713940
222-226@62k-2ww-7h5,-70.729795,42.012417,713940
222-226@62k-pdd-g8v,-70.852246,42.043944,713940
222-226@62k-pj4-y35,-71.183683,42.195535,713940
222-227@62j-pt3-sh5,-70.959095,42.600037,713940
222-227@62j-shy-zs5,-71.05712,42.350308,713940
222-227@62j-sj4-kj9,-71.075358,42.346783,713940
222-227@62j-srg-gkz,-71.432223,42.300634,713940
222-227@62j-szb-s5z,-71.088416,42.404882,713940
222-227@62j-t39-f2k,-71.348576,42.593703,713940
222-227@62k-p99-wkz,-70.967084,42.190539,713940
222-228@62j-qv7-2zf,-70.821796,42.234789,713940
222-228@62j-rkc-dn5,-71.116989,42.71485,713940
222-228@62j-sds-zs5,-71.125824,42.496171,713940
222-228@62j-she-tvz,-71.214148,42.309558,713940
222-228@62j-src-45f,-71.392477,42.298024,713940
222-228@62k-phn-tjv,-71.132044,42.244249,713940
222-229@62j-qsz-qvf,-70.848893,42.156045,713940
222-229@62j-she-tvz,-71.213769,42.309594,713940
222-229@62j-shx-qmk,-71.079598,42.364441,713940
222-229@62j-shz-45f,-71.057387,42.353826,713940
222-229@62j-sn7-fj9,-71.485765,42.434669,713940
222-229@62j-t39-f2k,-71.348563,42.593701,713940
222-229@62k-2wp-qfz,-70.705401,42.091704,713940
222-229@62k-rbn-xt9,-71.432172,42.242636,713940
222-22g@62j-she-tvz,-71.213794,42.309592,713940
223-222@62j-pmw-7qz,-70.696169,42.647838,713940
223-222@62j-pqy-x89,-70.965372,42.712489,713940
223-222@62j-pt3-66k,-70.963373,42.585976,713940
223-222@62j-ptn-5pv,-70.981731,42.545639,713940
223-222@62j-ptn-zxq,-70.963117,42.572081,713940
223-222@62j-ptr-kj9,-70.979466,42.56767,713940
223-222@62j-pvw-4gk,-70.944323,42.634833,713940
223-222@62j-q5g-3nq,-70.894078,42.842493,713940
223-222@62j-q5v-9xq,-70.880368,42.807876,713940
223-222@62j-q5w-5s5,-70.879746,42.788256,713940
223-222@62j-q6w-389,-70.948072,42.842461,713940
223-222@62j-qnm-zmk,-70.913135,42.247707,713940
223-222@62j-qsn-gp9,-70.887582,42.242816,713940
223-222@62j-qv7-5vf,-70.835198,42.24265,713940
223-222@62j-rcn-b6k,-71.354274,42.863632,713940
223-222@62j-rfp-f4v,-71.262171,42.847134,713940
223-222@62j-rg4-yjv,-71.330887,42.892691,713940
223-222@62j-rh6-99f,-71.209084,42.754504,713940
223-222@62j-rjd-5s5,-71.295873,42.672115,713940
223-222@62j-rjd-5xq,-71.293746,42.67243,713940
223-222@62j-rkh-psq,-71.226913,42.779477,713940
223-222@62j-rkp-3h5,-71.2452,42.769968,713940
223-222@62j-rxh-zs5,-71.135971,42.990512,713940
223-222@62j-ryv-cwk,-71.095293,42.855556,713940
223-222@62j-sbs-w8v,-71.23665,42.459513,713940
223-222@62j-scb-975,-71.190328,42.387026,713940
223-222@62j-scb-zpv,-71.249168,42.396774,713940
223-222@62j-scc-ct9,-71.262132,42.398304,713940
223-222@62j-scy-6zf,-71.26588,42.483413,713940
223-222@62j-sdk-6kz,-71.149972,42.481573,713940
223-222@62j-sf2-jy9,-71.192186,42.444154,713940
223-222@62j-sf2-zzz,-71.201425,42.449442,713940
223-222@62j-sf6-8sq,-71.129756,42.466347,713940
223-222@62j-sf6-9fz,-71.136777,42.468789,713940
223-222@62j-sf8-yjv,-71.178823,42.465954,713940
223-222@62j-sff-xh5,-71.224786,42.49852,713940
223-222@62j-sg8-h3q,-71.126883,42.335096,713940
223-222@62j-sgf-wp9,-71.119961,42.342142,713940
223-222@62j-sgg-94v,-71.09932,42.344772,713940
223-222@62j-sgh-9j9,-71.105204,42.337986,713940
223-222@62j-sgn-9j9,-71.114575,42.275241,713940
223-222@62j-sgt-26k,-71.12981,42.245211,713940
223-222@62j-sh3-bc5,-71.202178,42.352915,713940
223-222@62j-sh3-cwk,-71.207252,42.352167,713940
223-222@62j-sh4-rx5,-71.193428,42.330092,713940
223-222@62j-sh9-7nq,-71.18593,42.365474,713940
223-222@62j-sh9-7wk,-71.184339,42.367165,713940
223-222@62j-sh9-vmk,-71.193102,42.365433,713940
223-222@62j-shd-f4v,-71.221201,42.359843,713940
223-222@62j-she-r6k,-71.216997,42.307879,713940
223-222@62j-shf-4vz,-71.209114,42.365128,713940
223-222@62j-sj2-hh5,-71.102315,42.370093,713940
223-222@62j-sj2-pd9,-71.102395,42.36068,713940
223-222@62j-sj2-snq,-71.106702,42.366769,713940
223-222@62j-sj3-q75,-71.075824,42.348636,713940
223-222@62j-sj3-qj9,-71.074491,42.349459,713940
223-222@62j-sj4-p5f,-71.072903,42.349691,713940
223-222@62j-sj5-dy9,-71.050025,42.383188,713940
223-222@62j-sjv-5zz,-71.131055,42.36257,713940
223-222@62j-sjw-7t9,-71.174643,42.381233,713940
223-222@62j-sjy-5pv,-71.162484,42.363659,713940
223-222@62j-sk2-snq,-71.108379,42.382932,713940
223-222@62j-snw-tvz,-71.40872,42.453344,713940
223-222@62j-sq4-dd9,-71.334866,42.314771,713940
223-222@62j-sq4-dgk,-71.334643,42.314124,713940
223-222@62j-sq4-dsq,-71.333503,42.314588,713940
223-222@62j-sr8-9zz,-71.421823,42.364467,713940
223-222@62j-srd-yjv,-71.389256,42.282254,713940
223-222@62j-srg-gkz,-71.432088,42.300797,713940
223-222@62j-srh-7bk,-71.429348,42.276353,713940
223-222@62j-srh-r8v,-71.410138,42.274452,713940
223-222@62j-srs-3kf,-71.271988,42.375955,713940
223-222@62j-srw-4jv,-71.300641,42.367763,713940
223-222@62j-srw-5cq,-71.304445,42.366063,713940
223-222@62j-srz-2tv,-71.258533,42.396774,713940
223-222@62j-ssf-qmk,-71.23727,42.315387,713940
223-222@62j-sss-cyv,-71.361555,42.376524,713940
223-222@62j-svv-jd9,-71.202385,42.561045,713940
223-222@62j-svz-c5z,-71.148669,42.557789,713940
223-222@62j-swp-pd9,-71.072899,42.575066,713940
223-222@62j-swv-vmk,-71.003507,42.580828,713940
223-222@62j-sx8-3yv,-71.1317,42.676022,713940
223-222@62j-sy2-rp9,-71.025343,42.450257,713940
223-222@62j-sy4-2hq,-71.008272,42.472862,713940
223-222@62j-sy9-st9,-71.01374,42.408649,713940
223-222@62j-syc-6c5,-70.987782,42.376542,713940
223-222@62j-syv-d7q,-71.109179,42.481504,713940
223-222@62j-syy-b6k,-71.070327,42.496867,713940
223-222@62j-sz5-kxq,-71.076046,42.419317,713940
223-222@62j-sz5-zfz,-71.089262,42.422381,713940
223-222@62j-sz9-yvz,-71.090422,42.398323,713940
223-222@62j-szc-rff,-71.070201,42.450119,713940
223-222@62j-szc-v75,-71.072325,42.439767,713940
223-222@62j-szd-g49,-71.067915,42.452523,713940
223-222@62j-szf-bzf,-71.057131,42.421108,713940
223-222@62j-szt-sdv,-70.924675,42.4973,713940
223-222@62j-t2k-5xq,-71.045614,42.517612,713940
223-222@62j-t2r-5cq,-71.048247,42.539851,713940
223-222@62j-t39-ghq,-71.349763,42.594693,713940
223-222@62j-t5m-5pv,-71.264138,42.5517,713940
223-222@62j-t63-t35,-71.34296,42.678711,713940
223-222@62j-w8t-syv,-70.924988,43.13235,713940
223-222@62j-wfm-mzf,-70.8363,42.966578,713940
223-222@62j-wns-7wk,-71.076099,43.012608,713940
223-222@62j-x3j-z75,-70.887246,43.239968,713940
223-222@62j-x3k-6zf,-70.881532,43.226794,713940
223-222@62k-26r-sdv,-70.674387,41.965062,713940
223-222@62k-26r-t9z,-70.671861,41.964329,713940
223-222@62k-26s-92k,-70.657118,41.92613,713940
223-222@62k-2bd-zxq,-70.55731,41.823288,713940
223-222@62k-2wf-nnq,-70.690958,42.060824,713940
223-222@62k-2wp-mrk,-70.708223,42.089608,713940
223-222@62k-2ww-835,-70.734805,42.013787,713940
223-222@62k-2xn-nkf,-70.7546,42.027345,713940
223-222@62k-ff4-789,-71.706622,42.667487,713940
223-222@62k-fj9-s3q,-71.599081,42.613095,713940
223-222@62k-fjb-ce5,-71.615219,42.609113,713940
223-222@62k-fjg-sqz,-71.623684,42.55269,713940
223-222@62k-fk6-8d9,-71.471573,42.629323,713940
223-222@62k-nrs-qmk,-71.226633,42.052069,713940
223-222@62k-nt2-pvz,-71.101797,42.122901,713940
223-222@62k-nwb-cyv,-70.97497,41.967884,713940
223-222@62k-nwh-7t9,-70.97095,41.952577,713940
223-222@62k-nyk-d7q,-71.349394,42.016095,713940
223-222@62k-nyq-nbk,-71.309864,42.008795,713940
223-222@62k-p2d-85f,-71.249346,42.065571,713940
223-222@62k-p2f-g8v,-71.25349,42.047508,713940
223-222@62k-p8g-389,-71.112239,42.173506,713940
223-222@62k-p8p-m49,-70.996263,42.243709,713940
223-222@62k-p9d-d7q,-71.038773,42.2549,713940
223-222@62k-p9m-y7q,-71.023962,42.270745,713940
223-222@62k-pb9-tqf,-70.904747,42.053081,713940
223-222@62k-pd6-hwk,-70.844421,42.115983,713940
223-222@62k-pd8-66k,-70.814889,42.111835,713940
223-222@62k-pdj-d35,-70.856055,42.031763,713940
223-222@62k-pdy-cnq,-70.953234,42.105112,713940
223-222@62k-pdz-y9z,-70.917932,42.147643,713940
223-222@62k-pf5-d9z,-70.953694,42.136515,713940
223-222@62k-pg6-wtv,-71.255031,42.131625,713940
223-222@62k-pgq-2zf,-71.323937,42.196965,713940
223-222@62k-phq-djv,-71.17676,42.249452,713940
223-222@62k-phv-kpv,-71.150991,42.159871,713940
223-222@62k-phw-w6k,-71.201483,42.185659,713940
223-222@62k-pjf-c3q,-71.237582,42.273682,713940
223-222@62k-pjg-jsq,-71.235849,42.285746,713940
223-222@62k-qty-mp9,-71.474172,42.08763,713940
223-222@62k-r79-g8v,-71.512236,42.346386,713940
223-222@62k-r94-8n5,-71.426239,42.197291,713940
223-222@62k-r9j-sbk,-71.416325,42.1402,713940
223-222@62k-r9v-djv,-71.538261,42.190018,713940
223-223@62j-ptg-fj9,-70.957845,42.552513,713940
223-223@62j-ptn-45f,-70.986574,42.54417,713940
223-223@62j-qsr-p5f,-70.853688,42.156477,713940
223-223@62j-rd2-435,-71.305599,42.792157,713940
223-223@62j-rhf-jgk,-71.18392,42.650168,713940
223-223@62j-sbz-z9f,-71.213602,42.471647,713940
223-223@62j-scy-6zf,-71.265873,42.483436,713940
223-223@62j-sf4-dn5,-71.181891,42.425034,713940
223-223@62j-sg9-ndv,-71.105556,42.317543,713940
223-223@62j-sgt-26k,-71.129966,42.245109,713940
223-223@62j-sh9-mff,-71.19605,42.368504,713940
223-223@62j-she-r6k,-71.217034,42.307888,713940
223-223@62j-shn-d5f,-71.220468,42.304996,713940
223-223@62j-sj3-35z,-71.081397,42.364349,713940
223-223@62j-sj8-cdv,-71.074117,42.383714,713940
223-223@62j-sp3-mzf,-71.389738,42.460741,713940
223-223@62j-sry-zj9,-71.253553,42.396479,713940
223-223@62j-ss2-h3q,-71.239813,42.376024,713940
223-223@62j-ssg-jqf,-71.223365,42.306653,713940
223-223@62j-svz-c5z,-71.148705,42.557791,713940
223-223@62j-syb-d35,-70.989725,42.401452,713940
223-223@62j-sz5-zfz,-71.089207,42.422579,713940
223-223@62j-szd-g49,-71.067879,42.452498,713940
223-223@62j-t45-qj9,-71.411022,42.615569,713940
223-223@62j-t5m-5pv,-71.264141,42.551665,713940
223-223@62j-wfm-mzf,-70.836292,42.966575,713940
223-223@62j-x2z-8d9,-70.969928,43.291255,713940
223-223@62k-2gp-yd9,-70.715165,41.97185,713940
223-223@62k-nyc-5pv,-71.377212,42.08007,713940
223-223@62k-p74-h89,-71.00307,42.201738,713940
223-223@62k-p9f-tn5,-71.017491,42.234494,713940
223-223@62k-pbb-v2k,-70.908705,42.056887,713940
223-223@62k-phv-btv,-71.161643,42.164681,713940
223-223@62k-pjf-c3q,-71.237582,42.273654,713940
223-223@62k-pjf-h3q,-71.237608,42.278699,713940
223-223@62k-r5k-35z,-71.584968,42.338322,713940
223-223@62k-r94-p9z,-71.428617,42.200379,713940
223-223@62k-r9j-sbk,-71.416909,42.140168,713940
223-223@62k-rbn-z9f,-71.433365,42.242264,713940
223-224@62j-psr-b8v,-70.900727,42.514873,713940
223-224@62j-pt8-bx5,-70.951833,42.639779,713940
223-224@62j-rfq-bp9,-71.250154,42.813839,713940
223-224@62j-rhf-jgk,-71.183925,42.650152,713940
223-224@62j-rjp-f75,-71.151546,42.745252,713940
223-224@62j-rk3-3bk,-71.14677,42.703493,713940
223-224@62j-scy-6zf,-71.265857,42.48344,713940
223-224@62j-sh4-rx5,-71.193411,42.330095,713940
223-224@62j-shx-f2k,-71.057976,42.35934,713940
223-224@62j-sp3-mzf,-71.389736,42.46085,713940
223-224@62j-ss8-pd9,-71.236873,42.292212,713940
223-224@62j-sz5-kxq,-71.076054,42.419247,713940
223-224@62j-sz5-zfz,-71.089206,42.422579,713940
223-224@62j-t2j-cyv,-71.061805,42.508082,713940
223-224@62j-wbv-t7q,-70.795449,43.086732,713940
223-224@62k-nzx-nkf,-71.269527,42.118011,713940
223-224@62k-pd6-q2k,-70.826562,42.127709,713940
223-224@62k-pgp-djv,-71.32393,42.192802,713940
223-224@62k-phq-djv,-71.176781,42.249471,713940
223-224@62k-pjf-h3q,-71.237618,42.278709,713940
223-224@62k-r9k-9vf,-71.412964,42.151659,713940
223-224@62k-rc5-87q,-71.390578,42.157303,713940
223-224@62m-dbh-djv,-71.277802,43.0596,713940
223-225@62j-ptg-fj9,-70.958015,42.552409,713940
223-225@62j-sfd-yd9,-71.230398,42.501479,713940
223-225@62j-sg9-ndv,-71.105569,42.31755,713940
223-225@62j-sgg-xqz,-71.091979,42.332778,713940
223-225@62j-shx-f2k,-71.057993,42.359362,713940
223-225@62k-2mt-yy9,-70.750519,41.837912,713940
223-225@62k-nyq-575,-71.305562,42.013393,713940
223-225@62k-p74-h89,-71.003071,42.201558,713940
223-226@62j-scy-6zf,-71.265865,42.483399,713940
223-227@62j-sh3-bc5,-71.202178,42.352933,713940
223-227@62k-2xj-fvf,-70.80457,42.103958,713940
223-227@62k-pd6-q2k,-70.826645,42.127824,713940
223-22b@62j-sh4-rx5,-71.193487,42.330063,713940
223-22f@62j-szb-qvf,-71.083838,42.405692,713940
224-222@62j-prf-c5z,-71.064116,42.776726,713940
224-222@62j-ptg-45f,-70.971368,42.554867,713940
224-222@62j-ptr-pqf,-70.975211,42.568128,713940
224-222@62j-pts-8gk,-70.968013,42.580293,713940
224-222@62j-qsn-jjv,-70.889897,42.241187,713940
224-222@62j-qv5-68v,-70.857167,42.254161,713940
224-222@62j-r5n-y9z,-70.919216,42.477081,713940
224-222@62j-rh5-5mk,-71.208159,42.749848,713940
224-222@62j-rhk-y35,-71.185487,42.683828,713940
224-222@62j-rkb-psq,-71.132124,42.706947,713940
224-222@62j-rsx-kpv,-71.356454,42.681399,713940
224-222@62j-rz7-r49,-71.096499,42.817001,713940
224-222@62j-sbv-pqf,-71.22696,42.446988,713940
224-222@62j-sbz-zcq,-71.213152,42.470655,713940
224-222@62j-sc8-8vz,-71.2304,42.410251,713940
224-222@62j-sc9-xh5,-71.205739,42.383035,713940
224-222@62j-sck-6hq,-71.242814,42.429514,713940
224-222@62j-scw-p5f,-71.285324,42.494214,713940
224-222@62j-sdr-rhq,-71.158132,42.526068,713940
224-222@62j-sdz-b8v,-71.134249,42.416305,713940
224-222@62j-sf6-9fz,-71.137181,42.469137,713940
224-222@62j-sfp-pd9,-71.263201,42.52788,713940
224-222@62j-sgg-9mk,-71.104978,42.347079,713940
224-222@62j-sgp-gzf,-71.115462,42.28091,713940
224-222@62j-sgt-789,-71.142122,42.255121,713940
224-222@62j-sh4-435,-71.192381,42.355651,713940
224-222@62j-sh9-rzf,-71.195784,42.363587,713940
224-222@62j-sh9-vzz,-71.194619,42.363837,713940
224-222@62j-shd-8y9,-71.221286,42.367395,713940
224-222@62j-shm-wrk,-71.212975,42.299818,713940
224-222@62j-shx-g49,-71.064527,42.364982,713940
224-222@62j-shz-6kz,-71.056286,42.342626,713940
224-222@62j-shz-snq,-71.053841,42.354772,713940
224-222@62j-sj2-syv,-71.10552,42.367572,713940
224-222@62j-sj3-5fz,-71.079098,42.366543,713940
224-222@62j-sj4-dsq,-71.07275,42.351999,713940
224-222@62j-sj4-ks5,-71.074772,42.348517,713940
224-222@62j-sjp-3yv,-71.066612,42.328279,713940
224-222@62j-sjq-5fz,-71.067344,42.340708,713940
224-222@62j-sk2-st9,-71.110646,42.383623,713940
224-222@62j-smh-skf,-71.514811,42.481595,713940
224-222@62j-sn5-tqf,-71.496284,42.449831,713940
224-222@62j-spj-c5z,-71.465538,42.542374,713940
224-222@62j-sq4-47q,-71.325214,42.30488,713940
224-222@62j-sq8-3t9,-71.364076,42.316996,713940
224-222@62j-sr4-wx5,-71.415692,42.360883,713940
224-222@62j-sr7-jy9,-71.428333,42.35935,713940
224-222@62j-sry-h5z,-71.264706,42.383662,713940
224-222@62j-ss9-jvz,-71.312353,42.312805,713940
224-222@62j-ssg-n3q,-71.219979,42.310311,713940
224-222@62j-stx-z9f,-71.104147,42.515267,713940
224-222@62j-sv7-8qf,-71.137757,42.559613,713940
224-222@62j-svr-3qz,-71.176398,42.549912,713940
224-222@62j-svt-fpv,-71.173646,42.546947,713940
224-222@62j-sxb-6tv,-71.10723,42.660743,713940
224-222@62j-sy6-nqz,-71.025428,42.472286,713940
224-222@62j-syb-hnq,-70.992249,42.407857,713940
224-222@62j-sys-66k,-71.06958,42.455156,713940
224-222@62j-syv-mc5,-71.127694,42.493174,713940
224-222@62j-sz8-vvf,-71.116372,42.416455,713940
224-222@62j-szf-59f,-71.058649,42.428185,713940
224-222@62j-t3j-swk,-71.306612,42.58812,713940
224-222@62j-wbw-hh5,-70.800111,43.082169,713940
224-222@62j-wc8-sh5,-70.915434,43.187796,713940
224-222@62j-wfm-6hq,-70.834268,42.965629,713940
224-222@62j-wgs-sh5,-70.819925,43.042586,713940
224-222@62k-26v-9vf,-70.697217,41.960936,713940
224-222@62k-2j9-d35,-70.740677,41.780937,713940
224-222@62k-2jp-fmk,-70.729334,41.75943,713940
224-222@62k-2xs-p35,-70.791148,42.017089,713940
224-222@62k-fkd-789,-71.474511,42.552748,713940
224-222@62k-fks-x5z,-71.565711,42.637558,713940
224-222@62k-nr8-tgk,-71.205115,42.106821,713940
224-222@62k-nsz-5j9,-71.124404,42.137003,713940
224-222@62k-nxd-jjv,-71.014712,42.017282,713940
224-222@62k-nys-5vf,-71.353056,42.023981,713940
224-222@62k-nyw-2hq,-71.431995,42.080187,713940
224-222@62k-p2c-9s5,-71.251619,42.065324,713940
224-222@62k-p2k-rc5,-71.375533,42.127868,713940
224-222@62k-p6v-v75,-71.024739,42.205852,713940
224-222@62k-pf4-8y9,-70.888166,42.12012,713940
224-222@62k-pfy-68v,-71.198979,42.196752,713940
224-222@62k-phc-hqz,-71.174798,42.234925,713940
224-222@62k-pht-xqz,-71.14354,42.15989,713940
224-222@62k-phw-mc5,-71.191665,42.171975,713940
224-222@62k-pjf-guv,-71.238505,42.27619,713940
224-222@62k-r99-nqz,-71.431106,42.139161,713940
224-222@62m-dt6-5zz,-71.157329,43.198783,713940
224-222@62m-jg4-99f,-71.065303,43.390004,713940
224-223@62j-rsx-kpv,-71.356445,42.681372,713940
224-223@62j-sck-sh5,-71.225523,42.424499,713940
224-223@62j-sgf-wp9,-71.119415,42.342305,713940
224-223@62j-sgp-gzf,-71.115218,42.281118,713940
224-223@62j-sgz-cwk,-71.128215,42.301587,713940
224-223@62j-sh7-89z,-71.222397,42.349447,713940
224-223@62j-sh9-rzf,-71.19576,42.363582,713940
224-223@62j-she-qxq,-71.217669,42.306242,713940
224-223@62j-shz-6kz,-71.056325,42.342612,713940
224-223@62j-srg-g6k,-71.434259,42.300564,713940
224-223@62j-srw-5vf,-71.304818,42.366617,713940
224-223@62j-ssp-k2k,-71.332817,42.361864,713940
224-223@62j-sys-66k,-71.069676,42.455129,713940
224-223@62j-wgx-vs5,-70.778485,43.042487,713940
224-223@62k-2xd-4vz,-70.780877,42.074824,713940
224-223@62k-3yj-85f,-70.644064,41.755592,713940
224-223@62k-p72-qcq,-71.003821,42.220822,713940
224-223@62k-p94-ygk,-70.955678,42.161311,713940
224-223@62k-pcp-t7q,-70.995708,42.005967,713940
224-223@62k-pd8-b6k,-70.816633,42.113282,713940
224-223@62k-pht-xqz,-71.143541,42.159888,713940
224-224@62j-ppv-4n5,-71.074347,42.770507,713940
224-224@62j-q5h-94v,-70.929148,42.856851,713940
224-224@62j-sf4-djv,-71.181336,42.425659,713940
224-224@62j-sjr-z75,-71.140388,42.387908,713940
224-224@62j-sq6-wrk,-71.359813,42.31295,713940
224-224@62k-p2d-wrk,-71.241166,42.052405,713940
224-224@62k-p94-ygk,-70.955749,42.161318,713940
224-224@62k-pd8-b6k,-70.816758,42.113288,713940
224-224@62k-phd-qcq,-71.174781,42.248864,713940
224-224@62k-q8q-6zf,-70.949618,41.853594,713940
224-225@62j-sgt-q4v,-71.118841,42.252626,713940
224-225@62j-sq6-wrk,-71.359817,42.312953,713940
224-225@62j-syb-hnq,-70.992247,42.408186,713940
224-225@62j-szf-59f,-71.058091,42.428166,713940
224-225@62k-26s-9cq,-70.655826,41.927319,713940
224-226@62j-qtt-4qf,-70.725082,42.194242,713940
224-226@62j-sq6-wrk,-71.359788,42.312946,713940
224-226@62k-pjg-hbk,-71.23576,42.281454,713940
224-227@62j-shx-bc5,-71.060867,42.35846,713940
224-22c@62j-sgz-cwk,-71.128202,42.301581,713940
225-222@62j-pjk-8n5,-70.660537,42.618155,713940
225-222@62j-pjk-h3q,-70.663232,42.611233,713940
225-222@62j-ptm-gtv,-70.990984,42.534285,713940
225-222@62j-ptn-2hq,-70.983198,42.547084,713940
225-222@62j-ptq-92k,-70.94856,42.560315,713940
225-222@62j-qrn-yn5,-70.785437,42.218927,713940
225-222@62j-qv3-4y9,-70.803079,42.240947,713940
225-222@62j-rcv-g6k,-71.336128,42.871436,713940
225-222@62j-rd2-6hq,-71.308121,42.790583,713940
225-222@62j-rg4-vxq,-71.333568,42.88964,713940
225-222@62j-rkt-6kz,-71.262623,42.80517,713940
225-222@62j-ryq-6x5,-71.137527,42.854859,713940
225-222@62j-s2s-9pv,-71.015507,42.829976,713940
225-222@62j-sc2-8n5,-71.22409,42.48796,713940
225-222@62j-scd-qmk,-71.240958,42.389221,713940
225-222@62j-sdz-5cq,-71.134622,42.425551,713940
225-222@62j-sgb-y7q,-71.168983,42.322763,713940
225-222@62j-sgj-cdv,-71.145631,42.35104,713940
225-222@62j-sgk-45f,-71.139361,42.355439,713940
225-222@62j-sgs-ty9,-71.133031,42.25267,713940
225-222@62j-sgx-9zz,-71.09057,42.269944,713940
225-222@62j-sh5-vs5,-71.190612,42.335731,713940
225-222@62j-sh6-pn5,-71.245043,42.354526,713940
225-222@62j-sh7-5vf,-71.221839,42.346513,713940
225-222@62j-sh8-bx5,-71.232801,42.323899,713940
225-222@62j-sh8-w49,-71.224692,42.340599,713940
225-222@62j-she-mzf,-71.210079,42.315209,713940
225-222@62j-shz-2ff,-71.062936,42.353108,713940
225-222@62j-sj2-bzf,-71.095557,42.360904,713940
225-222@62j-sj3-b49,-71.094882,42.378307,713940
225-222@62j-sj9-7bk,-71.079071,42.391552,713940
225-222@62j-sjk-hdv,-71.042033,42.337282,713940
225-222@62j-sjp-gzf,-71.07241,42.337606,713940
225-222@62j-sjs-6x5,-71.13923,42.380914,713940
225-222@62j-sjs-d5f,-71.152447,42.391723,713940
225-222@62j-sjw-jy9,-71.181587,42.383444,713940
225-222@62j-sjz-jqf,-71.132566,42.39894,713940
225-222@62j-skm-xh5,-71.455498,42.461423,713940
225-222@62j-snw-sh5,-71.404688,42.455361,713940
225-222@62j-sq4-cdv,-71.340442,42.312994,713940
225-222@62j-sqh-9pv,-71.316954,42.272755,713940
225-222@62j-sqy-3bk,-71.400747,42.323741,713940
225-222@62j-srb-hh5,-71.405261,42.282959,713940
225-222@62j-srw-4jv,-71.301515,42.366994,713940
225-222@62j-ss8-pd9,-71.23664,42.291971,713940
225-222@62j-svw-td9,-71.206862,42.533067,713940
225-222@62j-t46-5vf,-71.421866,42.624995,713940
225-222@62j-t4s-6x5,-71.39692,42.579029,713940
225-222@62j-w8t-qpv,-70.924934,43.133568,713940
225-222@62j-wfd-t5f,-70.83542,42.962183,713940
225-222@62j-wmd-xh5,-71.149633,43.192524,713940
225-222@62j-wx5-9pv,-70.763599,43.080218,713940
225-222@62k-273-qxq,-70.693999,41.981023,713940
225-222@62k-2bf-575,-70.552919,41.818302,713940
225-222@62k-2ww-7h5,-70.730327,42.011858,713940
225-222@62k-2z3-gkz,-70.745097,42.106582,713940
225-222@62k-fkd-7dv,-71.475258,42.553074,713940
225-222@62k-p6x-pgk,-71.057419,42.199509,713940
225-222@62k-p8n-v2k,-71.003357,42.237875,713940
225-222@62k-p9d-skf,-71.041797,42.257443,713940
225-222@62k-p9p-2c5,-71.003534,42.245243,713940
225-222@62k-pd8-6zf,-70.813975,42.110172,713940
225-222@62k-pd8-m49,-70.830569,42.114992,713940
225-222@62k-pfv-rc5,-71.225162,42.21812,713940
225-222@62k-pfx-hdv,-71.201476,42.192774,713940
225-222@62k-pgb-n89,-71.200463,42.156699,713940
225-222@62k-ph5-xqz,-71.30101,42.182143,713940
225-222@62k-phc-hqz,-71.174892,42.234832,713940
225-222@62k-phd-n89,-71.173308,42.243194,713940
225-222@62k-phv-3dv,-71.146151,42.164115,713940
225-222@62k-phw-nh5,-71.194664,42.17169,713940
225-222@62k-phx-3dv,-71.200196,42.17771,713940
225-222@62k-r5r-qxq,-71.58241,42.340053,713940
225-222@62k-rbn-yy9,-71.435006,42.242042,713940
225-223@62j-q5t-dd9,-70.884023,42.796057,713940
225-223@62j-qnn-3nq,-70.906389,42.249892,713940
225-223@62j-qsv-b8v,-70.910755,42.15276,713940
225-223@62j-sgg-fpv,-71.114805,42.358504,713940
225-223@62j-sh9-s3q,-71.197092,42.364984,713940
225-223@62j-shx-575,-71.061406,42.365029,713940
225-223@62j-sjk-hdv,-71.041911,42.337374,713940
225-223@62j-sqs-w49,-71.351015,42.288114,713940
225-223@62j-sqt-bc5,-71.33682,42.286699,713940
225-223@62j-srh-mff,-71.416178,42.28107,713940
225-223@62j-srj-t7q,-71.402617,42.304832,713940
225-223@62j-svh-9cq,-71.207344,42.592649,713940
225-223@62j-t64-brk,-71.317812,42.640777,713940
225-223@62k-27c-vpv,-70.655656,41.921515,713940
225-223@62k-p9m-p5f,-71.028832,42.273387,713940
225-223@62k-r5p-47q,-71.530903,42.347001,713940
225-224@62j-qsv-b8v,-70.910974,42.152595,713940
225-224@62j-sh6-fvf,-71.236771,42.341702,713940
225-224@62j-sjk-hdv,-71.04204,42.337288,713940
225-224@62j-svh-9cq,-71.207185,42.592637,713940
225-224@62j-sx2-r8v,-71.137112,42.656858,713940
225-224@62j-sz2-r6k,-71.124614,42.503639,713940
225-224@62j-wgx-nt9,-70.774269,43.048566,713940
225-224@62k-p9d-skf,-71.041824,42.257425,713940
225-224@62k-p9m-p5f,-71.028725,42.273397,713940
225-224@62k-phk-hkf,-71.166108,42.256794,713940
225-225@62k-26s-8qf,-70.657328,41.92954,713940
225-226@62j-svh-9cq,-71.207331,42.592625,713940
225-227@62j-svh-9cq,-71.207994,42.592356,713940
225-228@62j-ss9-b8v,-71.292485,42.300137,713940
226-222@62j-ptk-4gk,-71.002028,42.552984,713940
226-222@62j-q65-ht9,-70.904528,42.821198,713940
226-222@62j-qtq-mrk,-70.745645,42.176629,713940
226-222@62j-r5r-f9f,-70.857138,42.502453,713940
226-222@62j-rcv-g6k,-71.33628,42.871573,713940
226-222@62j-rkh-mtv,-71.234132,42.792556,713940
226-222@62j-rkh-mzf,-71.235116,42.793577,713940
226-222@62j-rz2-wc5,-71.085985,42.775331,713940
226-222@62j-rz4-zs5,-71.117691,42.808358,713940
226-222@62j-sbw-6hq,-71.203985,42.450852,713940
226-222@62j-sbz-zcq,-71.213153,42.470637,713940
226-222@62j-sc2-8qf,-71.224519,42.486914,713940
226-222@62j-sc5-5j9,-71.260606,42.483988,713940
226-222@62j-scx-x5z,-71.270644,42.488596,713940
226-222@62j-sfq-g8v,-71.249426,42.53959,713940
226-222@62j-sgf-jgk,-71.105453,42.338488,713940
226-222@62j-sgf-t5f,-71.119607,42.35204,713940
226-222@62j-sgh-9zz,-71.100927,42.334329,713940
226-222@62j-sgj-ht9,-71.138956,42.340067,713940
226-222@62j-sgj-pvz,-71.150768,42.349996,713940
226-222@62j-sgx-qj9,-71.06776,42.268848,713940
226-222@62j-sh9-btv,-71.190355,42.3717,713940
226-222@62j-sh9-vzz,-71.19423,42.363971,713940
226-222@62j-she-j35,-71.213187,42.311264,713940
226-222@62j-shm-p35,-71.233676,42.298555,713940
226-222@62j-shn-zzz,-71.21525,42.276232,713940
226-222@62j-shv-49z,-71.198063,42.309199,713940
226-222@62j-shx-jjv,-71.078995,42.372528,713940
226-222@62j-shz-33q,-71.061379,42.350248,713940
226-222@62j-sj3-mtv,-71.076973,42.348282,713940
226-222@62j-sjw-b8v,-71.170568,42.382677,713940
226-222@62j-sjx-hkf,-71.152865,42.367231,713940
226-222@62j-sk3-hdv,-71.09759,42.389335,713940
226-222@62j-snp-swk,-71.404494,42.52372,713940
226-222@62j-sr5-99f,-71.393961,42.362658,713940
226-222@62j-srs-26k,-71.267721,42.377682,713940
226-222@62j-ss8-87q,-71.262219,42.284323,713940
226-222@62j-ss9-bzf,-71.301404,42.304574,713940
226-222@62j-sw7-bzf,-71.044845,42.616939,713940
226-222@62j-syd-vxq,-71.043345,42.412468,713940
226-222@62j-syw-zzz,-71.11588,42.472495,713940
226-222@62j-syx-vfz,-71.088148,42.506496,713940
226-222@62j-sz6-8vz,-71.066192,42.419516,713940
226-222@62j-szb-9mk,-71.107855,42.412132,713940
226-222@62j-t22-pgk,-70.922731,42.424648,713940
226-222@62j-t2c-7t9,-70.943376,42.463377,713940
226-222@62j-t2f-t7q,-71.033047,42.515431,713940
226-222@62j-t3h-pjv,-71.334035,42.609651,713940
226-222@62j-t3n-5mk,-71.360668,42.623105,713940
226-222@62j-t4s-zfz,-71.391102,42.582013,713940
226-222@62j-t63-kvf,-71.324047,42.664723,713940
226-222@62j-wch-975,-70.874142,43.201785,713940
226-222@62j-wcj-vmk,-70.874012,43.191169,713940
226-222@62j-wdf-rtv,-70.806614,43.007085,713940
226-222@62k-285-4y9,-70.546198,41.923355,713940
226-222@62k-2wk-bc5,-70.700865,42.08852,713940
226-222@62k-2xf-7dv,-70.773627,42.11125,713940
226-222@62k-fjq-q4v,-71.585109,42.559743,713940
226-222@62k-nr8-vs5,-71.198087,42.108795,713940
226-222@62k-nrc-k9f,-71.220163,42.093593,713940
226-222@62k-ny9-nnq,-71.330642,42.062319,713940
226-222@62k-nyq-pgk,-71.307348,42.007346,713940
226-222@62k-nyz-j5f,-71.446741,42.084907,713940
226-222@62k-p7j-gc5,-70.984242,42.14398,713940
226-222@62k-p94-7t9,-70.968993,42.189285,713940
226-222@62k-pcs-vvf,-70.960117,42.030925,713940
226-222@62k-phf-d7q,-71.168194,42.218387,713940
226-222@62k-pjg-7dv,-71.2219,42.280223,713940
226-222@62k-r5k-dy9,-71.590155,42.338572,713940
226-222@62k-r5n-jgk,-71.556492,42.350713,713940
226-223@62j-qnz-tn5,-71.029362,42.344421,713940
226-223@62j-sf3-zfz,-71.173029,42.42544,713940
226-223@62j-sf6-8sq,-71.129754,42.46649,713940
226-223@62j-sfq-g8v,-71.249424,42.539598,713940
226-223@62j-sgj-jjv,-71.145838,42.341292,713940
226-223@62j-sgx-qfz,-71.067449,42.269851,713940
226-223@62j-shc-qj9,-71.159546,42.348686,713940
226-223@62j-sj3-mtv,-71.07697,42.348314,713940
226-223@62j-sjd-zj9,-71.048763,42.295368,713940
226-223@62j-sjf-5cq,-71.040184,42.285238,713940
226-223@62j-sr5-99f,-71.393999,42.362666,713940
226-223@62j-srs-26k,-71.267734,42.377678,713940
226-223@62j-ss6-j5f,-71.273831,42.313443,713940
226-223@62j-sz5-k4v,-71.078258,42.413373,713940
226-223@62j-t2q-qxq,-70.998917,42.524718,713940
226-223@62j-t63-kvf,-71.324081,42.664708,713940
226-224@62j-sgx-qfz,-71.067457,42.269881,713940
226-224@62j-syq-v9f,-71.099096,42.483578,713940
226-224@62k-rcf-mkz,-71.466574,42.262585,713940
226-225@62j-sjv-bp9,-71.11644,42.377025,713940
226-225@62j-sr4-tqf,-71.414062,42.361804,713940
226-227@62j-wgw-v4v,-70.773991,43.068196,713940
227-222@62j-pp2-5cq,-70.991418,42.721564,713940
227-222@62j-qsr-n3q,-70.859001,42.159618,713940
227-222@62j-qsv-jsq,-70.885898,42.166371,713940
227-222@62j-r5p-66k,-70.899022,42.4855,713940
227-222@62j-rkb-xh5,-71.124718,42.701999,713940
227-222@62j-sc5-5fz,-71.260857,42.484641,713940
227-222@62j-scd-8n5,-71.232815,42.385209,713940
227-222@62j-sf4-nwk,-71.17622,42.42394,713940
227-222@62j-sg7-r8v,-71.137234,42.331765,713940
227-222@62j-sgg-t5f,-71.097749,42.332133,713940
227-222@62j-sh5-d9z,-71.195899,42.329903,713940
227-222@62j-sh9-f2k,-71.18485,42.357743,713940
227-222@62j-shm-wrk,-71.21296,42.299764,713940
227-222@62j-shy-pvz,-71.046705,42.352834,713940
227-222@62j-shz-6zf,-71.054547,42.341366,713940
227-222@62j-sj5-xdv,-71.038947,42.395079,713940
227-222@62j-sj8-nnq,-71.086332,42.378542,713940
227-222@62j-sj8-q75,-71.08866,42.380943,713940
227-222@62j-sjs-3yv,-71.139916,42.391109,713940
227-222@62j-sk3-9fz,-71.101978,42.389926,713940
227-222@62j-skq-52k,-71.423163,42.448728,713940
227-222@62j-sky-ht9,-71.471304,42.476235,713940
227-222@62j-snz-jn5,-71.351648,42.459399,713940
227-222@62j-src-dd9,-71.404843,42.29792,713940
227-222@62j-srz-rff,-71.2473,42.372641,713940
227-222@62j-ssf-wp9,-71.229188,42.305306,713940
227-222@62j-sss-5mk,-71.388503,42.363506,713940
227-222@62j-swt-nkf,-71.014928,42.595405,713940
227-222@62j-sz8-bzf,-71.115798,42.424962,713940
227-222@62j-t3h-vvf,-71.317761,42.621689,713940
227-222@62j-t4n-vzz,-71.436124,42.557343,713940
227-222@62j-t54-3yv,-71.305876,42.626181,713940
227-222@62j-wch-68v,-70.87794,43.19866,713940
227-222@62j-wfd-v9f,-70.833307,42.960444,713940
227-222@62k-2fc-p9z,-70.777694,41.894991,713940
227-222@62k-2xf-5cq,-70.771354,42.104409,713940
227-222@62k-fjr-ct9,-71.578056,42.557477,713940
227-222@62k-ns7-q4v,-71.094094,42.129937,713940
227-222@62k-nwb-dqf,-70.973855,41.96737,713940
227-222@62k-nyr-p35,-71.346433,42.022794,713940
227-222@62k-p2d-d5f,-71.257878,42.074694,713940
227-222@62k-p74-jn5,-71.005412,42.203493,713940
227-222@62k-pfy-4qf,-71.197502,42.197226,713940
227-222@62k-phj-3qz,-71.188655,42.218448,713940
227-222@62k-phv-6rk,-71.146849,42.152812,713940
227-222@62k-r5k-f2k,-71.589318,42.337758,713940
227-222@62k-r99-jd9,-71.42365,42.148567,713940
227-222@62k-r9x-75z,-71.524764,42.227158,713940
227-223@62j-ptr-26k,-70.935868,42.564978,713940
227-223@62j-r5p-66k,-70.898887,42.485494,713940
227-223@62j-sgy-kpv,-71.126227,42.288514,713940
227-223@62j-sh9-7yv,-71.183856,42.365773,713940
227-223@62j-shk-gkz,-71.170345,42.281083,713940
227-223@62j-sj9-3t9,-71.070641,42.383998,713940
227-223@62j-skq-52k,-71.423172,42.448744,713940
227-223@62j-srk-d35,-71.397422,42.318781,713940
227-223@62j-t4s-zmk,-71.388307,42.581921,713940
227-224@62j-ssc-28v,-71.295359,42.296053,713940
227-224@62k-p9d-ch5,-71.03943,42.255837,713940
227-224@62k-phd-qvf,-71.171204,42.246482,713940
228-222@62j-pss-ygk,-70.888049,42.557586,713940
228-222@62j-pt8-bhq,-70.951375,42.637312,713940
228-222@62j-rk9-y35,-71.138932,42.731781,713940
228-222@62j-sc9-kpv,-71.202547,42.383465,713940
228-222@62j-sgk-4d9,-71.135591,42.354955,713940
228-222@62j-sh3-cwk,-71.207254,42.352167,713940
228-222@62j-sh3-v75,-71.217139,42.345907,713940
228-222@62j-sh4-fvf,-71.20443,42.361191,713940
228-222@62j-shn-5xq,-71.213344,42.288865,713940
228-222@62j-sj3-r49,-71.08042,42.35356,713940
228-222@62j-sk3-ghq,-71.102328,42.38185,713940
228-222@62j-skn-jvz,-71.454028,42.456612,713940
228-222@62j-snz-n89,-71.348594,42.461543,713940
228-222@62j-spj-qxq,-71.475792,42.5455,713940
228-222@62j-ss2-gff,-71.244499,42.371015,713940
228-222@62j-svz-c5z,-71.148342,42.557983,713940
228-222@62j-swz-snq,-71.131606,42.642854,713940
228-222@62j-sx2-sh5,-71.140644,42.657737,713940
228-222@62j-sx7-vj9,-71.115472,42.666206,713940
228-222@62j-sy9-x89,-71.006942,42.408973,713940
228-222@62j-sz5-k4v,-71.078317,42.413379,713940
228-222@62j-szw-m49,-70.975902,42.519482,713940
228-222@62j-t2f-snq,-71.035399,42.516918,713940
228-222@62j-t3m-6rk,-71.347866,42.602545,713940
228-222@62j-wch-9mk,-70.873527,43.197552,713940
228-222@62j-wfd-v9f,-70.833063,42.960563,713940
228-222@62j-wgw-vfz,-70.772379,43.069519,713940
228-222@62j-wqd-5pv,-70.94049,42.982518,713940
228-222@62k-2wk-99f,-70.701819,42.088779,713940
228-222@62k-2xd-swk,-70.766502,42.105206,713940
228-222@62k-fkh-z75,-71.46362,42.593866,713940
228-222@62k-nwh-5xq,-70.970397,41.961699,713940
228-222@62k-nws-k2k,-70.932431,41.891802,713940
228-222@62k-nzw-mtv,-71.296647,42.090654,713940
228-222@62k-p8k-975,-70.945439,42.242849,713940
228-222@62k-pfx-7kf,-71.204833,42.198624,713940
228-222@62k-r5k-6p9,-71.57987,42.324222,713940
228-223@62j-psn-gzf,-70.887609,42.518199,713940
228-223@62j-rgz-87q,-71.216064,42.702712,713940
228-223@62j-wqd-5pv,-70.94061,42.982586,713940
228-223@62k-nsv-7nq,-71.179867,42.121024,713940
228-223@62k-phx-35z,-71.198424,42.177832,713940
228-224@62j-q76-m49,-70.81901,42.887742,713940
228-224@62j-sh4-fvf,-71.204424,42.361165,713940
228-224@62k-p9h-v75,-71.077158,42.251324,713940
228-225@62j-sc3-rff,-71.208389,42.468902,713940
228-225@62j-sj2-k4v,-71.104304,42.374723,713940
228-226@62j-sj2-k4v,-71.104323,42.374746,713940
228-227@62j-rh7-p5f,-71.196252,42.736143,713940
228-227@62j-sj2-k4v,-71.104202,42.37453,713940
228-228@62k-pd8-6x5,-70.811858,42.108451,713940
228-22b@62j-rh7-p5f,-71.196233,42.736312,713940
229-222@62j-pkj-ch5,-70.771039,42.628523,713940
229-222@62j-q5t-z75,-70.873134,42.811912,713940
229-222@62j-qsn-wc5,-70.902759,42.246086,713940
229-222@62j-r5n-y35,-70.919628,42.475987,713940
229-222@62j-rg4-py9,-71.331635,42.896633,713940
229-222@62j-rh5-vcq,-71.20724,42.752734,713940
229-222@62j-s2y-nyv,-71.001923,42.833734,713940
229-222@62j-s39-p9z,-71.144412,42.893062,713940
229-222@62j-sdp-6p9,-71.1819,42.48333,713940
229-222@62j-sgg-8d9,-71.099385,42.346046,713940
229-222@62j-sgy-kpv,-71.126406,42.287703,713940
229-222@62j-sh3-bhq,-71.202444,42.352892,713940
229-222@62j-shd-yvz,-71.216508,42.374334,713940
229-222@62j-shx-9zz,-71.060901,42.361595,713940
229-222@62j-shy-8sq,-71.063666,42.375286,713940
229-222@62j-sj2-hh5,-71.102064,42.369975,713940
229-222@62j-sj3-q4v,-71.076307,42.350691,713940
229-222@62j-sjj-b8v,-71.055802,42.297919,713940
229-222@62j-skn-jvz,-71.453989,42.456618,713940
229-222@62j-snz-jgk,-71.348942,42.459047,713940
229-222@62j-ss8-p35,-71.237207,42.290772,713940
229-222@62j-stx-rff,-71.102703,42.522727,713940
229-222@62j-sy2-9j9,-71.033596,42.437949,713940
229-222@62j-sys-vs5,-71.067593,42.457085,713940
229-222@62j-t2r-kj9,-71.050817,42.539707,713940
229-222@62j-wch-6rk,-70.873345,43.195294,713940
229-222@62j-wgv-syv,-70.776738,43.064849,713940
229-222@62k-2wz-fxq,-70.684743,42.023289,713940
229-222@62k-nrm-hdv,-71.233733,42.037596,713940
229-222@62k-nsb-ct9,-71.059592,42.051553,713940
229-222@62k-nyv-mp9,-71.424953,42.089819,713940
229-222@62k-p8n-s89,-71.003171,42.240832,713940
229-222@62k-p9d-h3q,-71.033248,42.246772,713940
229-222@62k-p9p-rx5,-70.996394,42.249725,713940
229-222@62k-pd8-b6k,-70.81677,42.113251,713940
229-222@62k-pgb-g6k,-71.199042,42.165692,713940
229-222@62k-phm-3wk,-71.1727,42.24857,713940
229-222@62k-r9j-gc5,-71.407317,42.137741,713940
229-223@62j-ps7-wc5,-70.884689,42.581945,713940
229-223@62j-q5t-z75,-70.873153,42.811915,713940
229-223@62j-r5n-y35,-70.920182,42.475859,713940
229-223@62j-rg4-py9,-71.331651,42.896629,713940
229-223@62j-rrh-xh5,-71.441244,42.697775,713940
229-223@62j-sf6-8n5,-71.129169,42.4659,713940
229-223@62j-sf6-bff,-71.133153,42.466575,713940
229-223@62j-shx-pvz,-71.070629,42.359924,713940
229-223@62k-p8n-s89,-71.003174,42.240856,713940
229-223@62k-p8v-y9z,-70.982814,42.248489,713940
229-224@62j-sj3-q4v,-71.076296,42.350706,713940
229-225@62j-sj3-q4v,-71.076277,42.350675,713940
22b-222@62j-r5s-kj9,-70.856435,42.509891,713940
22b-222@62j-sbs-zxq,-71.22753,42.452416,713940
22b-222@62j-sbz-xkf,-71.216548,42.484244,713940
22b-222@62j-sgj-dd9,-71.140612,42.352692,713940
22b-222@62j-sgj-hqz,-71.138059,42.338305,713940
22b-222@62j-sh4-435,-71.192123,42.355699,713940
22b-222@62j-sh4-xnq,-71.185944,42.320237,713940
22b-222@62j-sh5-6kz,-71.19751,42.336614,713940
22b-222@62j-shh-y9z,-71.185586,42.299525,713940
22b-222@62j-shm-rp9,-71.234415,42.288104,713940
22b-222@62j-shy-4y9,-71.054013,42.362803,713940
22b-222@62j-sjc-kfz,-71.06449,42.317729,713940
22b-222@62j-sjj-bhq,-71.061257,42.297543,713940
22b-222@62j-sjx-w6k,-71.16635,42.370311,713940
22b-222@62j-spj-d5f,-71.47035,42.545022,713940
22b-222@62j-ss6-tqf,-71.276248,42.309043,713940
22b-222@62j-ssc-3bk,-71.292408,42.298852,713940
22b-222@62j-szb-vs5,-71.085374,42.407981,713940
22b-222@62j-t2f-qfz,-71.038651,42.512243,713940
22b-222@62j-wch-6hq,-70.873789,43.197544,713940
22b-222@62k-2wx-mkz,-70.699071,41.983875,713940
22b-222@62k-p9d-d7q,-71.038438,42.254494,713940
22b-222@62k-pfw-tvz,-71.223457,42.223308,713940
22b-222@62k-pfx-hdv,-71.200396,42.192905,713940
22b-222@62k-pgb-w49,-71.206327,42.170989,713940
22b-222@62k-pgf-6x5,-71.244773,42.154135,713940
22b-223@62j-sj4-8n5,-71.086589,42.348219,713940
22b-223@62j-sxb-q4v,-71.151383,42.673492,713940
22b-223@62j-sz6-89z,-71.066263,42.423982,713940
22b-223@62k-p2d-8d9,-71.250992,42.064353,713940
22b-223@62k-phc-t9z,-71.17624,42.230994,713940
22b-225@62j-sgf-nbk,-71.111066,42.344593,713940
22b-225@62j-sj4-ks5,-71.074437,42.348638,713940
22b-227@62j-shk-gx5,-71.16923,42.277855,713940
22b-22j@62j-ssd-75z,-71.246461,42.330651,713940
22c-222@62j-pjj-mrk,-70.668653,42.617366,713940
22c-222@62j-pss-zvf,-70.88191,42.559359,713940
22c-222@62j-pvc-xyv,-70.811213,42.56246,713940
22c-222@62j-qtm-jy9,-70.717192,42.176189,713940
22c-222@62j-rh5-v75,-71.206179,42.752482,713940
22c-222@62j-scw-p5f,-71.285374,42.494209,713940
22c-222@62j-sg8-whq,-71.113993,42.312408,713940
22c-222@62j-sgj-9xq,-71.143401,42.350162,713940
22c-222@62j-sh4-xqz,-71.183582,42.320919,713940
22c-222@62j-she-j5f,-71.214327,42.312899,713940
22c-222@62j-she-j9z,-71.211702,42.313488,713940
22c-222@62j-shm-mx5,-71.230849,42.299642,713940
22c-222@62j-sj3-qfz,-71.074766,42.351113,713940
22c-222@62j-sjk-fcq,-71.04496,42.330813,713940
22c-222@62j-sk4-t9z,-71.144057,42.411955,713940
22c-222@62j-sry-7wk,-71.265595,42.384471,713940
22c-222@62j-stx-t5f,-71.105691,42.52237,713940
22c-222@62j-syf-649,-71.024137,42.413346,713940
22c-222@62j-sys-tgk,-71.063053,42.45775,713940
22c-222@62j-sz3-4n5,-71.104825,42.506592,713940
22c-222@62j-sz3-d5f,-71.092415,42.49916,713940
22c-222@62j-sz9-zzz,-71.098111,42.397723,713940
22c-222@62k-p7g-7nq,-71.022474,42.131247,713940
22c-222@62k-p9g-k9f,-71.011411,42.24071,713940
22c-222@62k-p9j-bc5,-71.05491,42.25564,713940
22c-222@62k-p9r-d35,-71.054619,42.282998,713940
22c-222@62k-pc5-bzf,-70.998332,42.098611,713940
22c-222@62k-pgf-6x5,-71.244945,42.153865,713940
22c-223@62j-rz6-249,-71.125735,42.784053,713940
22c-223@62j-sh8-r49,-71.207842,42.330719,713940
22c-224@62j-sgg-9cq,-71.096912,42.34452,713940
22c-224@62j-sgj-9xq,-71.143391,42.350161,713940
22c-224@62j-sgw-835,-71.08991,42.290427,713940
22c-224@62j-sj4-pd9,-71.071663,42.351313,713940
22c-224@62k-pjg-jjv,-71.239368,42.280009,713940
22c-225@62j-sh9-w8v,-71.190969,42.362704,713940
22d-222@62j-ptp-zfz,-70.931565,42.559328,713940
22d-222@62j-qp5-bff,-70.974131,42.376176,713940
22d-222@62j-qsr-b8v,-70.881203,42.157746,713940
22d-222@62j-qtm-jy9,-70.717194,42.176165,713940
22d-222@62j-qtt-4qf,-70.725326,42.194795,713940
22d-222@62j-rcn-b6k,-71.353655,42.863461,713940
22d-222@62j-rh7-mp9,-71.187948,42.727756,713940
22d-222@62j-scy-ffz,-71.280815,42.492334,713940
22d-222@62j-sdp-4n5,-71.188246,42.48218,713940
22d-222@62j-sh4-99f,-71.190035,42.348263,713940
22d-222@62j-shh-jy9,-71.198996,42.29604,713940
22d-222@62j-shx-cwk,-71.066423,42.357616,713940
22d-222@62j-shy-vpv,-71.050519,42.338379,713940
22d-222@62j-shz-789,-71.063224,42.344523,713940
22d-222@62j-sj2-qzz,-71.105672,42.361684,713940
22d-222@62j-sjg-rff,-71.090233,42.309033,713940
22d-222@62j-sjv-c5z,-71.113272,42.374585,713940
22d-222@62j-sk4-bp9,-71.168509,42.408987,713940
22d-222@62j-sk4-qs5,-71.146585,42.408766,713940
22d-222@62j-ssd-pd9,-71.259318,42.323814,713940
22d-222@62j-sxv-mc5,-71.009556,42.464045,713940
22d-222@62j-wdd-bhq,-70.761475,42.988907,713940
22d-222@62k-27d-mff,-70.649788,41.926141,713940
22d-222@62k-2wv-wzf,-70.71903,42.014849,713940
22d-222@62k-2xj-5s5,-70.810484,42.108026,713940
22d-222@62k-nyq-ndv,-71.309397,42.008283,713940
22d-222@62k-p8q-yn5,-70.967808,42.219091,713940
22d-222@62k-p98-hdv,-70.919674,42.174839,713940
22d-222@62k-p9n-rrk,-71.005846,42.255921,713940
22d-222@62k-pd6-7qz,-70.832184,42.115066,713940
22d-222@62k-pd8-p9z,-70.828683,42.115144,713940
22d-222@62k-pdy-dsq,-70.945067,42.108016,713940
22d-223@62j-qsr-b8v,-70.881198,42.157751,713940
22d-223@62j-sgh-bff,-71.108496,42.335892,713940
22d-223@62j-shy-4n5,-71.05503,42.362846,713940
22d-223@62k-rbn-vj9,-71.432938,42.24063,713940
22d-224@62j-sg8-435,-71.120231,42.336939,713940
22d-225@62j-sxx-rzf,-70.997292,42.449287,713940
22d-228@62j-sxx-rzf,-70.997349,42.449424,713940
22d-229@62j-sjv-9zz,-71.120969,42.372047,713940
22f-222@62j-pn6-4sq,-70.677283,42.655482,713940
22f-222@62j-ppx-dn5,-71.10773,42.767846,713940
22f-222@62j-psr-wzf,-70.898718,42.526688,713940
22f-222@62j-q5k-qs5,-70.89915,42.841683,713940
22f-222@62j-q62-4qf,-70.866597,42.821761,713940
22f-222@62j-q66-435,-70.889374,42.820331,713940
22f-222@62j-qsv-c3q,-70.907175,42.159026,713940
22f-222@62j-r5j-r49,-70.888288,42.483601,713940
22f-222@62j-r5r-bkz,-70.859873,42.501039,713940
22f-222@62j-sby-hnq,-71.243141,42.434473,713940
22f-222@62j-sc9-h3q,-71.204885,42.380397,713940
22f-222@62j-sg8-6c5,-71.119898,42.335103,713940
22f-222@62j-sgg-d35,-71.095554,42.348464,713940
22f-222@62j-sgx-rtv,-71.071378,42.269428,713940
22f-222@62j-shc-vj9,-71.18106,42.358723,713940
22f-222@62j-sj4-kzz,-71.070989,42.344044,713940
22f-222@62j-sk2-tn5,-71.121643,42.390275,713940
22f-222@62j-spg-yn5,-71.42682,42.514878,713940
22f-222@62j-sqh-dsq,-71.315011,42.272364,713940
22f-222@62j-sry-7wk,-71.264719,42.384615,713940
22f-222@62j-ssf-ygk,-71.245163,42.315238,713940
22f-222@62j-stj-y5f,-71.149987,42.591192,713940
22f-222@62j-sxz-5mk,-71.050259,42.458549,713940
22f-222@62j-sz6-7yv,-71.067488,42.42229,713940
22f-222@62j-t5p-7bk,-71.230436,42.573832,713940
22f-222@62k-p96-k9f,-70.934314,42.192139,713940
22f-222@62k-p9d-f75,-71.033583,42.256791,713940
22f-222@62k-pgm-435,-71.290227,42.193712,713940
22f-222@62k-ph9-89z,-71.306256,42.184413,713940
22f-222@62k-pjg-gtv,-71.235405,42.280447,713940
22f-223@62j-ptn-2kz,-70.983439,42.546729,713940
22f-223@62j-pvc-y7q,-70.813124,42.562144,713940
22f-223@62j-q66-435,-70.889372,42.820325,713940
22f-223@62j-sby-hnq,-71.2433,42.434216,713940
22f-223@62j-sdn-skf,-71.201395,42.512455,713940
22f-223@62j-sh4-4sq,-71.198954,42.357646,713940
22f-223@62j-shx-brk,-71.059095,42.357745,713940
22f-224@62j-sj2-p35,-71.102303,42.364225,713940
22f-226@62j-sj2-p35,-71.102296,42.364237,713940
22g-222@62j-qtt-8jv,-70.724838,42.195246,713940
22g-222@62j-rg5-249,-71.331503,42.891914,713940
22g-222@62j-sh7-9pv,-71.2245,42.350275,713940
22g-222@62j-shj-xt9,-71.170551,42.26839,713940
22g-222@62j-sj3-n89,-71.084835,42.349173,713940
22g-222@62j-sjv-nnq,-71.132706,42.377127,713940
22g-222@62j-sjw-7t9,-71.175166,42.381076,713940
22g-222@62j-sqs-jjv,-71.346773,42.285613,713940
22g-222@62j-srk-6kz,-71.382783,42.309536,713940
22g-222@62j-sww-bx5,-71.010743,42.588057,713940
22g-222@62j-szd-h5z,-71.064454,42.455652,713940
22g-222@62j-t4y-xbk,-71.278628,42.634716,713940
22g-222@62j-t59-x89,-71.288018,42.642192,713940
22g-222@62j-wx5-9vf,-70.760683,43.076084,713940
22g-222@62j-wx7-rp9,-70.758219,43.075074,713940
22g-222@62k-26z-r49,-70.658098,41.952961,713940
22g-222@62k-p89-m6k,-71.11232,42.136219,713940
22g-222@62k-p8p-kj9,-70.998105,42.244494,713940
22g-222@62k-p9n-rzf,-71.006951,42.255572,713940
22g-222@62k-phm-m6k,-71.159799,42.260168,713940
22g-222@62k-rc2-qcq,-71.356702,42.167525,713940
22g-223@62j-sgs-jjv,-71.145794,42.286213,713940
22g-223@62j-sjv-nnq,-71.132711,42.377124,713940
22g-223@62j-sy7-fs5,-71.023861,42.477382,713940
22g-223@62k-26z-r49,-70.658116,41.952966,713940
22g-223@62k-p8z-mp9,-70.949828,42.192167,713940
22h-222@62j-pkx-qvf,-70.771686,42.575658,713940
22h-222@62j-q5t-89z,-70.881912,42.806396,713940
22h-222@62j-q62-cyv,-70.86677,42.809998,713940
22h-222@62j-r5j-g8v,-70.874824,42.484042,713940
22h-222@62j-rz2-xyv,-71.078586,42.774504,713940
22h-222@62j-sg8-6c5,-71.119979,42.335093,713940
22h-222@62j-sgq-zs5,-71.094914,42.2645,713940
22h-222@62j-shd-xwk,-71.210424,42.375159,713940
22h-222@62j-shr-qpv,-71.155926,42.296455,713940
22h-222@62j-sj3-m6k,-71.078499,42.351301,713940
22h-222@62j-sj4-fmk,-71.070264,42.357205,713940
22h-222@62j-sjj-649,-71.078372,42.285021,713940
22h-222@62j-sjs-9fz,-71.135229,42.381667,713940
22h-222@62j-sjv-9vf,-71.118582,42.371771,713940
22h-222@62j-sjv-p5f,-71.133095,42.377659,713940
22h-222@62j-ssb-zvf,-71.297952,42.29612,713940
22h-222@62j-t27-yd9,-70.916398,42.467955,713940
22h-222@62j-t2q-73q,-71.013767,42.514486,713940
22h-222@62k-pc4-nbk,-71.001834,42.081555,713940
22h-223@62j-pvc-zmk,-70.814534,42.563037,713940
22h-223@62j-sg9-p35,-71.103878,42.314506,713940
22h-223@62k-p2f-wzf,-71.240197,42.055954,713940
22h-225@62j-sk2-st9,-71.111298,42.383955,713940
22j-222@62j-sbt-hh5,-71.237939,42.458596,713940
22j-222@62j-sf6-n5z,-71.138998,42.467636,713940
22j-222@62j-shc-h5z,-71.169789,42.354678,713940
22j-222@62j-shy-z2k,-71.059502,42.353968,713940
22j-222@62j-sjk-ty9,-71.027966,42.332829,713940
22j-222@62j-sjx-gtv,-71.157665,42.368001,713940
22j-222@62j-sr8-789,-71.421837,42.362227,713940
22j-222@62k-27d-py9,-70.645314,41.927741,713940
22j-222@62k-fm3-vfz,-71.574438,42.666445,713940
22j-222@62k-p7k-q2k,-71.023385,42.164191,713940
22j-222@62k-p8p-mx5,-70.988554,42.249352,713940
22j-222@62k-p8p-nyv,-70.993698,42.24671,713940
22j-222@62k-p95-n5z,-70.958817,42.168341,713940
22j-222@62k-p9p-7t9,-71.01463,42.261546,713940
22j-223@62j-sdq-rp9,-71.149091,42.508023,713940
22j-223@62j-sj6-mtv,-71.037524,42.368419,713940
22j-223@62k-p9g-rzf,-71.014931,42.234527,713940
22k-222@62j-sbv-tn5,-71.228503,42.448872,713940
22k-222@62j-sdk-6kz,-71.14979,42.481793,713940
22k-222@62j-sdn-skf,-71.201039,42.512082,713940
22k-222@62j-sds-yqf,-71.127921,42.49671,713940
22k-222@62j-sgf-t5f,-71.119716,42.351944,713940
22k-222@62j-sgw-bkz,-71.088569,42.294114,713940
22k-222@62j-sgx-y5f,-71.08665,42.28161,713940
22k-222@62j-sh4-fvf,-71.204487,42.361415,713940
22k-222@62j-sh5-vs5,-71.189664,42.336045,713940
22k-222@62j-shr-8vz,-71.176782,42.319557,713940
22k-222@62j-shy-3bk,-71.051252,42.362456,713940
22k-222@62j-sk2-k75,-71.106075,42.389637,713940
22k-222@62j-sny-w49,-71.356801,42.45684,713940
22k-222@62j-ss2-fj9,-71.246072,42.374096,713940
22k-222@62j-t3n-5fz,-71.358861,42.622948,713940
22k-222@62k-nsb-ct9,-71.059381,42.051442,713940
22k-222@62k-nzs-nnq,-71.266135,42.092811,713940
22k-222@62k-pg4-gx5,-71.217421,42.145473,713940
22k-222@62k-qcg-kzz,-70.753882,41.730362,713940
22k-223@62j-sr4-tqf,-71.414176,42.362352,713940
22k-223@62j-ss2-fj9,-71.246047,42.374095,713940
22m-222@62j-rct-q75,-71.345018,42.867449,713940
22m-222@62j-scb-8y9,-71.189711,42.387643,713940
22m-222@62j-scd-fpv,-71.230568,42.376814,713940
22m-222@62j-sg7-dqf,-71.129318,42.331084,713940
22m-222@62j-sh9-7yv,-71.184814,42.365812,713940
22m-222@62j-sjr-zxq,-71.13831,42.38375,713940
22m-222@62j-sk2-wp9,-71.123382,42.386339,713940
22m-222@62j-ss2-p9z,-71.23779,42.367921,713940
22m-222@62j-ss6-hwk,-71.275386,42.311099,713940
22m-222@62j-stx-t35,-71.105674,42.52321,713940
22m-222@62k-26r-bzf,-70.664361,41.956716,713940
22m-222@62k-nzs-nbk,-71.267536,42.092936,713940
22m-222@62k-phk-p35,-71.154757,42.244467,713940
22m-222@62k-pjf-bzf,-71.237439,42.275167,713940
22m-222@62k-pjg-h5z,-71.234744,42.281286,713940
22m-223@62j-ss6-qzz,-71.27797,42.307695,713940
22m-223@62k-nt2-nqz,-71.102286,42.124825,713940
22m-224@62j-sjz-p35,-71.136328,42.402384,713940
22m-224@62j-ss2-p9z,-71.237803,42.367928,713940
22m-224@62j-ss6-qzz,-71.277774,42.307628,713940
22m-224@62j-t4p-h5z,-71.439378,42.555626,713940
22m-224@62k-pjg-h5z,-71.234682,42.28131,713940
22m-225@62j-sjz-p35,-71.136249,42.402479,713940
22m-226@62j-sjs-v75,-71.130318,42.397137,713940
22n-222@62j-pqj-hh5,-70.93923,42.755153,713940
22n-222@62j-sck-xbk,-71.2342,42.435985,713940
22n-222@62j-sds-yn5,-71.127398,42.498146,713940
22n-222@62j-sgg-975,-71.098476,42.34413,713940
22n-222@62j-sh6-x3q,-71.247357,42.347745,713940
22n-222@62j-sj4-d5f,-71.075758,42.354798,713940
22n-222@62j-sjp-tsq,-71.057926,42.334644,713940
22n-222@62j-sqs-zpv,-71.355048,42.289932,713940
22n-222@62j-sv7-8sq,-71.136829,42.558712,713940
22n-222@62j-sz7-v75,-71.048965,42.403994,713940
22n-222@62j-szf-rff,-71.042528,42.42346,713940
22n-222@62j-t27-jy9,-70.931317,42.461539,713940
22n-222@62j-t2f-t7q,-71.033609,42.515427,713940
22n-222@62k-pjg-kpv,-71.235786,42.282246,713940
22n-223@62j-sjx-gx5,-71.155491,42.369366,713940
22n-223@62j-sx2-skf,-71.140318,42.656512,713940
22n-224@62k-p9g-s5z,-71.016375,42.234534,713940
22n-226@62j-sx2-skf,-71.14027,42.656384,713940
22n-227@62k-p9g-s5z,-71.016196,42.234707,713940
22p-222@62j-scb-7wk,-71.198273,42.384483,713940
22p-222@62j-sg9-ygk,-71.111847,42.321426,713940
22p-222@62j-sh7-9cq,-71.226015,42.349788,713940
22p-222@62j-shc-rx5,-71.165208,42.350022,713940
22p-222@62j-shy-bff,-71.06385,42.379788,713940
22p-222@62j-sky-ht9,-71.47096,42.476413,713940
22p-222@62j-smd-wkz,-71.45321,42.433537,713940
22p-222@62j-sqs-zpv,-71.355068,42.289907,713940
22p-222@62j-ss2-p35,-71.23705,42.369188,713940
22p-222@62j-t2j-6hq,-71.063263,42.51699,713940
22p-222@62k-r5r-d5f,-71.578435,42.340403,713940
22p-223@62j-shc-rx5,-71.165365,42.350073,713940
22p-223@62j-shy-pvz,-71.047126,42.352776,713940
22p-223@62j-sj3-m8v,-71.079228,42.349871,713940
22p-223@62j-sj4-8n5,-71.08717,42.348106,713940
22p-224@62j-sgf-zj9,-71.114776,42.344348,713940
22p-22b@62j-sj3-m8v,-71.079216,42.349865,713940
22q-222@62j-sg8-gc5,-71.129225,42.339527,713940
22q-222@62j-sjv-9vf,-71.119397,42.371378,713940
22q-222@62j-sqs-wc5,-71.35079,42.284678,713940
22q-222@62j-ss2-s3q,-71.250733,42.376433,713940
22q-222@62j-szr-rzf,-70.953274,42.479011,713940
22q-222@62j-t54-w8v,-71.310042,42.641249,713940
22q-222@62j-t5x-vmk,-71.381215,42.639279,713940
22q-222@62k-p79-qmk,-71.008717,42.152714,713940
22q-222@62k-p8d-yvz,-71.04093,42.163707,713940
22q-222@62k-p8n-v75,-71.005465,42.238077,713940
22q-223@62j-sgj-y7q,-71.150136,42.348116,713940
22q-223@62j-sgx-7kf,-71.092493,42.280184,713940
22q-223@62j-sjz-bx5,-71.135504,42.40811,713940
22q-223@62k-p8n-v75,-71.005492,42.238076,713940
22q-224@62k-p8n-v75,-71.005495,42.238097,713940
22r-222@62j-pkx-yy9,-70.770579,42.574538,713940
22r-222@62j-sdj-nqz,-71.162418,42.5012,713940
22r-222@62j-sdk-vpv,-71.151759,42.487306,713940
22r-222@62j-shy-52k,-71.055336,42.364811,713940
22r-222@62j-shy-ysq,-71.05986,42.351705,713940
22r-222@62j-sj4-dsq,-71.072569,42.352022,713940
22r-222@62j-sjk-49z,-71.035149,42.329109,713940
22r-222@62j-sjp-rtv,-71.054364,42.337176,713940
22r-222@62k-nsv-7wk,-71.178161,42.12264,713940
22r-222@62k-p9p-s3q,-70.997494,42.250646,713940
22r-222@62k-pg3-psq,-71.219545,42.141392,713940
22r-223@62j-psk-kfz,-70.8871,42.534221,713940
22r-223@62k-pg3-psq,-71.219709,42.141561,713940
22r-225@62j-sj4-9s5,-71.090512,42.348585,713940
22r-229@62j-sj4-9s5,-71.090699,42.348592,713940
22s-222@62j-sg8-68v,-71.118693,42.334141,713940
22s-222@62j-sg9-nyv,-71.103418,42.316042,713940
22s-222@62j-sgg-g6k,-71.111297,42.355862,713940
22s-222@62j-sgs-wc5,-71.123583,42.256885,713940
22s-222@62j-sjs-vvf,-71.127954,42.394887,713940
22s-222@62j-sjx-45f,-71.174345,42.395792,713940
22s-222@62j-sk3-grk,-71.101636,42.38349,713940
22s-222@62j-sk4-tsq,-71.149951,42.414577,713940
22s-222@62j-ssg-nkf,-71.220211,42.310397,713940
22s-222@62j-szf-8qf,-71.055633,42.428559,713940
22s-222@62j-wx5-dn5,-70.759986,43.079391,713940
22s-222@62k-r5n-z4v,-71.537437,42.352572,713940
22s-223@62j-sk4-tsq,-71.149962,42.414617,713940
22s-223@62j-srh-hwk,-71.415853,42.280124,713940
22s-223@62k-p9m-mhq,-71.018484,42.268885,713940
22s-224@62k-p9m-mhq,-71.018486,42.268953,713940
22s-227@62j-sj4-dsq,-71.072798,42.352007,713940
22s-22d@62j-sjv-bc5,-71.119905,42.372628,713940
22t-222@62j-sg7-fzz,-71.123532,42.33351,713940
22t-222@62j-sg8-68v,-71.118593,42.333547,713940
22t-222@62j-sjt-kxq,-71.122934,42.37197,713940
22t-222@62j-sk5-7nq,-71.158823,42.41675,713940
22t-222@62j-ss9-bhq,-71.291929,42.301865,713940
22t-222@62j-sys-vcq,-71.068532,42.457504,713940
22t-222@62j-t27-y5f,-70.919296,42.469112,713940
22t-222@62k-nyz-5vf,-71.467338,42.082663,713940
22t-222@62k-pg6-rhq,-71.252688,42.146774,713940
22t-223@62j-sgx-qvf,-71.074796,42.270814,713940
22t-223@62j-shz-4qf,-71.062404,42.35412,713940
22v-222@62j-pg9-fvf,-70.840721,42.677677,713940
22v-222@62j-q5v-2c5,-70.874847,42.811182,713940
22v-222@62j-rk8-75z,-71.153261,42.687137,713940
22v-222@62j-rz2-yn5,-71.086164,42.777993,713940
22v-222@62j-sh6-x5z,-71.246486,42.3465,713940
22v-222@62j-shx-575,-71.061117,42.36519,713940
22v-222@62j-sjz-2p9,-71.126003,42.404906,713940
22v-222@62j-sjz-kpv,-71.137801,42.401809,713940
22v-222@62j-sy5-x89,-70.977289,42.459101,713940
22v-222@62j-wx5-dgk,-70.757879,43.07887,713940
22v-222@62k-2kp-qzz,-70.74196,41.775296,713940
22v-222@62k-pjg-hbk,-71.236269,42.281581,713940
22v-223@62j-sg8-hnq,-71.132867,42.339186,713940
22v-223@62j-sk2-249,-71.108174,42.404927,713940
22v-223@62j-sz5-n5z,-71.080079,42.420132,713940
22v-225@62k-p9g-zcq,-71.025269,42.2441,713940
22w-222@62j-pjk-b6k,-70.663873,42.619448,713940
22w-222@62j-ptr-26k,-70.936744,42.565646,713940
22w-222@62j-q62-q4v,-70.873342,42.812446,713940
22w-222@62j-sbv-pgk,-71.230616,42.447422,713940
22w-222@62j-sdt-4sq,-71.130778,42.500152,713940
22w-222@62j-sg9-hqz,-71.116374,42.306801,713940
22w-222@62j-sh3-p9z,-71.217936,42.350206,713940
22w-222@62j-sjw-7t9,-71.174174,42.380552,713940
22w-222@62j-t63-sdv,-71.336327,42.676734,713940
22w-223@62j-sg9-hqz,-71.116539,42.306762,713940
22w-223@62j-sk2-r49,-71.105782,42.381707,713940
22w-225@62k-r5n-5vf,-71.543879,42.347491,713940
22x-222@62j-sf5-t7q,-71.139148,42.457556,713940
22x-222@62j-sh3-cwk,-71.207574,42.35171,713940
22x-222@62j-sh9-s3q,-71.197688,42.364627,713940
22x-222@62j-shc-54v,-71.186598,42.350376,713940
22x-222@62j-shy-2x5,-71.052791,42.366998,713940
22x-222@62j-sj4-8d9,-71.088718,42.346727,713940
22x-222@62j-ss6-j5f,-71.273764,42.313476,713940
22x-222@62j-syy-5zz,-71.070642,42.504223,713940
22x-222@62j-sz6-89z,-71.066097,42.424092,713940
22x-222@62j-t5z-hqz,-71.380073,42.635323,713940
22x-222@62k-p8q-yn5,-70.967791,42.219109,713940
22x-222@62k-p9n-y9z,-71.001949,42.248967,713940
22x-222@62k-r94-7yv,-71.428593,42.198882,713940
22x-223@62j-r5p-2p9,-70.917498,42.47847,713940
22x-223@62j-shy-pvz,-71.047366,42.353405,713940
22x-224@62j-sjv-4vz,-71.138209,42.359779,713940
22y-222@62j-rkb-hkf,-71.118663,42.696147,713940
22y-222@62j-shz-47q,-71.057885,42.352042,713940
22y-222@62j-shz-4y9,-71.061177,42.355921,713940
22y-222@62j-sj3-q4v,-71.07601,42.350765,713940
22y-222@62j-sjv-8jv,-71.114639,42.371273,713940
22y-222@62j-sjx-4jv,-71.173239,42.395555,713940
22y-222@62j-smt-b49,-71.54803,42.492185,713940
22y-222@62j-stx-z9f,-71.104145,42.515282,713940
22y-222@62j-sy9-x3q,-71.009668,42.408235,713940
22y-222@62j-szd-jd9,-71.066079,42.454191,713940
22y-222@62j-szd-jn5,-71.064598,42.455825,713940
22y-222@62j-wx5-dn5,-70.759813,43.079149,713940
22y-222@62k-p9p-qmk,-70.992417,42.249874,713940
22y-226@62j-sj3-q4v,-71.075978,42.350752,713940
22z-222@62j-q5h-8qf,-70.930542,42.857383,713940
22z-222@62j-sqx-j35,-71.420146,42.361714,713940
22z-222@62k-pfx-gc5,-71.201748,42.193068,713940
232-222@62j-sh6-bp9,-71.229598,42.349058,713940
232-222@62j-sjq-6ff,-71.072351,42.340028,713940
232-222@62j-sys-n3q,-71.068465,42.46502,713940
232-223@62j-sjc-47q,-71.054022,42.311599,713940
233-222@62j-sg9-td9,-71.10659,42.310472,713940
233-222@62j-sh9-kvf,-71.199026,42.372737,713940
233-222@62j-sk5-6zf,-71.15142,42.414399,713940
233-222@62j-sx2-r6k,-71.137137,42.657609,713940
233-222@62j-sx2-rzf,-71.141265,42.660309,713940
233-222@62j-t54-xdv,-71.312942,42.641041,713940
234-222@62j-psr-89z,-70.900391,42.509407,713940
234-222@62j-sg8-6kz,-71.115065,42.337976,713940
234-222@62j-sg8-wzf,-71.115115,42.308853,713940
234-222@62j-sh4-7kf,-71.195981,42.347409,713940
234-222@62j-shc-73q,-71.186452,42.355581,713940
234-222@62j-sj4-kmk,-71.072035,42.348799,713940
234-222@62j-sk3-mc5,-71.110803,42.393763,713940
234-222@62k-p9f-tjv,-71.01846,42.235368,713940
234-222@62k-r7z-n3q,-71.568987,42.391097,713940
234-223@62j-psr-89z,-70.900459,42.509423,713940
235-222@62j-pss-4jv,-70.894808,42.519278,713940
235-222@62j-shy-8qf,-71.066032,42.374,713940
235-222@62j-sj2-835,-71.097079,42.371124,713940
235-222@62j-sjc-gc5,-71.057083,42.311945,713940
235-222@62j-sjs-f9f,-71.15512,42.39096,713940
235-222@62j-sjw-p5f,-71.174612,42.381599,713940
235-222@62j-sk2-vmk,-71.118395,42.388524,713940
235-222@62k-phk-rrk,-71.154164,42.247935,713940
235-224@62j-pne-575,-70.991614,42.724261,713940
236-222@62j-q5t-z75,-70.872306,42.810941,713940
236-222@62j-qp8-2rk,-70.991122,42.374595,713940
236-222@62j-r5r-fxq,-70.8553,42.499791,713940
236-222@62j-r5r-gc5,-70.855456,42.502185,713940
236-225@62j-sgj-mhq,-71.137135,42.341497,713940
237-222@62j-sh3-9fz,-71.207191,42.350145,713940
237-222@62j-shy-7t9,-71.066472,42.377271,713940
237-222@62k-p74-h89,-71.003106,42.201454,713940
237-223@62j-sjx-x5z,-71.17234,42.369477,713940
237-224@62j-sgs-vzz,-71.124677,42.25588,713940
237-224@62j-sjz-xdv,-71.113473,42.400127,713940
237-225@62j-sjz-xdv,-71.113481,42.400126,713940
238-222@62j-sdk-47q,-71.153605,42.478532,713940
238-222@62j-sjt-33q,-71.126622,42.386284,713940
238-222@62j-szd-jqf,-71.065292,42.454488,713940
238-223@62j-psm-dgk,-70.879539,42.546291,713940
239-222@62j-q5t-z2k,-70.871927,42.811028,713940
239-222@62j-sj3-sqz,-71.076304,42.339296,713940
239-222@62j-sjj-st9,-71.068773,42.305119,713940
239-222@62j-sjp-dgk,-71.074185,42.333381,713940
239-222@62j-sk2-mkz,-71.112352,42.392016,713940
239-222@62k-phd-q75,-71.173858,42.248539,713940
23b-222@62j-pjj-nbk,-70.663694,42.612681,713940
23b-222@62j-sh3-qj9,-71.209552,42.351579,713940
23b-222@62j-shz-snq,-71.053813,42.354881,713940
23b-222@62j-sjx-8gk,-71.174786,42.398395,713940
23b-222@62j-sr4-v9f,-71.412646,42.361054,713940
23b-222@62j-srg-3yv,-71.42409,42.297426,713940
23c-222@62j-ppt-d7q,-71.084482,42.766193,713940
23c-222@62j-sg8-whq,-71.11433,42.31267,713940
23c-222@62j-shy-8y9,-71.064793,42.37606,713940
23c-222@62j-srg-3yv,-71.424085,42.297459,713940
23c-222@62k-p9p-rff,-71.000213,42.252735,713940
23d-222@62j-sbv-pn5,-71.227583,42.447342,713940
23d-222@62j-sj3-9zz,-71.095358,42.37986,713940
23d-222@62j-sj3-tsq,-71.080922,42.341604,713940
23d-222@62j-sqm-6rk,-71.347461,42.282323,713940
23d-222@62j-sys-td9,-71.06314,42.458316,713940
23d-222@62k-r5n-tgk,-71.549295,42.346381,713940
23d-224@62j-sds-zs5,-71.126195,42.496161,713940
23f-222@62j-sgj-qs5,-71.158625,42.352076,713940
23f-222@62j-sj2-435,-71.094794,42.369062,713940
23f-222@62j-sjk-j7q,-71.040785,42.335707,713940
23f-222@62j-sqs-jsq,-71.347703,42.284275,713940
23f-222@62j-sz6-5fz,-71.06643,42.432138,713940
23f-223@62j-qv5-qmk,-70.851025,42.267023,713940
23f-223@62j-sj2-435,-71.094826,42.369064,713940
23f-223@62j-sk2-r49,-71.10604,42.381697,713940
23g-222@62j-shy-3dv,-71.052193,42.36406,713940
23g-222@62j-sk4-ty9,-71.150881,42.41471,713940
23h-222@62j-sjh-zpv,-71.073109,42.298995,713940
23h-222@62k-r7z-mkz,-71.564442,42.389004,713940
23h-222@62k-r99-j9z,-71.426707,42.146743,713940
23j-222@62j-syq-zxq,-71.100481,42.479533,713940
23j-222@62j-sys-m6k,-71.067881,42.468829,713940
23j-222@62k-p8n-v75,-71.0055,42.238072,713940
23j-222@62k-r7z-mkz,-71.564416,42.388984,713940
23j-224@62j-sgh-fpv,-71.107809,42.322281,713940
23k-222@62j-shx-bc5,-71.059629,42.358619,713940
23k-223@62j-t5x-7kf,-71.3228,42.630656,713940
23k-224@62j-t5x-7kf,-71.322789,42.630652,713940
23m-222@62j-sg8-f9f,-71.119638,42.331074,713940
23m-222@62j-sgf-y5f,-71.121213,42.342462,713940
23m-222@62j-shv-8jv,-71.205631,42.320831,713940
23m-222@62j-sjw-kcq,-71.180503,42.379231,713940
23m-222@62j-szn-cdv,-70.95012,42.476329,713940
23m-223@62j-shv-8jv,-71.205652,42.320808,713940
23n-222@62j-she-kcq,-71.217593,42.311183,713940
23n-222@62j-sj4-ghq,-71.066708,42.3571,713940
23n-222@62j-ss2-h89,-71.237164,42.376529,713940
23n-222@62j-syd-fzz,-71.036418,42.406351,713940
23n-222@62j-szf-zpv,-71.046358,42.433274,713940
23n-222@62j-szh-hkf,-71.089423,42.452727,713940
23p-222@62j-qp4-9fz,-70.97014,42.371684,713940
23p-222@62j-sgf-x5z,-71.124509,42.345166,713940
23p-222@62j-sjx-85f,-71.175898,42.397505,713940
23q-222@62j-sdt-435,-71.124327,42.49814,713940
23q-222@62j-sh5-kpv,-71.175734,42.336981,713940
23q-222@62j-sk3-66k,-71.119626,42.385255,713940
23q-222@62k-nz5-mp9,-71.396634,42.082225,713940
23q-224@62j-sjm-6hq,-71.035091,42.337939,713940
23r-222@62j-sg8-5xq,-71.119804,42.333463,713940
23r-222@62j-sjx-hbk,-71.153971,42.364951,713940
23r-222@62j-smd-wp9,-71.453513,42.431654,713940
23r-222@62j-ssc-28v,-71.295987,42.295933,713940
23r-222@62j-sz8-gtv,-71.108308,42.4175,713940
23r-222@62j-sz8-mp9,-71.10859,42.41864,713940
23r-222@62j-szh-hnq,-71.089355,42.452647,713940
23r-223@62j-sg8-5xq,-71.119895,42.333473,713940
23r-223@62k-p9n-rrk,-71.004902,42.256367,713940
23r-223@62k-pg7-fs5,-71.251082,42.149092,713940
23s-222@62j-rh7-mp9,-71.189284,42.727859,713940
23s-222@62j-sgf-x89,-71.1235,42.343728,713940
23s-222@62j-sqy-389,-71.400269,42.325428,713940
23s-222@62j-sz9-9j9,-71.099941,42.420197,713940
23t-222@62j-sgf-xdv,-71.126173,42.344384,713940
23t-222@62j-sjz-jsq,-71.131167,42.397631,713940
23t-222@62j-syq-zs5,-71.099959,42.479514,713940
23t-223@62j-sj4-dsq,-71.072618,42.351685,713940
23v-222@62j-sgk-2p9,-71.133159,42.355564,713940
23v-222@62j-sjh-zmk,-71.073722,42.299709,713940
23v-223@62k-pc7-8qf,-71.020213,42.076082,713940
23w-222@62j-stx-rx5,-71.103416,42.523944,713940
23x-222@62j-sj4-kmk,-71.072607,42.348369,713940
23x-222@62j-sk4-tvz,-71.149151,42.413713,713940
23x-222@62j-szb-7h5,-71.110268,42.410038,713940
23x-223@62j-shy-3bk,-71.050464,42.362244,713940
23x-225@62j-sz8-j35,-71.110757,42.416049,713940
23y-222@62j-sds-zs5,-71.126007,42.497024,713940
23y-222@62j-sk4-z4v,-71.141936,42.405831,713940
23y-222@62j-sz9-c3q,-71.094579,42.421864,713940
23z-222@62j-pjk-kpv,-70.661359,42.613246,713940
23z-222@62j-sgc-575,-71.152117,42.336525,713940
23z-222@62k-phd-qzz,-71.172717,42.246416,713940
242-222@62j-ss2-f9f,-71.236722,42.371319,713940
242-225@62j-sh4-rx5,-71.193067,42.329665,713940
243-222@62j-sjv-2rk,-71.135074,42.362955,713940
243-222@62j-sk4-skf,-71.145507,42.413684,713940
243-222@62j-ssc-28v,-71.296576,42.29586,713940
244-222@62j-sds-zs5,-71.126435,42.496825,713940
244-222@62j-shv-8qf,-71.207534,42.321674,713940
245-222@62j-sf4-99f,-71.168989,42.420196,713940
245-224@62k-phv-5zz,-71.146771,42.153457,713940
246-222@62j-sg7-mzf,-71.123584,42.326645,713940
246-222@62j-sjy-94v,-71.150888,42.375009,713940
246-223@62j-sjy-94v,-71.150981,42.374962,713940
247-222@62j-sjy-mx5,-71.155533,42.375439,713940
247-223@62j-swz-r6k,-71.138647,42.65432,713940
248-222@62j-sf5-q4v,-71.136499,42.453061,713940
248-222@62j-sgj-r8v,-71.154234,42.348969,713940
248-222@62j-shx-9vf,-71.063428,42.361067,713940
249-222@62j-shd-w8v,-71.231659,42.36708,713940
24b-223@62j-sgf-wtv,-71.1168,42.343036,713940
24c-222@62j-sbv-p9z,-71.228649,42.447386,713940
24c-222@62j-sgv-r49,-71.105481,42.30034,713940
24d-222@62j-sj3-9fz,-71.099419,42.373746,713940
24d-222@62j-sj3-st9,-71.075867,42.337851,713940
24d-222@62j-srg-v4v,-71.416691,42.275614,713940
24d-222@62j-t54-yvz,-71.308641,42.644159,713940
24f-222@62j-sj3-bzf,-71.091914,42.377831,713940
24g-222@62j-sdk-6ff,-71.152447,42.485296,713940
24g-222@62j-sg8-89z,-71.120698,42.340931,713940
24g-222@62j-sgf-r6k,-71.12768,42.351603,713940
24g-222@62j-sjz-jqf,-71.131917,42.398382,713940
24g-222@62j-t3n-7wk,-71.358891,42.624866,713940
24h-222@62k-p9p-8y9,-71.012661,42.260182,713940
24h-223@62j-sz9-9j9,-71.101085,42.419721,713940
24j-222@62j-sj4-pd9,-71.071486,42.35135,713940
24j-222@62k-p9p-8y9,-71.012661,42.260152,713940
24j-22c@62j-shz-sdv,-71.056432,42.359404,713940
24k-222@62j-sys-m6k,-71.067862,42.468868,713940
24k-225@62j-sj3-nwk,-71.082577,42.346364,713940
24m-223@62j-sj2-s89,-71.101265,42.363341,713940
24p-222@62j-sjv-bc5,-71.119675,42.372715,713940
24r-222@62j-sgj-r8v,-71.154225,42.348973,713940
24r-222@62j-sj2-ks5,-71.101553,42.371811,713940
24r-222@62j-sj2-syv,-71.105344,42.366673,713940
24r-222@62j-szc-2hq,-71.098734,42.417,713940
24r-223@62j-sgj-r8v,-71.154249,42.349001,713940
24r-223@62k-pfx-h3q,-71.202489,42.192007,713940
24s-222@62j-sjs-zmk,-71.131562,42.382893,713940
24t-222@62j-sgj-q4v,-71.151954,42.349285,713940
24t-222@62k-phm-3wk,-71.172592,42.24819,713940
24v-222@62j-sgg-jy9,-71.109896,42.358215,713940
24v-222@62j-sjv-bc5,-71.119691,42.372763,713940
24w-222@62j-shz-3qz,-71.056709,42.355303,713940
24x-222@62j-shy-7wk,-71.065424,42.375897,713940
24y-222@62j-sj3-p9z,-71.083476,42.348747,713940
24y-222@62j-t55-2c5,-71.3104,42.644631,713940
24z-222@62j-t28-9mk,-70.924667,42.472816,713940
253-222@62j-shx-6ff,-71.066619,42.365918,713940
254-222@62j-sk3-4n5,-71.119013,42.38549,713940
257-222@62j-sk2-sh5,-71.111954,42.382317,713940
258-222@62j-shz-vvf,-71.052744,42.361505,713940
259-222@62j-sj3-2zf,-71.08326,42.363638,713940
25c-222@62j-shz-6tv,-71.05732,42.341839,713940
25d-222@62j-sk2-v2k,-71.120247,42.389901,713940
25h-222@62j-sj3-whq,-71.074975,42.342461,713940
25j-222@62j-sj3-tn5,-71.084538,42.341271,713940
25k-222@62j-sj4-pd9,-71.071526,42.351451,713940
25k-224@62j-sj4-pd9,-71.071485,42.351458,713940
25m-222@62j-sg8-k2k,-71.126052,42.340568,713940
25m-222@62j-sp4-4jv,-71.394873,42.458435,713940
25m-222@62j-t2c-7qz,-70.943405,42.464352,713940
25p-222@62j-sjz-2kz,-71.128351,42.403579,713940
25s-222@62j-sjm-66k,-71.0353,42.337737,713940
25t-222@62j-szd-ghq,-71.067781,42.450099,713940
25v-222@62j-sk3-3nq,-71.124078,42.383668,713940
25w-223@62j-sjs-yqf,-71.134007,42.383643,713940
25w-227@62j-sjv-j35,-71.111319,42.369539,713940
262-222@62j-shz-3bk,-71.05837,42.355767,713940
262-222@62j-sj7-835,-71.038848,42.367298,713940
264-222@62j-sg7-mzf,-71.124003,42.326535,713940
265-222@62j-pss-45f,-70.8972,42.519171,713940
266-222@62j-sgc-6x5,-71.145512,42.337522,713940
268-222@62j-rz2-wzf,-71.084949,42.772728,713940
26b-222@62k-p9m-m8v,-71.021207,42.270267,713940
26g-222@62j-sgk-d5f,-71.131772,42.351163,713940
26g-222@62j-sj2-p5f,-71.102234,42.363876,713940
26g-223@62j-sj2-p5f,-71.102294,42.363799,713940
26k-222@62k-p9n-snq,-71.003965,42.252726,713940
26m-222@62j-pst-3nq,-70.882974,42.550662,713940
26p-222@62j-sjv-8n5,-71.113944,42.370658,713940
26p-223@62j-sjv-8n5,-71.113978,42.370637,713940
26r-222@62j-sgf-ygk,-71.117239,42.347826,713940
26v-222@62j-shy-rp9,-71.051339,42.354165,713940
26y-222@62k-p9n-tgk,-71.007889,42.256174,713940
27d-222@62j-sj3-bhq,-71.095482,42.381471,713940
27f-222@62j-shb-54v,-71.176554,42.365108,713940
27m-223@62j-sgf-y35,-71.123949,42.341112,713940
27m-224@62j-sgf-y35,-71.123923,42.341137,713940
27q-222@62j-psr-sqz,-70.893895,42.520974,713940
27q-222@62j-syd-kxq,-71.030978,42.398567,713940
27r-223@62j-shz-s89,-71.054352,42.358657,713940
27y-222@62j-shz-6kz,-71.056381,42.34258,713940
28b-222@62j-sj3-qmk,-71.075987,42.351781,713940
28b-222@62j-sjq-8vz,-71.069906,42.341819,713940
28p-222@62j-sj4-f4v,-71.072019,42.352211,713940
28w-222@62j-sj7-r6k,-71.039326,42.376212,713940
28z-223@62j-sz6-54v,-71.069965,42.427306,713940
29q-222@62j-shx-d35,-71.062463,42.357835,713940
29q-222@62j-sj4-8n5,-71.086949,42.348743,713940
29r-222@62j-sj4-8n5,-71.086588,42.34823,713940
29s-222@62j-sz8-mkz,-71.109251,42.419636,713940
29w-223@62j-sgf-y35,-71.124146,42.34174,713940
2b8-222@62j-shy-z2k,-71.058552,42.353522,713940
2b8-223@62j-sj4-m6k,-71.072405,42.344597,713940
2b8-224@62j-sj4-m6k,-71.072415,42.344587,713940
2b8-225@62j-sj4-m6k,-71.072375,42.344629,713940
2b8-226@62j-sj4-m6k,-71.072366,42.344609,713940
2b8-227@62j-sj4-m6k,-71.072379,42.344625,713940
2b8-228@62j-sj4-m6k,-71.072384,42.344621,713940
2b8-22d@62j-sj4-m6k,-71.072397,42.344621,713940
2b8-22h@62j-sj4-m6k,-71.072376,42.344585,713940
2c9-222@62j-psr-snq,-70.895089,42.522721,713940
2cf-222@62j-shx-bff,-71.05999,42.356772,713940
2ck-222@62j-shz-3h5,-71.058926,42.355976,713940
2cm-222@62j-sj3-q9f,-71.076729,42.350546,713940
2cw-222@62j-pss-wkz,-70.88628,42.558847,713940
2dh-222@62j-she-qvf,-71.218124,42.306481,713940
2dy-222@62k-p9n-yvz,-71.001628,42.244944,713940
2fn-222@62j-shx-cdv,-71.064636,42.36101,713940
2ft-222@62j-pss-wkz,-70.886135,42.559369,713940
2gs-222@62j-shy-4jv,-71.054914,42.363613,713940
2jk-222@62j-sjq-835,-71.065177,42.343631,713940
2jt-222@62j-sj4-j35,-71.069124,42.345965,713940
2kc-222@62j-shx-6p9,-71.067842,42.365545,713940
2mb-222@62j-sj4-nkf,-71.063957,42.34819,713940
2pd-222@62j-shx-c89,-71.068294,42.360475,713940
2tn-222@62j-sj4-5vf,-71.087307,42.345658,713940
zzw-222@62j-pjk-kpv,-70.661344,42.613178,713940
zzw-222@62j-pm6-bx5,-70.638646,42.630239,713940
zzw-222@62j-pm6-cdv,-70.638973,42.6303,713940
zzw-222@62j-pne-975,-71.013079,42.734325,713940
zzw-222@62j-ppr-xyv,-71.115882,42.731774,713940
zzw-222@62j-ppx-b6k,-71.112706,42.76541,713940
zzw-222@62j-pr5-9j9,-70.90564,42.708722,713940
zzw-222@62j-pr5-t35,-70.910695,42.703355,713940
zzw-222@62j-pr7-9xq,-70.956374,42.721337,713940
zzw-222@62j-psd-jgk,-70.875547,42.609516,713940
zzw-222@62j-psd-mp9,-70.872728,42.613125,713940
zzw-222@62j-psr-575,-70.904416,42.523677,713940
zzw-222@62j-psr-z75,-70.890527,42.514902,713940
zzw-222@62j-pss-kpv,-70.878999,42.558284,713940
zzw-222@62j-pss-y5f,-70.888604,42.561342,713940
zzw-222@62j-pst-5zz,-70.884823,42.550909,713940
zzw-222@62j-pst-7h5,-70.884324,42.555232,713940
zzw-222@62j-pst-7kf,-70.884426,42.553099,713940
zzw-222@62j-pst-grk,-70.860002,42.551107,713940
zzw-222@62j-pst-hkf,-70.86882,42.553782,713940
zzw-222@62j-ptf-hkf,-70.971178,42.555334,713940
zzw-222@62j-ptf-v75,-70.981872,42.560072,713940
zzw-222@62j-ptg-8jv,-70.96073,42.559502,713940
zzw-222@62j-ptn-5vf,-70.978429,42.546021,713940
zzw-222@62j-ptq-xdv,-70.924066,42.557123,713940
zzw-222@62j-ptr-4n5,-70.936217,42.567514,713940
zzw-222@62j-pvm-f2k,-70.844766,42.597776,713940
zzw-222@62j-q5f-vcq,-70.883966,42.844176,713940
zzw-222@62j-q5k-qs5,-70.898758,42.842103,713940
zzw-222@62j-q5t-7yv,-70.88504,42.801977,713940
zzw-222@62j-q62-cyv,-70.866275,42.810504,713940
zzw-222@62j-q62-wrk,-70.854489,42.825765,713940
zzw-222@62j-q65-rrk,-70.906444,42.819989,713940
zzw-222@62j-q6v-4y9,-70.988247,42.798437,713940
zzw-222@62j-q77-mp9,-70.872774,42.895362,713940
zzw-222@62j-q77-n5z,-70.869572,42.891964,713940
zzw-222@62j-q7b-zxq,-70.808153,42.91489,713940
zzw-222@62j-q7f-dvz,-70.855858,42.92154,713940
zzw-222@62j-qnn-bhq,-70.922963,42.251784,713940
zzw-222@62j-qrp-7wk,-70.800469,42.220907,713940
zzw-222@62j-qsr-4qf,-70.884318,42.165395,713940
zzw-222@62j-qsr-7kf,-70.88353,42.167379,713940
zzw-222@62j-qst-dy9,-70.854829,42.153844,713940
zzw-222@62j-qst-r49,-70.905007,42.16164,713940
zzw-222@62j-qtt-52k,-70.72413,42.195479,713940
zzw-222@62j-r5p-5pv,-70.902683,42.48831,713940
zzw-222@62j-r5q-9vf,-70.899799,42.468869,713940
zzw-222@62j-rcn-djv,-71.353336,42.863664,713940
zzw-222@62j-rd7-fxq,-71.293811,42.806527,713940
zzw-222@62j-rg4-st9,-71.329451,42.89704,713940
zzw-222@62j-rg5-vxq,-71.33753,42.901735,713940
zzw-222@62j-rh7-gzf,-71.183667,42.724452,713940
zzw-222@62j-rjd-8d9,-71.293794,42.675634,713940
zzw-222@62j-rjq-cqz,-71.136617,42.746027,713940
zzw-222@62j-rk3-4vz,-71.147959,42.703172,713940
zzw-222@62j-rk3-835,-71.162407,42.709523,713940
zzw-222@62j-rk3-swk,-71.141645,42.70466,713940
zzw-222@62j-rkh-bc5,-71.247843,42.77683,713940
zzw-222@62j-rkj-c3q,-71.220932,42.76585,713940
zzw-222@62j-rkp-4d9,-71.250577,42.774314,713940
zzw-222@62j-rr6-mhq,-71.443249,42.674808,713940
zzw-222@62j-rvn-hbk,-71.202455,42.91867,713940
zzw-222@62j-rvv-gtv,-71.185435,42.934073,713940
zzw-222@62j-ryv-9fz,-71.098896,42.853394,713940
zzw-222@62j-rzg-n3q,-71.181674,42.859999,713940
zzw-222@62j-s2t-pn5,-71.056155,42.8432,713940
zzw-222@62j-sbt-3qz,-71.232504,42.453868,713940
zzw-222@62j-sbz-3h5,-71.238042,42.447682,713940
zzw-222@62j-sbz-x5z,-71.218414,42.485011,713940
zzw-222@62j-sc2-vj9,-71.208628,42.48117,713940
zzw-222@62j-sc8-cdv,-71.231464,42.400867,713940
zzw-222@62j-sc9-9cq,-71.200849,42.386711,713940
zzw-222@62j-scb-7t9,-71.19809,42.385073,713940
zzw-222@62j-scb-ysq,-71.253077,42.398101,713940
zzw-222@62j-scd-9s5,-71.236206,42.384816,713940
zzw-222@62j-scg-rtv,-71.189503,42.426437,713940
zzw-222@62j-scg-wx5,-71.207424,42.430625,713940
zzw-222@62j-sdj-ghq,-71.165091,42.509713,713940
zzw-222@62j-sdn-c5z,-71.189833,42.504366,713940
zzw-222@62j-sdp-4n5,-71.188352,42.482117,713940
zzw-222@62j-sdp-5mk,-71.182524,42.483174,713940
zzw-222@62j-sdq-3bk,-71.175682,42.477285,713940
zzw-222@62j-sdr-rhq,-71.158128,42.526094,713940
zzw-222@62j-sds-yn5,-71.12697,42.49843,713940
zzw-222@62j-sds-z2k,-71.12637,42.498241,713940
zzw-222@62j-sf4-d5f,-71.181066,42.427241,713940
zzw-222@62j-sf6-d35,-71.135063,42.471632,713940
zzw-222@62j-sfk-g49,-71.228138,42.53586,713940
zzw-222@62j-sfn-xbk,-71.206738,42.514596,713940
zzw-222@62j-sg7-sqz,-71.138513,42.331917,713940
zzw-222@62j-sg8-4sq,-71.117572,42.332808,713940
zzw-222@62j-sg8-5mk,-71.120222,42.336016,713940
zzw-222@62j-sg8-7nq,-71.113266,42.338227,713940
zzw-222@62j-sg8-9fz,-71.115435,42.329609,713940
zzw-222@62j-sg8-h5z,-71.12893,42.336764,713940
zzw-222@62j-sg9-49z,-71.111439,42.302706,713940
zzw-222@62j-sg9-5fz,-71.107802,42.304749,713940
zzw-222@62j-sgb-wp9,-71.164699,42.325244,713940
zzw-222@62j-sgf-cyv,-71.116388,42.351488,713940
zzw-222@62j-sgf-dd9,-71.114414,42.347183,713940
zzw-222@62j-sgf-psq,-71.123199,42.353048,713940
zzw-222@62j-sgf-tn5,-71.123657,42.354709,713940
zzw-222@62j-sgj-mzf,-71.142161,42.343104,713940
zzw-222@62j-sgj-q2k,-71.153024,42.350592,713940
zzw-222@62j-sgk-835,-71.13291,42.34814,713940
zzw-222@62j-sgk-ghq,-71.147933,42.357149,713940
zzw-222@62j-sgq-wp9,-71.101715,42.265076,713940
zzw-222@62j-sgs-rzf,-71.130229,42.254796,713940
zzw-222@62j-sgs-y5f,-71.128471,42.248388,713940
zzw-222@62j-sgt-bhq,-71.137685,42.249215,713940
zzw-222@62j-sgv-qs5,-71.107279,42.299924,713940
zzw-222@62j-sgw-bp9,-71.087563,42.292393,713940
zzw-222@62j-sgy-n89,-71.136358,42.293862,713940
zzw-222@62j-sh3-975,-71.209274,42.350691,713940
zzw-222@62j-sh3-9j9,-71.208421,42.351559,713940
zzw-222@62j-sh3-pvz,-71.212622,42.354774,713940
zzw-222@62j-sh4-4qf,-71.198856,42.357981,713940
zzw-222@62j-sh4-9fz,-71.187856,42.347927,713940
zzw-222@62j-sh9-8jv,-71.190358,42.36992,713940
zzw-222@62j-sh9-t35,-71.202313,42.363752,713940
zzw-222@62j-sh9-w49,-71.193887,42.362384,713940
zzw-222@62j-shb-52k,-71.176951,42.36569,713940
zzw-222@62j-shc-3wk,-71.182041,42.348852,713940
zzw-222@62j-shd-975,-71.215881,42.370369,713940
zzw-222@62j-she-ygk,-71.193141,42.319284,713940
zzw-222@62j-shf-d5f,-71.222637,42.375314,713940
zzw-222@62j-shh-pqf,-71.203311,42.298327,713940
zzw-222@62j-shj-rrk,-71.173151,42.276552,713940
zzw-222@62j-shj-yd9,-71.167435,42.266952,713940
zzw-222@62j-shk-sbk,-71.176285,42.281941,713940
zzw-222@62j-shm-wkz,-71.212104,42.298786,713940
zzw-222@62j-shx-y35,-71.05257,42.375652,713940
zzw-222@62j-shy-3h5,-71.051928,42.362513,713940
zzw-222@62j-shy-7yv,-71.067896,42.378043,713940
zzw-222@62j-shz-33q,-71.06151,42.350103,713940
zzw-222@62j-shz-4sq,-71.064058,42.355443,713940
zzw-222@62j-shz-789,-71.063208,42.344499,713940
zzw-222@62j-shz-m6k,-71.042681,42.349279,713940
zzw-222@62j-sj2-cdv,-71.096453,42.358445,713940
zzw-222@62j-sj2-cqz,-71.095792,42.358982,713940
zzw-222@62j-sj3-2kz,-71.081931,42.366122,713940
zzw-222@62j-sj3-zfz,-71.089865,42.35109,713940
zzw-222@62j-sj4-p7q,-71.069895,42.350837,713940
zzw-222@62j-sj5-qs5,-71.059829,42.380812,713940
zzw-222@62j-sjc-jsq,-71.057485,42.314997,713940
zzw-222@62j-sjc-tjv,-71.040101,42.315483,713940
zzw-222@62j-sjh-85f,-71.082962,42.317746,713940
zzw-222@62j-sjj-2c5,-71.071815,42.296063,713940
zzw-222@62j-sjm-5cq,-71.035857,42.340015,713940
zzw-222@62j-sjp-fmk,-71.08239,42.333513,713940
zzw-222@62j-sjq-6rk,-71.07241,42.340737,713940
zzw-222@62j-sjq-73q,-71.070914,42.337742,713940
zzw-222@62j-sjr-zmk,-71.13966,42.387902,713940
zzw-222@62j-sjs-g8v,-71.150122,42.393617,713940
zzw-222@62j-sjs-grk,-71.15055,42.393899,713940
zzw-222@62j-sjs-z2k,-71.132688,42.384302,713940
zzw-222@62j-sjv-2rk,-71.13507,42.362897,713940
zzw-222@62j-sjv-4vz,-71.138179,42.359859,713940
zzw-222@62j-sjv-5xq,-71.130656,42.363527,713940
zzw-222@62j-sjv-hqz,-71.112515,42.369554,713940
zzw-222@62j-sjv-pgk,-71.131078,42.374902,713940
zzw-222@62j-sjv-q75,-71.126556,42.37861,713940
zzw-222@62j-sjx-j9z,-71.160663,42.368639,713940
zzw-222@62j-sk2-47q,-71.126958,42.415843,713940
zzw-222@62j-sk2-j5f,-71.112814,42.385616,713940
zzw-222@62j-sk2-v9f,-71.118682,42.387567,713940
zzw-222@62j-sk3-8gk,-71.10602,42.391814,713940
zzw-222@62j-sk3-f2k,-71.09761,42.381293,713940
zzw-222@62j-sk4-tsq,-71.149988,42.414494,713940
zzw-222@62j-skp-nt9,-71.430757,42.437937,713940
zzw-222@62j-smd-y35,-71.454836,42.433334,713940
zzw-222@62j-smr-hyv,-71.491829,42.477199,713940
zzw-222@62j-sn5-kfz,-71.488275,42.450688,713940
zzw-222@62j-sn7-fj9,-71.485748,42.43469,713940
zzw-222@62j-snh-ch5,-71.407152,42.473374,713940
zzw-222@62j-snp-rc5,-71.40403,42.524565,713940
zzw-222@62j-sp4-4jv,-71.395009,42.458473,713940
zzw-222@62j-sp4-4n5,-71.394396,42.457309,713940
zzw-222@62j-sp4-73q,-71.395156,42.458623,713940
zzw-222@62j-sqt-gp9,-71.351058,42.301408,713940
zzw-222@62j-sqx-ht9,-71.421259,42.359584,713940
zzw-222@62j-sr5-94v,-71.396451,42.362373,713940
zzw-222@62j-sr8-8qf,-71.427984,42.361933,713940
zzw-222@62j-src-qxq,-71.391799,42.274335,713940
zzw-222@62j-srd-ks5,-71.379972,42.282955,713940
zzw-222@62j-srd-mrk,-71.385327,42.282686,713940
zzw-222@62j-srf-mhq,-71.447635,42.297104,713940
zzw-222@62j-srh-5s5,-71.433977,42.274025,713940
zzw-222@62j-srh-jgk,-71.416092,42.27602,713940
zzw-222@62j-srm-3wk,-71.385508,42.297087,713940
zzw-222@62j-srr-zxq,-71.2698,42.375452,713940
zzw-222@62j-sry-5s5,-71.265388,42.386795,713940
zzw-222@62j-srz-y35,-71.245264,42.359625,713940
zzw-222@62j-ss2-fpv,-71.246234,42.374116,713940
zzw-222@62j-ss8-7qz,-71.265859,42.286915,713940
zzw-222@62j-ss9-bhq,-71.291658,42.301728,713940
zzw-222@62j-ssc-n5z,-71.268448,42.294199,713940
zzw-222@62j-ssc-n89,-71.267204,42.293131,713940
zzw-222@62j-ssd-7dv,-71.247735,42.329777,713940
zzw-222@62j-ssd-7nq,-71.246387,42.332444,713940
zzw-222@62j-ssd-nkf,-71.26014,42.325678,713940
zzw-222@62j-ssf-vxq,-71.22991,42.306389,713940
zzw-222@62j-ssg-jjv,-71.222051,42.305503,713940
zzw-222@62j-ssg-p35,-71.225949,42.313343,713940
zzw-222@62j-sss-j5f,-71.367555,42.364748,713940
zzw-222@62j-stf-y5f,-71.119388,42.595669,713940
zzw-222@62j-stj-4n5,-71.109809,42.56934,713940
zzw-222@62j-stw-jvz,-71.112003,42.535508,713940
zzw-222@62j-sty-6p9,-71.087119,42.525936,713940
zzw-222@62j-sv2-syv,-71.136306,42.519911,713940
zzw-222@62j-sv7-8qf,-71.137475,42.559669,713940
zzw-222@62j-svb-mzf,-71.195325,42.618688,713940
zzw-222@62j-svg-g49,-71.218234,42.59716,713940
zzw-222@62j-svg-m8v,-71.210027,42.591208,713940
zzw-222@62j-svq-whq,-71.178715,42.55827,713940
zzw-222@62j-svt-fcq,-71.175161,42.546345,713940
zzw-222@62j-swv-s5z,-71.020912,42.573452,713940
zzw-222@62j-swv-w6k,-71.002131,42.579015,713940
zzw-222@62j-swz-t7q,-71.129451,42.641858,713940
zzw-222@62j-swz-ygk,-71.147331,42.654354,713940
zzw-222@62j-sx7-vj9,-71.116087,42.666699,713940
zzw-222@62j-sx8-2hq,-71.130063,42.675422,713940
zzw-222@62j-sxv-y5f,-71.023413,42.46952,713940
zzw-222@62j-sy7-92k,-71.019419,42.48958,713940
zzw-222@62j-syb-7dv,-70.996184,42.410694,713940
zzw-222@62j-syb-ce5,-70.992496,42.403576,713940
zzw-222@62j-syc-vcq,-70.974884,42.385622,713940
zzw-222@62j-syf-g6k,-71.016713,42.403074,713940
zzw-222@62j-syg-6rk,-71.011811,42.382282,713940
zzw-222@62j-syr-3kf,-71.103382,42.480868,713940
zzw-222@62j-syt-mzf,-71.119605,42.475864,713940
zzw-222@62j-syt-xdv,-71.13041,42.473519,713940
zzw-222@62j-syv-68v,-71.115638,42.485161,713940
zzw-222@62j-syy-5mk,-71.069711,42.503015,713940
zzw-222@62j-syy-gtv,-71.078124,42.506472,713940
zzw-222@62j-syz-45f,-71.061494,42.472702,713940
zzw-222@62j-sz2-mx5,-71.102515,42.49362,713940
zzw-222@62j-sz6-3dv,-71.066963,42.428527,713940
zzw-222@62j-sz6-w49,-71.065823,42.405445,713940
zzw-222@62j-sz7-v2k,-71.048726,42.403994,713940
zzw-222@62j-sz8-j9z,-71.111095,42.418418,713940
zzw-222@62j-sz8-jn5,-71.109457,42.415004,713940
zzw-222@62j-sz9-x5z,-71.095938,42.409531,713940
zzw-222@62j-szb-f4v,-71.106928,42.397737,713940
zzw-222@62j-szb-fvf,-71.099401,42.404343,713940
zzw-222@62j-szc-xbk,-71.069561,42.44112,713940
zzw-222@62j-szc-yy9,-71.071638,42.442396,713940
zzw-222@62j-szs-9zz,-70.934828,42.522155,713940
zzw-222@62j-t2f-qmk,-71.03601,42.51223,713940
zzw-222@62j-t2p-mc5,-70.996484,42.519584,713940
zzw-222@62j-t3b-nkf,-71.326945,42.579494,713940
zzw-222@62j-t3h-vzz,-71.315484,42.622525,713940
zzw-222@62j-t3j-st9,-71.307663,42.589473,713940
zzw-222@62j-t3n-6ff,-71.353102,42.6247,713940
zzw-222@62j-t4p-ygk,-71.43174,42.560817,713940
zzw-222@62j-t4s-6ff,-71.397034,42.578167,713940
zzw-222@62j-t4w-2kz,-71.419317,42.568819,713940
zzw-222@62j-t4w-s5z,-71.411023,42.573149,713940
zzw-222@62j-t54-rx5,-71.297942,42.625566,713940
zzw-222@62j-t5f-cdv,-71.27438,42.566776,713940
zzw-222@62j-t5k-xwk,-71.267508,42.560953,713940
zzw-222@62j-w8t-qpv,-70.924994,43.133929,713940
zzw-222@62j-wc8-92k,-70.905245,43.181389,713940
zzw-222@62j-wc8-ndv,-70.915951,43.185155,713940
zzw-222@62j-wch-skf,-70.876289,43.183521,713940
zzw-222@62j-wcj-4n5,-70.881656,43.184423,713940
zzw-222@62j-wdf-8gk,-70.802258,43.013279,713940
zzw-222@62j-wff-28v,-70.832626,42.950788,713940
zzw-222@62j-wfg-gx5,-70.822327,42.929367,713940
zzw-222@62j-wgr-h89,-70.784459,43.034692,713940
zzw-222@62j-wkh-wc5,-71.006552,43.16066,713940
zzw-222@62j-wm3-d35,-71.127982,43.180865,713940
zzw-222@62j-wn6-sdv,-70.967375,42.99445,713940
zzw-222@62j-wq3-qmk,-70.921001,42.979032,713940
zzw-222@62j-wq9-f2k,-70.922534,42.996698,713940
zzw-222@62j-wqd-3kf,-70.935819,42.985318,713940
zzw-222@62j-wsq-yd9,-70.880827,43.218814,713940
zzw-222@62j-wst-vs5,-70.82326,43.233823,713940
zzw-222@62j-wzf-py9,-70.979654,43.260924,713940
zzw-222@62j-x3j-z75,-70.887237,43.239962,713940
zzw-222@62j-x3k-mtv,-70.899355,43.231829,713940
zzw-222@62j-x3z-5j9,-70.976261,43.30403,713940
zzw-222@62j-x3z-6zf,-70.977728,43.304138,713940
zzw-222@62k-273-bkz,-70.687403,41.979096,713940
zzw-222@62k-2bf-7dv,-70.553254,41.817401,713940
zzw-222@62k-2dq-jgk,-70.801437,41.939707,713940
zzw-222@62k-2gm-hkf,-70.733816,41.992695,713940
zzw-222@62k-2h4-qs5,-70.703979,41.923192,713940
zzw-222@62k-2js-zs5,-70.660249,41.742716,713940
zzw-222@62k-2kp-qpv,-70.744146,41.774484,713940
zzw-222@62k-2ww-94v,-70.733871,42.013022,713940
zzw-222@62k-2wz-cnq,-70.683483,42.025407,713940
zzw-222@62k-2wz-f75,-70.685113,42.025428,713940
zzw-222@62k-2x2-2ff,-70.671382,42.038677,713940
zzw-222@62k-2xd-sqz,-70.769461,42.105091,713940
zzw-222@62k-2xd-tjv,-70.763696,42.102426,713940
zzw-222@62k-2xf-89z,-70.768483,42.108475,713940
zzw-222@62k-2xf-b6k,-70.770857,42.100778,713940
zzw-222@62k-2xf-s5z,-70.751789,42.105278,713940
zzw-222@62k-2xj-6c5,-70.807997,42.106645,713940
zzw-222@62k-2z3-grk,-70.745359,42.107127,713940
zzw-222@62k-dy3-kzz,-71.69754,42.660845,713940
zzw-222@62k-fhh-q9f,-71.586237,42.61264,713940
zzw-222@62k-fhh-rhq,-71.577221,42.6139,713940
zzw-222@62k-fkb-h89,-71.48605,42.580174,713940
zzw-222@62k-fkc-575,-71.480893,42.582856,713940
zzw-222@62k-fkc-7yv,-71.479909,42.585768,713940
zzw-222@62k-nr7-jy9,-71.22936,42.06176,713940
zzw-222@62k-nrx-dn5,-71.071677,42.114042,713940
zzw-222@62k-nrz-kmk,-71.095254,42.097289,713940
zzw-222@62k-ns6-cnq,-71.051439,42.100676,713940
zzw-222@62k-nsd-6c5,-71.05476,42.031871,713940
zzw-222@62k-nsj-8vz,-71.043147,42.064668,713940
zzw-222@62k-nsw-v4v,-71.16162,42.09887,713940
zzw-222@62k-nt2-4jv,-71.124319,42.131337,713940
zzw-222@62k-nt2-nwk,-71.104775,42.124528,713940
zzw-222@62k-nt2-syv,-71.121596,42.133089,713940
zzw-222@62k-nwb-b49,-70.974233,41.977364,713940
zzw-222@62k-nwf-6x5,-71.005993,41.974517,713940
zzw-222@62k-nxd-5mk,-71.033017,42.017048,713940
zzw-222@62k-nyq-k75,-71.311527,42.007665,713940
zzw-222@62k-nyw-brk,-71.412534,42.091908,713940
zzw-222@62k-nyz-gx5,-71.44288,42.086394,713940
zzw-222@62k-nzv-tsq,-71.302111,42.085848,713940
zzw-222@62k-p2d-wrk,-71.241502,42.05258,713940
zzw-222@62k-p2h-gp9,-71.284738,42.077866,713940
zzw-222@62k-p2x-8y9,-71.369057,42.142201,713940
zzw-222@62k-p6v-85f,-71.029588,42.190658,713940
zzw-222@62k-p6z-w6k,-71.02756,42.187246,713940
zzw-222@62k-p74-t5f,-71.00255,42.197607,713940
zzw-222@62k-p74-tn5,-71.002982,42.198134,713940
zzw-222@62k-p75-mkz,-71.038821,42.218239,713940
zzw-222@62k-p7v-87q,-71.117498,42.191678,713940
zzw-222@62k-p85-2zf,-71.091022,42.154776,713940
zzw-222@62k-p87-435,-71.073026,42.151096,713940
zzw-222@62k-p87-rtv,-71.10829,42.152833,713940
zzw-222@62k-p8b-7nq,-71.102681,42.155287,713940
zzw-222@62k-p8d-fcq,-71.060326,42.164575,713940
zzw-222@62k-p8d-q75,-71.042249,42.164498,713940
zzw-222@62k-p8p-9j9,-70.983058,42.244177,713940
zzw-222@62k-p8q-2c5,-70.976958,42.221581,713940
zzw-222@62k-p94-6p9,-70.967338,42.189832,713940
zzw-222@62k-p94-85f,-70.968405,42.189936,713940
zzw-222@62k-p9b-45f,-70.948488,42.202366,713940
zzw-222@62k-p9f-tn5,-71.017344,42.234422,713940
zzw-222@62k-p9g-d7q,-71.02598,42.229934,713940
zzw-222@62k-p9j-w8v,-71.050831,42.241302,713940
zzw-222@62k-p9n-ysq,-71.002241,42.245652,713940
zzw-222@62k-p9p-2p9,-71.001107,42.249489,713940
zzw-222@62k-p9p-fj9,-71.01142,42.254912,713940
zzw-222@62k-p9p-rhq,-70.997885,42.25402,713940
zzw-222@62k-pbb-vs5,-70.909426,42.055588,713940
zzw-222@62k-pc5-3qz,-70.984435,42.081814,713940
zzw-222@62k-pcb-fpv,-70.988893,42.105997,713940
zzw-222@62k-pct-q9f,-70.947156,42.038254,713940
zzw-222@62k-pd8-b6k,-70.816871,42.113665,713940
zzw-222@62k-pg6-wx5,-71.253727,42.133061,713940
zzw-222@62k-pg9-sbk,-71.207603,42.164719,713940
zzw-222@62k-pgb-vmk,-71.205533,42.170659,713940
zzw-222@62k-pgm-4gk,-71.288551,42.193951,713940
zzw-222@62k-pgq-3nq,-71.320931,42.194449,713940
zzw-222@62k-phc-nbk,-71.178375,42.241039,713940
zzw-222@62k-phd-qmk,-71.172344,42.243796,713940
zzw-222@62k-phn-sh5,-71.132172,42.244292,713940
zzw-222@62k-phn-xbk,-71.13802,42.235056,713940
zzw-222@62k-phw-jd9,-71.188639,42.179799,713940
zzw-222@62k-phw-ndv,-71.193904,42.172318,713940
zzw-222@62k-phw-nt9,-71.192941,42.17223,713940
zzw-222@62k-phz-v75,-71.157184,42.200799,713940
zzw-222@62k-pjj-brk,-71.265483,42.275237,713940
zzw-222@62k-q6z-cyv,-71.009466,41.82127,713940
zzw-222@62k-q8x-cqz,-70.914516,41.883056,713940
zzw-222@62k-qc8-tjv,-70.773162,41.706592,713940
zzw-222@62k-qty-mzf,-71.473914,42.088685,713940
zzw-222@62k-qvb-dn5,-71.481781,42.050997,713940
zzw-222@62k-r5r-8n5,-71.57111,42.348977,713940
zzw-222@62k-r76-t9z,-71.493393,42.3519,713940
zzw-222@62k-r79-4y9,-71.532962,42.3728,713940
zzw-222@62k-r79-mp9,-71.510541,42.341497,713940
zzw-222@62k-r7b-8d9,-71.505376,42.350506,713940
zzw-222@62k-r7g-s89,-71.50087,42.391263,713940
zzw-222@62k-r7z-y9z,-71.577227,42.395069,713940
zzw-222@62k-r83-bx5,-71.551896,42.361682,713940
zzw-222@62k-r85-ygk,-71.596683,42.364765,713940
zzw-222@62k-r94-gzf,-71.415977,42.191007,713940
zzw-222@62k-r94-y9z,-71.412823,42.200447,713940
zzw-222@62k-r9k-9pv,-71.41539,42.151264,713940
zzw-222@62k-r9q-2tv,-71.54499,42.217762,713940
zzw-222@62k-r9q-g49,-71.517734,42.225748,713940
zzw-222@62k-r9w-b49,-71.54574,42.210083,713940
zzw-222@62k-rbp-rc5,-71.426388,42.248983,713940
zzw-222@62k-rc2-t9z,-71.353837,42.170732,713940
zzw-222@62m-j8c-rx5,-70.975747,43.345866,713940
zzw-223@62j-pg9-jgk,-70.838142,42.680002,713940
zzw-223@62j-pjh-f4v,-70.712355,42.576142,713940
zzw-223@62j-pm5-h3q,-70.650659,42.62557,713940
zzw-223@62j-pm6-cdv,-70.639032,42.630281,713940
zzw-223@62j-ppv-45f,-71.078538,42.774242,713940
zzw-223@62j-ppv-4gk,-71.077447,42.77477,713940
zzw-223@62j-ppv-6tv,-71.075743,42.775861,713940
zzw-223@62j-pst-2hq,-70.887896,42.562008,713940
zzw-223@62j-psx-b49,-70.897932,42.562111,713940
zzw-223@62j-q5t-tjv,-70.88751,42.796141,713940
zzw-223@62j-q65-t9z,-70.906499,42.818556,713940
zzw-223@62j-qnn-btv,-70.922552,42.251583,713940
zzw-223@62j-qsz-qvf,-70.848851,42.156045,713940
zzw-223@62j-qv7-3t9,-70.825299,42.238122,713940
zzw-223@62j-r5n-guk,-70.903051,42.482827,713940
zzw-223@62j-r5q-b6k,-70.899499,42.469047,713940
zzw-223@62j-rjd-5vf,-71.293821,42.673774,713940
zzw-223@62j-rkj-p5f,-71.241138,42.763824,713940
zzw-223@62j-rkp-94v,-71.248751,42.765485,713940
zzw-223@62j-rsx-j7q,-71.350453,42.68153,713940
zzw-223@62j-sby-kzz,-71.242413,42.434776,713940
zzw-223@62j-scd-9xq,-71.237196,42.384889,713940
zzw-223@62j-sdk-3h5,-71.155675,42.482164,713940
zzw-223@62j-sdn-d5f,-71.196049,42.503856,713940
zzw-223@62j-sds-z2k,-71.126399,42.498237,713940
zzw-223@62j-sf6-qzz,-71.135209,42.471826,713940
zzw-223@62j-sf9-g8v,-71.16497,42.460985,713940
zzw-223@62j-sff-y9z,-71.224842,42.496196,713940
zzw-223@62j-sgg-cbk,-71.096241,42.349326,713940
zzw-223@62j-sgj-bp9,-71.14152,42.347094,713940
zzw-223@62j-sgk-jqf,-71.138672,42.359479,713940
zzw-223@62j-sgx-qfz,-71.068218,42.270656,713940
zzw-223@62j-sh5-d35,-71.196519,42.328299,713940
zzw-223@62j-sh9-6zf,-71.187465,42.367215,713940
zzw-223@62j-she-6c5,-71.211161,42.313256,713940
zzw-223@62j-shn-ct9,-71.221314,42.305213,713940
zzw-223@62j-shx-73q,-71.061394,42.372084,713940
zzw-223@62j-shy-33q,-71.053045,42.367685,713940
zzw-223@62j-shy-435,-71.059118,42.366872,713940
zzw-223@62j-shz-3qz,-71.056819,42.355688,713940
zzw-223@62j-shz-sqz,-71.054412,42.355996,713940
zzw-223@62j-sj2-cqz,-71.096043,42.358901,713940
zzw-223@62j-sj2-vcq,-71.084566,42.374383,713940
zzw-223@62j-sj3-xh5,-71.080795,42.346515,713940
zzw-223@62j-sj4-nwk,-71.070877,42.350725,713940
zzw-223@62j-sj8-n3q,-71.089233,42.382483,713940
zzw-223@62j-sj9-7bk,-71.079171,42.3915,713940
zzw-223@62j-sjc-47q,-71.053775,42.311782,713940
zzw-223@62j-sjj-2c5,-71.071887,42.295977,713940
zzw-223@62j-sjp-rhq,-71.056414,42.337233,713940
zzw-223@62j-sjp-ty9,-71.057918,42.335276,713940
zzw-223@62j-sjr-z75,-71.141588,42.38832,713940
zzw-223@62j-sjv-2x5,-71.136763,42.363324,713940
zzw-223@62j-sk2-r8v,-71.106745,42.381287,713940
zzw-223@62j-skp-5pv,-71.453809,42.473796,713940
zzw-223@62j-sn7-9j9,-71.484457,42.433585,713940
zzw-223@62j-snw-tvz,-71.409262,42.453517,713940
zzw-223@62j-sq4-975,-71.338254,42.313768,713940
zzw-223@62j-sr7-k2k,-71.430781,42.360505,713940
zzw-223@62j-srz-2tv,-71.258664,42.396475,713940
zzw-223@62j-ss2-st9,-71.24972,42.374924,713940
zzw-223@62j-ssc-n5z,-71.268293,42.294235,713940
zzw-223@62j-ssd-nkf,-71.260198,42.325674,713940
zzw-223@62j-ssg-jjv,-71.222052,42.305523,713940
zzw-223@62j-sv7-psq,-71.109511,42.566878,713940
zzw-223@62j-sx7-vj9,-71.116071,42.666685,713940
zzw-223@62j-sxb-8sq,-71.108859,42.658835,713940
zzw-223@62j-sxw-3bk,-71.02381,42.453937,713940
zzw-223@62j-syf-x5z,-71.015885,42.385517,713940
zzw-223@62j-syr-3kf,-71.103368,42.480845,713940
zzw-223@62j-syy-dvz,-71.069288,42.501903,713940
zzw-223@62j-sz6-52k,-71.071299,42.428957,713940
zzw-223@62j-sz6-v9f,-71.067132,42.407644,713940
zzw-223@62j-sz6-yvz,-71.061178,42.399231,713940
zzw-223@62j-szf-59f,-71.058645,42.428212,713940
zzw-223@62j-szs-9zz,-70.934085,42.522042,713940
zzw-223@62j-szt-2zf,-70.924555,42.526881,713940
zzw-223@62j-t2q-73q,-71.014072,42.514756,713940
zzw-223@62j-t45-26k,-71.411855,42.614191,713940
zzw-223@62j-t4s-6ff,-71.397009,42.578124,713940
zzw-223@62j-t5z-mc5,-71.378443,42.637753,713940
zzw-223@62j-w92-5pv,-70.910747,43.136173,713940
zzw-223@62j-wc9-f9f,-70.903525,43.188162,713940
zzw-223@62j-wcg-z4v,-70.879578,43.20583,713940
zzw-223@62j-wfd-t7q,-70.834706,42.961319,713940
zzw-223@62j-wqd-3kf,-70.936084,42.98553,713940
zzw-223@62j-wqd-47q,-70.934564,42.982523,713940
zzw-223@62j-wqd-5pv,-70.940032,42.98223,713940
zzw-223@62j-x3y-xkf,-70.979791,43.315963,713940
zzw-223@62k-27d-r6k,-70.650922,41.928875,713940
zzw-223@62k-2dr-qpv,-70.806508,41.924058,713940
zzw-223@62k-2jt-xkf,-70.666668,41.758206,713940
zzw-223@62k-2jv-wp9,-70.723682,41.767113,713940
zzw-223@62k-2wp-q9f,-70.703686,42.091637,713940
zzw-223@62k-fhh-jsq,-71.569054,42.606871,713940
zzw-223@62k-nr9-6c5,-71.187193,42.110509,713940
zzw-223@62k-nrz-kmk,-71.095258,42.097285,713940
zzw-223@62k-nt2-syv,-71.121589,42.133105,713940
zzw-223@62k-nt4-6kz,-71.145748,42.140475,713940
zzw-223@62k-nwm-syv,-70.976823,41.991695,713940
zzw-223@62k-nyw-j9z,-71.409788,42.084605,713940
zzw-223@62k-nyw-nwk,-71.430855,42.091792,713940
zzw-223@62k-p2f-wkz,-71.239927,42.053092,713940
zzw-223@62k-p75-mhq,-71.038637,42.218439,713940
zzw-223@62k-p79-vj9,-71.010118,42.155134,713940
zzw-223@62k-p85-8gk,-71.075318,42.164089,713940
zzw-223@62k-p87-435,-71.072867,42.15116,713940
zzw-223@62k-p8k-33q,-70.969572,42.228514,713940
zzw-223@62k-p98-hnq,-70.918704,42.176243,713940
zzw-223@62k-p9g-g49,-71.029318,42.234449,713940
zzw-223@62k-p9p-47q,-71.004424,42.252008,713940
zzw-223@62k-p9p-n3q,-70.993425,42.261401,713940
zzw-223@62k-pc9-3bk,-71.021515,42.075164,713940
zzw-223@62k-pcp-835,-71.009427,42.038666,713940
zzw-223@62k-pd7-2tv,-70.840602,42.133184,713940
zzw-223@62k-pfq-7wk,-71.219933,42.178277,713940
zzw-223@62k-pg6-rhq,-71.252284,42.146534,713940
zzw-223@62k-phd-99f,-71.172697,42.243288,713940
zzw-223@62k-phj-3qz,-71.188371,42.218977,713940
zzw-223@62k-phj-z75,-71.180145,42.218548,713940
zzw-223@62k-phz-v75,-71.157043,42.200722,713940
zzw-223@62k-qty-mx5,-71.474463,42.089469,713940
zzw-223@62k-r5n-xh5,-71.533807,42.3517,713940
zzw-223@62k-r5q-28v,-71.540248,42.332259,713940
zzw-223@62k-r89-z75,-71.585197,42.396602,713940
zzw-223@62k-rc2-3bk,-71.36587,42.163392,713940
zzw-223@62k-rc5-jn5,-71.404589,42.152712,713940
zzw-223@62k-rcf-mff,-71.466103,42.26233,713940
zzw-224@62j-psd-jn5,-70.873347,42.6098,713940
zzw-224@62j-psd-mc5,-70.874411,42.612415,713940
zzw-224@62j-psm-cdv,-70.884665,42.544842,713940
zzw-224@62j-q5t-7yv,-70.885035,42.801995,713940
zzw-224@62j-q5t-fpv,-70.876319,42.798711,713940
zzw-224@62j-qnn-2x5,-70.906689,42.250033,713940
zzw-224@62j-qsr-ch5,-70.877437,42.158348,713940
zzw-224@62j-qt2-vfz,-70.881386,42.174205,713940
zzw-224@62j-qv7-3t9,-70.82558,42.237979,713940
zzw-224@62j-r5p-5pv,-70.902718,42.488309,713940
zzw-224@62j-rg5-pn5,-71.323845,42.892298,713940
zzw-224@62j-rh5-st9,-71.204284,42.750869,713940
zzw-224@62j-rjy-yqf,-71.184847,42.792589,713940
zzw-224@62j-rwv-x89,-71.166214,43.035487,713940
zzw-224@62j-sc4-gc5,-71.206589,42.468225,713940
zzw-224@62j-sc5-g6k,-71.250524,42.476235,713940
zzw-224@62j-scd-fpv,-71.229394,42.376457,713940
zzw-224@62j-scy-dqf,-71.275088,42.490624,713940
zzw-224@62j-sd5-g6k,-71.27952,42.400225,713940
zzw-224@62j-sdp-3dv,-71.18636,42.4834,713940
zzw-224@62j-sgj-gzf,-71.139384,42.342505,713940
zzw-224@62j-sgx-qfz,-71.067483,42.269887,713940
zzw-224@62j-sgz-49z,-71.114124,42.298716,713940
zzw-224@62j-sh5-d9z,-71.195167,42.330162,713940
zzw-224@62j-shn-2kz,-71.21312,42.30009,713940
zzw-224@62j-shn-94v,-71.221505,42.300565,713940
zzw-224@62j-shv-b6k,-71.208479,42.317855,713940
zzw-224@62j-shx-bp9,-71.059336,42.358615,713940
zzw-224@62j-shz-rx5,-71.055678,42.358102,713940
zzw-224@62j-sj2-cdv,-71.096373,42.358726,713940
zzw-224@62j-sj2-p35,-71.102566,42.364991,713940
zzw-224@62j-sj2-rhq,-71.104188,42.366723,713940
zzw-224@62j-sj3-5mk,-71.080993,42.367023,713940
zzw-224@62j-sj3-p9z,-71.082493,42.348301,713940
zzw-224@62j-sj4-pd9,-71.072095,42.351813,713940
zzw-224@62j-sjk-jd9,-71.047248,42.337032,713940
zzw-224@62j-sjt-h3q,-71.126049,42.367678,713940
zzw-224@62j-sjv-8jv,-71.114151,42.371748,713940
zzw-224@62j-sm4-mff,-71.414854,42.382657,713940
zzw-224@62j-sn7-bzf,-71.4862,42.43285,713940
zzw-224@62j-sqy-3wk,-71.399232,42.322773,713940
zzw-224@62j-sr4-vcq,-71.41228,42.360079,713940
zzw-224@62j-srf-yvz,-71.425168,42.298058,713940
zzw-224@62j-ss2-st9,-71.249791,42.374831,713940
zzw-224@62j-sv4-k4v,-71.104407,42.554949,713940
zzw-224@62j-syd-zvf,-71.048014,42.401953,713940
zzw-224@62j-syq-rrk,-71.103161,42.481978,713940
zzw-224@62j-t4q-33q,-71.430506,42.563772,713940
zzw-224@62j-t54-whq,-71.30684,42.640476,713940
zzw-224@62j-wfd-t7q,-70.834935,42.961354,713940
zzw-224@62j-wgq-q2k,-70.78988,43.029334,713940
zzw-224@62j-wgw-vcq,-70.770167,43.067833,713940
zzw-224@62j-wx5-dvz,-70.757399,43.078076,713940
zzw-224@62k-26r-5cq,-70.684036,41.951276,713940
zzw-224@62k-2xj-66k,-70.807622,42.106118,713940
zzw-224@62k-fdc-b8v,-71.661937,42.649133,713940
zzw-224@62k-nrs-yy9,-71.212866,42.045394,713940
zzw-224@62k-p96-yjv,-70.939517,42.192411,713940
zzw-224@62k-p9n-yd9,-71.001307,42.24832,713940
zzw-224@62k-pfy-6kz,-71.197826,42.192949,713940
zzw-224@62k-pgp-92k,-71.329935,42.190954,713940
zzw-224@62k-pht-xyv,-71.145657,42.158222,713940
zzw-224@62k-r7y-vvf,-71.570021,42.382889,713940
zzw-224@62k-r7z-5s5,-71.568613,42.379549,713940
zzw-224@62k-r7z-q4v,-71.562004,42.391982,713940
zzw-225@62j-ppr-zzz,-71.111265,42.719493,713940
zzw-225@62j-ps7-45f,-70.888978,42.575848,713940
zzw-225@62j-psf-py9,-70.884596,42.587274,713940
zzw-225@62j-psm-dd9,-70.879348,42.547394,713940
zzw-225@62j-qrp-7wk,-70.800374,42.221093,713940
zzw-225@62j-qsq-skf,-70.867289,42.165326,713940
zzw-225@62j-qt2-y9z,-70.877536,42.172319,713940
zzw-225@62j-rcn-djv,-71.353339,42.863649,713940
zzw-225@62j-rct-rx5,-71.348529,42.867473,713940
zzw-225@62j-rkp-3yv,-71.251144,42.77182,713940
zzw-225@62j-s3b-9s5,-71.134577,42.892475,713940
zzw-225@62j-sc9-bhq,-71.20451,42.385429,713940
zzw-225@62j-scb-8y9,-71.189803,42.387283,713940
zzw-225@62j-sgf-psq,-71.123222,42.352994,713940
zzw-225@62j-sh4-26k,-71.199977,42.354839,713940
zzw-225@62j-shn-cnq,-71.220271,42.304768,713940
zzw-225@62j-sj2-rhq,-71.104197,42.366695,713940
zzw-225@62j-sj4-9xq,-71.090859,42.348563,713940
zzw-225@62j-sjf-87q,-71.046439,42.291603,713940
zzw-225@62j-sjw-pjv,-71.185494,42.385715,713940
zzw-225@62j-sk2-vs5,-71.119035,42.388889,713940
zzw-225@62j-ssb-yn5,-71.292839,42.295506,713940
zzw-225@62j-ssg-kfz,-71.227338,42.309957,713940
zzw-225@62j-stx-wp9,-71.104347,42.525586,713940
zzw-225@62j-syv-6ff,-71.116534,42.486167,713940
zzw-225@62j-sz2-n89,-71.102092,42.494026,713940
zzw-225@62j-sz6-w49,-71.065837,42.405443,713940
zzw-225@62j-szc-yy9,-71.071568,42.442437,713940
zzw-225@62j-szd-jqf,-71.065936,42.454555,713940
zzw-225@62j-t4w-2kz,-71.419697,42.568468,713940
zzw-225@62j-wbj-hbk,-70.858113,43.171737,713940
zzw-225@62j-wgw-jjv,-70.770056,43.069153,713940
zzw-225@62j-x3r-hyv,-70.995522,43.313027,713940
zzw-225@62j-x3z-249,-70.976487,43.316792,713940
zzw-225@62k-26r-5cq,-70.684033,41.951272,713940
zzw-225@62k-2kp-qzz,-70.741954,41.775315,713940
zzw-225@62k-2ww-7kf,-70.730172,42.01163,713940
zzw-225@62k-fm3-vfz,-71.574218,42.666735,713940
zzw-225@62k-p9p-bff,-71.014158,42.250967,713940
zzw-225@62k-pc4-cwk,-70.989821,42.07959,713940
zzw-225@62k-pj3-j35,-71.142905,42.173337,713940
zzw-225@62k-qty-n3q,-71.474468,42.089494,713940
zzw-225@62k-r9p-zj9,-71.54042,42.217462,713940
zzw-226@62j-rg5-vxq,-71.337427,42.901759,713940
zzw-226@62j-rjq-2p9,-71.159267,42.744262,713940
zzw-226@62j-rk2-vfz,-71.15302,42.7057,713940
zzw-226@62j-rkd-qs5,-71.160201,42.723985,713940
zzw-226@62j-sbv-pn5,-71.227611,42.447335,713940
zzw-226@62j-sc9-bhq,-71.203735,42.386374,713940
zzw-226@62j-sdt-45f,-71.124367,42.498011,713940
zzw-226@62j-sf4-dn5,-71.182237,42.42449,713940
zzw-226@62j-shr-8qf,-71.175139,42.31899,713940
zzw-226@62j-shz-35z,-71.062449,42.351917,713940
zzw-226@62j-shz-sqz,-71.05452,42.35609,713940
zzw-226@62j-shz-swk,-71.052472,42.356384,713940
zzw-226@62j-sj2-rhq,-71.104221,42.366807,713940
zzw-226@62j-sj3-qj9,-71.07458,42.350118,713940
zzw-226@62j-sj4-p7q,-71.070883,42.351104,713940
zzw-226@62j-sj8-6c5,-71.077525,42.391229,713940
zzw-226@62j-sk2-vs5,-71.119071,42.388867,713940
zzw-226@62j-sk3-66k,-71.120488,42.384475,713940
zzw-226@62j-sqs-jsq,-71.347738,42.28435,713940
zzw-226@62j-sx2-sdv,-71.139036,42.655639,713940
zzw-226@62j-syq-xh5,-71.10082,42.477162,713940
zzw-226@62j-t54-whq,-71.306889,42.640446,713940
zzw-226@62j-wch-75z,-70.872881,43.195322,713940
zzw-226@62j-wgq-q2k,-70.789903,43.029327,713940
zzw-226@62k-2xq-92k,-70.735174,42.010498,713940
zzw-226@62k-pgp-f4v,-71.328504,42.193171,713940
zzw-226@62k-rc5-jn5,-71.405037,42.152069,713940
zzw-227@62j-psp-p7q,-70.923683,42.541241,713940
zzw-227@62j-qnn-2x5,-70.906947,42.250017,713940
zzw-227@62j-sc2-yn5,-71.22048,42.486014,713940
zzw-227@62j-shx-dn5,-71.059539,42.364273,713940
zzw-227@62j-sjx-mx5,-71.157357,42.371467,713940
zzw-227@62j-sk2-k75,-71.106094,42.389628,713940
zzw-227@62j-sp4-47q,-71.396951,42.457627,713940
zzw-227@62j-spg-47q,-71.431797,42.522684,713940
zzw-227@62j-wgq-q2k,-70.789889,43.02933,713940
zzw-227@62k-2xq-8vz,-70.734556,42.010279,713940
zzw-227@62k-p73-2p9,-71.023791,42.22199,713940
zzw-227@62k-phd-99f,-71.173037,42.243035,713940
zzw-228@62j-qsr-nh5,-70.857234,42.159239,713940
zzw-228@62j-sj2-rhq,-71.104184,42.366686,713940
zzw-228@62j-sj2-vcq,-71.084577,42.374368,713940
zzw-228@62j-sj9-2rk,-71.071901,42.384449,713940
zzw-228@62j-sjv-8y9,-71.11339,42.370763,713940
zzw-228@62j-sq7-5fz,-71.358887,42.301224,713940
zzw-228@62j-sx2-sdv,-71.140345,42.655926,713940
zzw-228@62j-wgq-q2k,-70.789889,43.029307,713940
zzw-228@62k-2xq-8vz,-70.734576,42.010301,713940
zzw-228@62k-p9h-v75,-71.077194,42.250668,713940
zzw-228@62k-pc9-3bk,-71.021462,42.075176,713940
zzw-228@62k-r5k-dd9,-71.591412,42.340317,713940
zzw-229@62j-sc9-8n5,-71.201325,42.387314,713940
zzw-229@62j-shz-rx5,-71.055045,42.358161,713940
zzw-229@62j-sj9-7bk,-71.079127,42.391495,713940
zzw-229@62j-sp4-47q,-71.396977,42.457646,713940
zzw-229@62j-ss9-bkz,-71.291528,42.301588,713940
zzw-229@62j-wbj-hbk,-70.857911,43.171456,713940
zzw-229@62k-2wz-cqz,-70.683877,42.024087,713940
zzw-229@62k-p9q-p9z,-71.06672,42.278074,713940
zzw-22b@62j-sj9-7bk,-71.078421,42.391712,713940
zzw-22b@62j-sqm-6p9,-71.347422,42.282702,713940
zzw-22b@62k-2gp-yn5,-70.71624,41.971516,713940
zzw-22b@62k-2xq-92k,-70.735198,42.010522,713940
zzw-22b@62k-phf-g8v,-71.169684,42.225356,713940
zzw-22c@62j-psp-p7q,-70.923668,42.541179,713940
zzw-22c@62j-psr-sqz,-70.8942,42.520702,713940
zzw-22c@62j-sgb-ygk,-71.170979,42.322753,713940
zzw-22c@62j-sk2-k75,-71.105905,42.389728,713940
zzw-22c@62j-sp4-47q,-71.397015,42.457653,713940
zzw-22c@62k-qvb-dn5,-71.481921,42.051035,713940
zzw-22d@62j-pss-wkz,-70.885866,42.558877,713940
zzw-22d@62j-shr-8qf,-71.174926,42.319007,713940
zzw-22g@62j-wq6-rhq,-70.946907,42.98166,713940
zzw-22k@62j-rjq-2p9,-71.158903,42.744216,713940
zzw-22k@62k-nry-kfz,-71.052605,42.092437,713940
zzw-22k@62k-nt4-68v,-71.146045,42.139616,713940
zzw-22q@62j-sj3-nt9,-71.081954,42.347568,713940
zzy-222@62j-psf-q75,-70.885297,42.58682,713940
zzy-222@62j-ptk-psq,-71.002355,42.568969,713940
zzy-222@62j-q65-rrk,-70.906307,42.820016,713940
zzy-222@62j-qnn-d9z,-70.923623,42.247872,713940
zzy-222@62j-qsr-n89,-70.859059,42.159622,713940
zzy-222@62j-qv3-4vz,-70.801842,42.239986,713940
zzy-222@62j-qv7-3wk,-70.826367,42.237249,713940
zzy-222@62j-qv7-835,-70.833863,42.24529,713940
zzy-222@62j-r5p-5zz,-70.900996,42.484986,713940
zzy-222@62j-r7c-rc5,-70.856611,42.510937,713940
zzy-222@62j-rjy-yqf,-71.184606,42.792781,713940
zzy-222@62j-rk3-skf,-71.142949,42.703699,713940
zzy-222@62j-rkb-hkf,-71.117735,42.696731,713940
zzy-222@62j-rkh-grk,-71.233903,42.789785,713940
zzy-222@62j-rr6-9zz,-71.425251,42.659217,713940
zzy-222@62j-rrd-p9z,-71.427297,42.683316,713940
zzy-222@62j-ryn-cqz,-71.104891,42.837489,713940
zzy-222@62j-rzg-n3q,-71.181919,42.859634,713940
zzy-222@62j-sc2-kj9,-71.212296,42.48633,713940
zzy-222@62j-scf-3yv,-71.220412,42.392758,713940
zzy-222@62j-sdk-6kz,-71.150932,42.482209,713940
zzy-222@62j-sf5-t7q,-71.13918,42.457566,713940
zzy-222@62j-sfh-q4v,-71.281846,42.529993,713940
zzy-222@62j-sfk-t5f,-71.244155,42.540313,713940
zzy-222@62j-sg8-5zz,-71.122279,42.334164,713940
zzy-222@62j-sg9-2c5,-71.109149,42.304938,713940
zzy-222@62j-sgb-tjv,-71.16596,42.333353,713940
zzy-222@62j-sgc-3qz,-71.149898,42.335589,713940
zzy-222@62j-sgf-cnq,-71.117086,42.350856,713940
zzy-222@62j-sgf-qzz,-71.125847,42.351774,713940
zzy-222@62j-sgh-26k,-71.09105,42.321654,713940
zzy-222@62j-sgh-rkz,-71.084928,42.329971,713940
zzy-222@62j-sgh-yvz,-71.103288,42.338824,713940
zzy-222@62j-sgt-sbk,-71.120522,42.251716,713940
zzy-222@62j-sgz-3qz,-71.115892,42.300607,713940
zzy-222@62j-sh5-d5f,-71.194668,42.329068,713940
zzy-222@62j-shc-xbk,-71.170266,42.358522,713940
zzy-222@62j-shx-jgk,-71.080809,42.371303,713940
zzy-222@62j-shy-q75,-71.046021,42.354038,713940
zzy-222@62j-sj3-sqz,-71.076335,42.339843,713940
zzy-222@62j-sjd-zj9,-71.048919,42.295406,713940
zzy-222@62j-sjj-kcq,-71.05061,42.293016,713940
zzy-222@62j-sjt-hnq,-71.124554,42.366412,713940
zzy-222@62j-sjv-fs5,-71.112262,42.363865,713940
zzy-222@62j-sjz-6hq,-71.121662,42.395407,713940
zzy-222@62j-sjz-r6k,-71.115908,42.408751,713940
zzy-222@62j-sk3-45f,-71.120278,42.380916,713940
zzy-222@62j-sk3-ks5,-71.11382,42.394977,713940
zzy-222@62j-sk3-nh5,-71.114171,42.393145,713940
zzy-222@62j-sm7-hqz,-71.447541,42.376336,713940
zzy-222@62j-smr-nh5,-71.511288,42.482273,713940
zzy-222@62j-sng-tgk,-71.423984,42.506176,713940
zzy-222@62j-sr4-vvf,-71.416658,42.361959,713940
zzy-222@62j-srm-xwk,-71.371105,42.302539,713940
zzy-222@62j-srz-bzf,-71.27043,42.393516,713940
zzy-222@62j-ss2-gx5,-71.238418,42.375948,713940
zzy-222@62j-ssm-cdv,-71.354232,42.383114,713940
zzy-222@62j-stg-7yv,-71.115801,42.590945,713940
zzy-222@62j-syc-49z,-70.986813,42.380031,713940
zzy-222@62j-sz6-d7q,-71.067683,42.426138,713940
zzy-222@62j-szn-cbk,-70.949391,42.477233,713940
zzy-222@62j-t4q-3bk,-71.428131,42.565599,713940
zzy-222@62j-t5k-zcq,-71.274503,42.561652,713940
zzy-222@62j-wcf-s5z,-70.907365,43.162771,713940
zzy-222@62j-wf2-gkz,-70.832661,42.988961,713940
zzy-222@62j-wq6-rhq,-70.946743,42.981622,713940
zzy-222@62k-2jt-6rk,-70.674065,41.751896,713940
zzy-222@62k-2xt-3wk,-70.772905,42.021429,713940
zzy-222@62k-2xw-pgk,-70.739344,42.033522,713940
zzy-222@62k-ff4-mhq,-71.725631,42.672726,713940
zzy-222@62k-fkd-3dv,-71.474381,42.55211,713940
zzy-222@62k-fkd-59f,-71.474144,42.54681,713940
zzy-222@62k-nwh-5xq,-70.970504,41.961639,713940
zzy-222@62k-nww-nqz,-70.983253,41.902947,713940
zzy-222@62k-p6v-pqf,-71.007204,42.200046,713940
zzy-222@62k-p74-b6k,-70.988133,42.191756,713940
zzy-222@62k-p75-qxq,-71.031076,42.220012,713940
zzy-222@62k-p7j-gc5,-70.984279,42.143852,713940
zzy-222@62k-p7t-s5z,-71.134064,42.228818,713940
zzy-222@62k-p7w-wp9,-71.090639,42.236428,713940
zzy-222@62k-p9r-47q,-71.042187,42.283644,713940
zzy-222@62k-pdt-2zf,-70.926433,42.113966,713940
zzy-222@62k-pdy-jn5,-70.950087,42.098489,713940
zzy-222@62k-pg8-8vz,-71.232754,42.124082,713940
zzy-222@62k-phc-t7q,-71.177314,42.232151,713940
zzy-222@62k-phn-tjv,-71.132034,42.244228,713940
zzy-222@62k-q9n-4jv,-70.81304,41.663414,713940
zzy-222@62k-qc8-tjv,-70.773163,41.706573,713940
zzy-222@62k-qcb-7wk,-70.758496,41.698367,713940
zzy-222@62k-r5n-jy9,-71.552113,42.34728,713940
zzy-222@62k-rbm-zxq,-71.361681,42.218083,713940
zzy-222@62m-jg3-kj9,-71.066092,43.38637,713940
zzy-223@62j-scr-8d9,-71.278085,42.460041,713940
zzy-223@62j-sg8-66k,-71.118752,42.334585,713940
zzy-223@62j-sgf-y7q,-71.121574,42.341728,713940
zzy-223@62j-shc-7kf,-71.186003,42.356855,713940
zzy-223@62j-shy-435,-71.059858,42.367132,713940
zzy-223@62j-shy-6rk,-71.057409,42.368166,713940
zzy-223@62j-sj2-mkz,-71.109502,42.37466,713940
zzy-223@62j-sj3-sqz,-71.076385,42.339835,713940
zzy-223@62j-sj4-8n5,-71.087086,42.348178,713940
zzy-223@62j-sjt-kxq,-71.122372,42.373029,713940
zzy-223@62j-sjv-j35,-71.111135,42.369673,713940
zzy-223@62j-stx-nyv,-71.0889,42.514739,713940
zzy-223@62j-sty-cnq,-71.086851,42.516517,713940
zzy-223@62j-sx8-3yv,-71.131395,42.675801,713940
zzy-223@62j-szt-t35,-70.920546,42.502493,713940
zzy-223@62j-t2f-g8v,-71.032151,42.514637,713940
zzy-223@62j-wf2-gkz,-70.832599,42.988947,713940
zzy-223@62j-wnz-pqf,-71.075913,43.024886,713940
zzy-223@62k-p75-qxq,-71.03108,42.220025,713940
zzy-223@62k-phc-t9z,-71.176528,42.231567,713940
zzy-223@62k-pjg-gzf,-71.237241,42.279995,713940
zzy-223@62k-r5q-4gk,-71.54221,42.33145,713940
zzy-224@62j-psd-jsq,-70.875063,42.609526,713940
zzy-224@62j-scr-8d9,-71.278174,42.459828,713940
zzy-224@62j-shz-4y9,-71.060807,42.356777,713940
zzy-224@62j-sj3-qj9,-71.074113,42.350352,713940
zzy-224@62j-sqx-k9f,-71.422051,42.35997,713940
zzy-224@62j-ssg-n3q,-71.220401,42.309759,713940
zzy-224@62j-t2f-td9,-71.034948,42.515049,713940
zzy-224@62j-x3d-2x5,-70.887455,43.221186,713940
zzy-224@62k-2z5-hqz,-70.691534,42.137981,713940
zzy-225@62j-scr-8d9,-71.278084,42.460039,713940
zzy-225@62j-wx5-dqf,-70.759727,43.078458,713940
zzy-225@62k-phj-8sq,-71.184893,42.210037,713940
zzy-226@62j-sgc-3qz,-71.149933,42.335632,713940
zzz-222@62j-pg9-7dv,-70.834053,42.679125,713940
zzz-222@62j-pmc-zvf,-70.630066,42.655531,713940
zzz-222@62j-ppc-dgk,-71.004126,42.660933,713940
zzz-222@62j-ppj-7wk,-71.013939,42.699289,713940
zzz-222@62j-pqh-fpv,-70.92687,42.748528,713940
zzz-222@62j-prg-d9z,-71.036883,42.756017,713940
zzz-222@62j-psq-7bk,-70.925014,42.531835,713940
zzz-222@62j-psr-7h5,-70.904774,42.511916,713940
zzz-222@62j-pss-n89,-70.868915,42.556274,713940
zzz-222@62j-pv5-jsq,-70.818982,42.629748,713940
zzz-222@62j-pvd-b6k,-70.855766,42.575801,713940
zzz-222@62j-pvk-snq,-70.78547,42.570527,713940
zzz-222@62j-pvq-c5z,-70.915378,42.654851,713940
zzz-222@62j-q5v-9pv,-70.883428,42.808574,713940
zzz-222@62j-q6s-jqf,-71.004272,42.828354,713940
zzz-222@62j-q6t-zs5,-70.980753,42.805591,713940
zzz-222@62j-q6y-hnq,-70.918789,42.817489,713940
zzz-222@62j-q7j-2x5,-70.821339,42.84341,713940
zzz-222@62j-qnq-wp9,-70.867706,42.27906,713940
zzz-222@62j-qnt-hqz,-70.91458,42.304508,713940
zzz-222@62j-qp5-g8v,-70.976825,42.380528,713940
zzz-222@62j-qpc-wzf,-70.958798,42.264619,713940
zzz-222@62j-qpd-n89,-70.952491,42.272792,713940
zzz-222@62j-qrn-yjv,-70.78792,42.217886,713940
zzz-222@62j-qrz-nh5,-70.813821,42.151842,713940
zzz-222@62j-qs5-fmk,-70.764748,42.147054,713940
zzz-222@62j-qsf-pn5,-70.901415,42.216733,713940
zzz-222@62j-qsz-rrk,-70.845211,42.155382,713940
zzz-222@62j-qv3-3yv,-70.809222,42.235009,713940
zzz-222@62j-qv3-dgk,-70.818262,42.240584,713940
zzz-222@62j-r5n-mtv,-70.902025,42.476424,713940
zzz-222@62j-rcq-k2k,-71.322876,42.878381,713940
zzz-222@62j-rdn-75z,-71.372402,42.869764,713940
zzz-222@62j-rgb-wx5,-71.317661,42.905177,713940
zzz-222@62j-rh6-m49,-71.199235,42.728076,713940
zzz-222@62j-rhm-wff,-71.190698,42.671839,713940
zzz-222@62j-rjc-m8v,-71.300336,42.659277,713940
zzz-222@62j-rk3-rc5,-71.137319,42.702122,713940
zzz-222@62j-rk9-y5f,-71.137054,42.733645,713940
zzz-222@62j-rwy-st9,-71.200927,43.032946,713940
zzz-222@62j-rz2-f2k,-71.106673,42.814326,713940
zzz-222@62j-rz2-py9,-71.091664,42.783349,713940
zzz-222@62j-rzr-wff,-71.198431,42.906083,713940
zzz-222@62j-s2y-p35,-71.004075,42.836103,713940
zzz-222@62j-sc8-3dv,-71.211669,42.399521,713940
zzz-222@62j-sc9-wrk,-71.211027,42.38399,713940
zzz-222@62j-sc9-xwk,-71.214012,42.384054,713940
zzz-222@62j-scd-wx5,-71.240082,42.382658,713940
zzz-222@62j-scg-rp9,-71.187854,42.426137,713940
zzz-222@62j-sd4-3yv,-71.306857,42.424781,713940
zzz-222@62j-sd8-ygk,-71.2982,42.413671,713940
zzz-222@62j-sd9-zs5,-71.286902,42.44482,713940
zzz-222@62j-sdj-brk,-71.159422,42.506886,713940
zzz-222@62j-sdm-4jv,-71.141826,42.483092,713940
zzz-222@62j-sdp-47q,-71.190471,42.482091,713940
zzz-222@62j-sdp-5cq,-71.188543,42.48035,713940
zzz-222@62j-sdq-26k,-71.172663,42.478053,713940
zzz-222@62j-sds-hkf,-71.147125,42.506604,713940
zzz-222@62j-sdy-cwk,-71.14441,42.453511,713940
zzz-222@62j-sdy-py9,-71.160142,42.452052,713940
zzz-222@62j-sf3-k4v,-71.172587,42.440845,713940
zzz-222@62j-sf4-2x5,-71.174234,42.426263,713940
zzz-222@62j-sf5-n3q,-71.141043,42.464512,713940
zzz-222@62j-sf6-8qf,-71.128124,42.464719,713940
zzz-222@62j-sf7-dqf,-71.139283,42.445515,713940
zzz-222@62j-sf8-j5f,-71.176522,42.463502,713940
zzz-222@62j-sfp-v2k,-71.278645,42.540075,713940
zzz-222@62j-sg8-c5z,-71.118092,42.324633,713940
zzz-222@62j-sg9-4n5,-71.107669,42.307274,713940
zzz-222@62j-sgg-g6k,-71.111187,42.355207,713940
zzz-222@62j-sgh-whq,-71.087479,42.332527,713940
zzz-222@62j-sgq-k75,-71.086966,42.260073,713940
zzz-222@62j-sgr-sbk,-71.156593,42.28037,713940
zzz-222@62j-sgs-t35,-71.133027,42.25616,713940
zzz-222@62j-sgw-6rk,-71.085088,42.290128,713940
zzz-222@62j-sgw-7t9,-71.084601,42.29005,713940
zzz-222@62j-sgy-t7q,-71.135165,42.287664,713940
zzz-222@62j-sh9-zj9,-71.181606,42.373625,713940
zzz-222@62j-shd-dn5,-71.215093,42.357455,713940
zzz-222@62j-shf-brk,-71.220069,42.373471,713940
zzz-222@62j-shy-94v,-71.071037,42.377324,713940
zzz-222@62j-sj2-6rk,-71.0922,42.370393,713940
zzz-222@62j-sj3-649,-71.08649,42.36864,713940
zzz-222@62j-sj5-qs5,-71.059543,42.380924,713940
zzz-222@62j-sjp-v75,-71.053323,42.338356,713940
zzz-222@62j-sjs-n5z,-71.151174,42.380494,713940
zzz-222@62j-sjs-s3q,-71.128521,42.39121,713940
zzz-222@62j-sjs-swk,-71.137497,42.394168,713940
zzz-222@62j-sjs-zzz,-71.127848,42.386881,713940
zzz-222@62j-sjt-3bk,-71.132342,42.386647,713940
zzz-222@62j-sjt-85f,-71.137653,42.396696,713940
zzz-222@62j-sjt-8y9,-71.145715,42.399902,713940
zzz-222@62j-sjt-hwk,-71.124983,42.365367,713940
zzz-222@62j-sjv-fs5,-71.112295,42.363604,713940
zzz-222@62j-sjw-grk,-71.180586,42.389878,713940
zzz-222@62j-sjz-z9f,-71.1136,42.406724,713940
zzz-222@62j-sk3-26k,-71.117995,42.383018,713940
zzz-222@62j-sk4-rc5,-71.153288,42.412108,713940
zzz-222@62j-sk4-rx5,-71.149223,42.408502,713940
zzz-222@62j-sk5-68v,-71.154922,42.418534,713940
zzz-222@62j-skn-kmk,-71.460298,42.458497,713940
zzz-222@62j-sky-hwk,-71.470701,42.475037,713940
zzz-222@62j-sm8-jd9,-71.447939,42.393939,713940
zzz-222@62j-smq-vvf,-71.510848,42.505271,713940
zzz-222@62j-sn6-ndv,-71.488763,42.430677,713940
zzz-222@62j-snd-f9f,-71.368698,42.475547,713940
zzz-222@62j-snf-nh5,-71.418134,42.501364,713940
zzz-222@62j-snj-vxq,-71.372754,42.508818,713940
zzz-222@62j-snx-q75,-71.397681,42.416421,713940
zzz-222@62j-sny-zcq,-71.369952,42.46273,713940
zzz-222@62j-snz-8vz,-71.366346,42.460645,713940
zzz-222@62j-sq4-hdv,-71.333344,42.303837,713940
zzz-222@62j-sq8-3dv,-71.366132,42.321231,713940
zzz-222@62j-sqd-ks5,-71.359844,42.360758,713940
zzz-222@62j-sqg-vmk,-71.341927,42.280163,713940
zzz-222@62j-sqs-vpv,-71.353047,42.287586,713940
zzz-222@62j-sqx-jd9,-71.419418,42.358295,713940
zzz-222@62j-sr5-z9f,-71.392679,42.341726,713940
zzz-222@62j-sr6-qcq,-71.376141,42.34425,713940
zzz-222@62j-srh-789,-71.429567,42.277533,713940
zzz-222@62j-ss3-hqz,-71.308301,42.390446,713940
zzz-222@62j-ss4-52k,-71.289945,42.385747,713940
zzz-222@62j-ss8-gzf,-71.23635,42.299844,713940
zzz-222@62j-ssf-vvf,-71.230097,42.30772,713940
zzz-222@62j-ssn-9vf,-71.356805,42.395885,713940
zzz-222@62j-sv5-t9z,-71.084067,42.542669,713940
zzz-222@62j-svf-mff,-71.224904,42.618354,713940
zzz-222@62j-svf-wkz,-71.218468,42.613456,713940
zzz-222@62j-svh-47q,-71.209491,42.598992,713940
zzz-222@62j-swt-pjv,-71.011208,42.593393,713940
zzz-222@62j-sxw-n3q,-71.014289,42.469842,713940
zzz-222@62j-sy5-87q,-70.978298,42.455361,713940
zzz-222@62j-sy5-y5f,-70.974869,42.459166,713940
zzz-222@62j-syb-3qz,-71.007178,42.405254,713940
zzz-222@62j-syc-x3q,-70.977849,42.381039,713940
zzz-222@62j-syg-5j9,-71.019804,42.380722,713940
zzz-222@62j-sys-xbk,-71.068665,42.463222,713940
zzz-222@62j-sz6-h5z,-71.082422,42.431008,713940
zzz-222@62j-sz7-yd9,-71.06962,42.41381,713940
zzz-222@62j-sz9-cqz,-71.102359,42.424704,713940
zzz-222@62j-szf-mrk,-71.035011,42.433205,713940
zzz-222@62j-t2c-ch5,-70.954336,42.474024,713940
zzz-222@62j-t2m-26k,-71.061269,42.502366,713940
zzz-222@62j-t2n-ygk,-71.001909,42.544748,713940
zzz-222@62j-t3h-zzz,-71.307941,42.613338,713940
zzz-222@62j-t44-zvf,-71.412791,42.613797,713940
zzz-222@62j-t4d-m6k,-71.389292,42.604747,713940
zzz-222@62j-t4r-7h5,-71.410484,42.547265,713940
zzz-222@62j-t4y-sdv,-71.277038,42.631553,713940
zzz-222@62j-t4y-vs5,-71.273712,42.635638,713940
zzz-222@62j-t4y-vzz,-71.274785,42.634629,713940
zzz-222@62j-t5t-w8v,-71.349248,42.641759,713940
zzz-222@62j-t5x-y7q,-71.379119,42.64251,713940
zzz-222@62j-t62-2c5,-71.363566,42.639468,713940
zzz-222@62j-t64-py9,-71.3298,42.645699,713940
zzz-222@62j-wb2-dn5,-70.946182,43.072542,713940
zzz-222@62j-wx6-99f,-70.769047,43.092275,713940
zzz-222@62j-wx6-nbk,-70.755468,43.067028,713940
zzz-222@62k-26s-y7q,-70.655622,41.944187,713940
zzz-222@62k-26z-rc5,-70.654916,41.952549,713940
zzz-222@62k-272-tvz,-70.684817,41.965688,713940
zzz-222@62k-273-gx5,-70.67745,41.969043,713940
zzz-222@62k-273-j35,-70.684754,41.972856,713940
zzz-222@62k-27f-swk,-70.623673,41.902798,713940
zzz-222@62k-2gn-mp9,-70.739295,42.001676,713940
zzz-222@62k-2wg-9s5,-70.750287,42.071316,713940
zzz-222@62k-2z3-bzf,-70.732152,42.100423,713940
zzz-222@62k-fhw-vzz,-71.51662,42.544118,713940
zzz-222@62k-fj2-7bk,-71.631628,42.609851,713940
zzz-222@62k-fm3-8d9,-71.585271,42.664869,713940
zzz-222@62k-nry-6p9,-71.063988,42.088334,713940
zzz-222@62k-ns5-4n5,-71.041245,42.129829,713940
zzz-222@62k-ns7-xyv,-71.095149,42.12278,713940
zzz-222@62k-nsz-cwk,-71.128305,42.149855,713940
zzz-222@62k-nsz-ndv,-71.114921,42.124501,713940
zzz-222@62k-nsz-rrk,-71.111752,42.125533,713940
zzz-222@62k-nt2-hdv,-71.103903,42.129302,713940
zzz-222@62k-nt2-mhq,-71.109313,42.120513,713940
zzz-222@62k-nwb-tqf,-70.956194,41.969196,713940
zzz-222@62k-nwf-cnq,-71.007375,41.969577,713940
zzz-222@62k-nwm-zcq,-70.977229,41.983597,713940
zzz-222@62k-nz5-j5f,-71.398713,42.077564,713940
zzz-222@62k-nz5-mff,-71.397757,42.080044,713940
zzz-222@62k-p2d-h5z,-71.255719,42.079977,713940
zzz-222@62k-p6z-dgk,-71.036719,42.170804,713940
zzz-222@62k-p72-nt9,-71.00253,42.215498,713940
zzz-222@62k-p72-xdv,-71.001616,42.211303,713940
zzz-222@62k-p7j-975,-70.971965,42.13284,713940
zzz-222@62k-p8m-qfz,-70.938264,42.223572,713940
zzz-222@62k-p8m-qpv,-70.937573,42.221351,713940
zzz-222@62k-p8m-vvf,-70.932404,42.21244,713940
zzz-222@62k-p8v-mtv,-70.977389,42.249521,713940
zzz-222@62k-p8w-2rk,-70.978481,42.251057,713940
zzz-222@62k-p98-sh5,-70.90064,42.176656,713940
zzz-222@62k-p9d-g49,-71.036921,42.259006,713940
zzz-222@62k-p9g-zmk,-71.020394,42.24699,713940
zzz-222@62k-p9j-hqz,-71.065125,42.266557,713940
zzz-222@62k-p9m-f4v,-71.023575,42.276701,713940
zzz-222@62k-p9m-r49,-71.028756,42.279098,713940
zzz-222@62k-pbk-5j9,-70.933882,42.086455,713940
zzz-222@62k-pc7-d35,-71.024644,42.081074,713940
zzz-222@62k-pcs-hh5,-70.948634,42.027547,713940
zzz-222@62k-pcy-hyv,-70.862936,42.101343,713940
zzz-222@62k-pd3-td9,-70.879182,42.114046,713940
zzz-222@62k-pd6-ht9,-70.84531,42.116877,713940
zzz-222@62k-pdh-3nq,-70.870508,42.042787,713940
zzz-222@62k-pdq-j9z,-70.862341,42.062356,713940
zzz-222@62k-pdz-5pv,-70.936007,42.113156,713940
zzz-222@62k-pfq-ghq,-71.222467,42.168888,713940
zzz-222@62k-pfx-skf,-71.22176,42.194847,713940
zzz-222@62k-pg6-rc5,-71.250491,42.146285,713940
zzz-222@62k-pg7-ghq,-71.249026,42.145105,713940
zzz-222@62k-pgb-whq,-71.212985,42.171683,713940
zzz-222@62k-pgd-djv,-71.197235,42.15512,713940
zzz-222@62k-ph5-r8v,-71.286612,42.172612,713940
zzz-222@62k-phm-3qz,-71.170528,42.247707,713940
zzz-222@62k-phn-9j9,-71.144859,42.233104,713940
zzz-222@62k-phw-tsq,-71.208532,42.183766,713940
zzz-222@62k-phx-m8v,-71.195943,42.185155,713940
zzz-222@62k-pjg-h5z,-71.234204,42.281177,713940
zzz-222@62k-pjj-kzz,-71.265782,42.263572,713940
zzz-222@62k-pjk-dn5,-71.259825,42.274769,713940
zzz-222@62k-q8w-9j9,-70.953128,41.850948,713940
zzz-222@62k-qvk-f2k,-71.47193,42.072305,713940
zzz-222@62k-r5f-nnq,-71.568646,42.335492,713940
zzz-222@62k-r5n-9fz,-71.537838,42.348502,713940
zzz-222@62k-r5r-kvf,-71.587766,42.347649,713940
zzz-222@62k-r77-qfz,-71.485355,42.360694,713940
zzz-222@62k-r7z-3h5,-71.578583,42.378753,713940
zzz-222@62k-r7z-syv,-71.559184,42.380655,713940
zzz-222@62k-r87-cyv,-71.566641,42.400564,713940
zzz-222@62k-r87-fmk,-71.569811,42.397008,713940
zzz-222@62k-r87-hdv,-71.563606,42.401276,713940
zzz-222@62k-r88-fzz,-71.544156,42.390409,713940
zzz-222@62k-r88-t7q,-71.556335,42.391179,713940
zzz-222@62k-r8b-rrk,-71.574251,42.399686,713940
zzz-222@62k-r9f-87q,-71.451176,42.127473,713940
zzz-222@62k-rbw-btv,-71.401116,42.262886,713940
zzz-222@62k-rc2-r6k,-71.356688,42.164515,713940
zzz-223@62j-rjc-qcq,-71.307672,42.663908,713940
zzz-223@62j-scx-y5f,-71.275359,42.487455,713940
zzz-223@62j-sjc-v2k,-71.045169,42.318377,713940
zzz-223@62j-sk3-f4v,-71.098418,42.382645,713940
zzz-223@62j-syb-mrk,-71.004905,42.412501,713940
zzz-223@62j-t4y-sdv,-71.2769,42.632054,713940
zzz-223@62k-fm2-x5z,-71.587237,42.668603,713940
zzz-224@62j-sg9-wkz,-71.095107,42.309528,713940
zzz-227@62k-pcn-9xq,-71.005694,42.022157,713940
222-222@62j-ppv-4sq,-71.075953,42.771197,722410
222-222@62j-pst-6tv,-70.878966,42.552173,722410
222-222@62j-q5t-zj9,-70.872093,42.812174,722410
222-222@62j-q62-snq,-70.870468,42.816791,722410
222-222@62j-q6w-2c5,-70.943423,42.837044,722410
222-222@62j-qv5-bhq,-70.844849,42.259241,722410
222-222@62j-rcm-v2k,-71.357267,42.85071,722410
222-222@62j-rjb-nwk,-71.311698,42.692612,722410
222-222@62j-rr7-4n5,-71.419597,42.670594,722410
222-222@62j-rrd-vcq,-71.412164,42.69394,722410
222-222@62j-rrh-xnq,-71.438232,42.697245,722410
222-222@62j-rww-nh5,-71.161873,43.035321,722410
222-222@62j-ryv-9cq,-71.098384,42.854578,722410
222-222@62j-rz2-tqf,-71.083479,42.774312,722410
222-222@62j-sc2-yqf,-71.222533,42.487951,722410
222-222@62j-sfp-tjv,-71.268692,42.537965,722410
222-222@62j-sgf-fj9,-71.10596,42.349582,722410
222-222@62j-sgk-d7q,-71.132254,42.350124,722410
222-222@62j-shx-8vz,-71.066456,42.373531,722410
222-222@62j-shy-45f,-71.058671,42.365421,722410
222-222@62j-shy-mhq,-71.05036,42.349432,722410
222-222@62j-shz-2tv,-71.064653,42.350723,722410
222-222@62j-shz-pgk,-71.042799,42.350797,722410
222-222@62j-sj2-p7q,-71.104169,42.364559,722410
222-222@62j-sj3-33q,-71.083315,42.362485,722410
222-222@62j-sj4-mx5,-71.065498,42.350895,722410
222-222@62j-sj4-p5f,-71.072666,42.349123,722410
222-222@62j-sj8-tn5,-71.071417,42.39424,722410
222-222@62j-spf-9mk,-71.44334,42.542536,722410
222-222@62j-srm-vmk,-71.381633,42.30086,722410
222-222@62j-sry-brk,-71.262916,42.379848,722410
222-222@62j-sry-bzf,-71.263891,42.379256,722410
222-222@62j-ssd-7yv,-71.25461,42.334114,722410
222-222@62j-svh-9j9,-71.209587,42.592672,722410
222-222@62j-sy2-ty9,-71.024812,42.452321,722410
222-222@62j-sy9-h5z,-71.00367,42.402539,722410
222-222@62j-sz6-bzf,-71.063097,42.425557,722410
222-222@62j-t2b-dd9,-70.956563,42.456231,722410
222-222@62j-t39-fj9,-71.354619,42.596167,722410
222-222@62j-t64-ghq,-71.323059,42.647303,722410
222-222@62j-wch-6ff,-70.874638,43.198539,722410
222-222@62j-wdd-6c5,-70.762808,42.986749,722410
222-222@62j-wfd-gkz,-70.854624,42.956742,722410
222-222@62k-fh7-fpv,-71.557555,42.601513,722410
222-222@62k-fht-snq,-71.535481,42.55187,722410
222-222@62k-nzs-nh5,-71.264978,42.093244,722410
222-222@62k-p2d-yd9,-71.236303,42.038726,722410
222-222@62k-p7f-kvf,-71.039218,42.130527,722410
222-222@62k-p98-mrk,-70.911301,42.187008,722410
222-222@62k-pbj-jd9,-70.879972,42.075114,722410
222-222@62k-pf4-ty9,-70.95173,42.14415,722410
222-222@62k-ph9-8qf,-71.305763,42.187305,722410
222-222@62k-pjg-gzf,-71.237558,42.280644,722410
222-222@62k-r94-kxq,-71.429477,42.199819,722410
222-222@62k-rcd-cqz,-71.467656,42.25554,722410
222-222@62k-rcd-wkz,-71.480758,42.261825,722410
222-223@62j-pg8-fs5,-70.83472,42.669705,722410
222-223@62j-pss-28v,-70.895923,42.513373,722410
222-223@62j-rkt-j7q,-71.247392,42.810318,722410
222-223@62j-rrd-vcq,-71.412208,42.694064,722410
222-223@62j-sds-zxq,-71.132191,42.49818,722410
222-223@62j-sgg-99f,-71.09637,42.34529,722410
222-223@62j-sgg-9zz,-71.103175,42.347434,722410
222-223@62j-sj3-nyv,-71.083554,42.348229,722410
222-223@62j-sj8-tn5,-71.070488,42.394982,722410
222-223@62j-smm-s5z,-71.545546,42.481661,722410
222-223@62j-srm-7kf,-71.388678,42.298202,722410
222-223@62k-2hk-fvf,-70.843479,42.009366,722410
222-223@62k-2wp-qj9,-70.702456,42.092778,722410
222-223@62k-fkd-fzz,-71.451194,42.554158,722410
222-223@62k-pdz-y9z,-70.918659,42.147157,722410
222-224@62j-rk9-5zz,-71.140929,42.72723,722410
222-224@62j-shy-mff,-71.051199,42.350432,722410
222-224@62j-shz-2tv,-71.064667,42.35073,722410
222-224@62j-shz-ks5,-71.042974,42.346083,722410
222-224@62j-sj8-tn5,-71.071415,42.394234,722410
222-224@62j-wfg-nqz,-70.83594,42.940792,722410
222-224@62k-p8n-xh5,-71.003674,42.244325,722410
222-224@62k-r7z-mkz,-71.564419,42.388998,722410
222-225@62j-rh6-xbk,-71.205756,42.729641,722410
222-225@62j-sgg-8qf,-71.098947,42.346982,722410
222-225@62j-sgj-2kz,-71.093981,42.33936,722410
222-225@62j-shz-ks5,-71.042935,42.346132,722410
222-225@62j-shz-pjv,-71.041527,42.349223,722410
222-225@62j-shz-r49,-71.051495,42.359511,722410
222-225@62j-sj4-mx5,-71.065673,42.350831,722410
222-226@62j-shz-jjv,-71.039482,42.34809,722410
222-226@62j-sj3-mtv,-71.077054,42.348413,722410
222-228@62k-2wp-qfz,-70.705048,42.091702,722410
223-222@62j-pvm-gff,-70.841188,42.586153,722410
223-222@62j-q62-d35,-70.868144,42.81128,722410
223-222@62j-q77-j7q,-70.872341,42.893054,722410
223-222@62j-q78-5xq,-70.867552,42.902437,722410
223-222@62j-q7h-zvf,-70.817941,42.842748,722410
223-222@62j-qnt-hbk,-70.916213,42.304295,722410
223-222@62j-r5w-hnq,-70.896797,42.506669,722410
223-222@62j-sgg-8d9,-71.099279,42.346135,722410
223-222@62j-shy-4sq,-71.056354,42.363177,722410
223-222@62j-shy-q2k,-71.048639,42.353822,722410
223-222@62j-shy-z4v,-71.058984,42.352268,722410
223-222@62j-shy-zzz,-71.064326,42.352576,722410
223-222@62j-shz-249,-71.064624,42.351346,722410
223-222@62j-shz-qvf,-71.053028,42.357712,722410
223-222@62j-sj7-ks5,-71.025706,42.363416,722410
223-222@62j-sjm-5fz,-71.035664,42.338022,722410
223-222@62j-srb-z2k,-71.398252,42.29914,722410
223-222@62j-sry-y7q,-71.261391,42.39422,722410
223-222@62j-sy5-mff,-70.989075,42.460004,722410
223-222@62j-szb-dy9,-71.104728,42.39768,722410
223-222@62j-wch-6zf,-70.874885,43.195179,722410
223-222@62j-wfm-mrk,-70.835052,42.967434,722410
223-222@62j-wns-d7q,-71.077612,43.005598,722410
223-222@62j-wnz-psq,-71.0782,43.02585,722410
223-222@62j-wx5-9mk,-70.76104,43.07825,722410
223-222@62k-26r-nqz,-70.665154,41.956648,722410
223-222@62k-ny3-gff,-71.344195,42.052427,722410
223-222@62k-p8c-zfz,-71.058471,42.162919,722410
223-222@62k-p8q-yn5,-70.967871,42.219157,722410
223-222@62k-pcp-zpv,-71.007112,42.018429,722410
223-222@62k-pd6-py9,-70.829987,42.126949,722410
223-222@62k-pdm-435,-70.82849,42.060539,722410
223-222@62k-pdt-2p9,-70.927379,42.112994,722410
223-222@62k-pg6-s3q,-71.248889,42.143138,722410
223-222@62k-pjg-gtv,-71.236028,42.27998,722410
223-223@62j-qnp-bff,-70.883154,42.290969,722410
223-223@62j-rg4-t35,-71.329746,42.896737,722410
223-223@62j-sds-6ff,-71.140306,42.503122,722410
223-223@62j-sgg-99f,-71.096647,42.345093,722410
223-223@62j-sj2-dvz,-71.087304,42.362207,722410
223-223@62j-sj2-s3q,-71.099471,42.362634,722410
223-223@62j-sj4-f4v,-71.071616,42.352833,722410
223-223@62j-sjv-bkz,-71.115275,42.375955,722410
223-223@62j-src-h3q,-71.403912,42.302633,722410
223-223@62j-t3n-5fz,-71.358839,42.623035,722410
223-223@62k-2bf-7qz,-70.550125,41.821599,722410
223-223@62k-nzs-nh5,-71.265635,42.093002,722410
223-223@62k-p9n-yd9,-71.00205,42.248094,722410
223-224@62j-pst-5mk,-70.884104,42.548535,722410
223-224@62j-sj4-f4v,-71.071575,42.352841,722410
223-224@62j-wff-xt9,-70.838731,42.941623,722410
223-224@62k-2mt-yy9,-70.749757,41.837365,722410
223-224@62k-2xj-6kz,-70.805519,42.10584,722410
223-225@62j-sj3-p5f,-71.081352,42.348817,722410
223-225@62k-nsn-dsq,-71.06686,42.058382,722410
223-229@62j-sgg-b8v,-71.102743,42.344663,722410
224-222@62j-pss-389,-70.890788,42.519675,722410
224-222@62j-pth-qfz,-70.946651,42.543849,722410
224-222@62j-q78-5vf,-70.866683,42.9037,722410
224-222@62j-rh7-mp9,-71.188201,42.727749,722410
224-222@62j-s4g-vxq,-71.422216,42.913148,722410
224-222@62j-sgk-ct9,-71.133423,42.349845,722410
224-222@62j-sgt-rc5,-71.124083,42.254163,722410
224-222@62j-sgy-h5z,-71.129878,42.286809,722410
224-222@62j-shx-dsq,-71.060795,42.36482,722410
224-222@62j-shy-4jv,-71.055735,42.364062,722410
224-222@62j-shz-28v,-71.066151,42.352162,722410
224-222@62j-shz-45f,-71.058109,42.353636,722410
224-222@62j-shz-tgk,-71.050333,42.359782,722410
224-222@62j-sj2-bzf,-71.09639,42.360839,722410
224-222@62j-sj2-p35,-71.10297,42.364157,722410
224-222@62j-sj3-q75,-71.076184,42.349037,722410
224-222@62j-sj3-yy9,-71.089213,42.349713,722410
224-222@62j-sjv-33q,-71.1328,42.363181,722410
224-222@62j-sjx-gp9,-71.156986,42.368051,722410
224-222@62j-sqp-fxq,-71.309841,42.293136,722410
224-222@62j-srg-rx5,-71.426568,42.273256,722410
224-222@62j-ssc-3bk,-71.292177,42.299404,722410
224-222@62j-sz6-4sq,-71.070711,42.427298,722410
224-222@62j-szf-2hq,-71.048354,42.415547,722410
224-222@62j-t4z-fs5,-71.281378,42.63121,722410
224-222@62j-wff-2hq,-70.832328,42.953144,722410
224-222@62j-wq5-zxq,-70.953949,42.977342,722410
224-222@62k-2jr-ht9,-70.674123,41.761499,722410
224-222@62k-nzs-nnq,-71.265831,42.093454,722410
224-222@62k-pc7-brk,-71.019978,42.080305,722410
224-222@62k-pdd-g8v,-70.85125,42.043231,722410
224-222@62k-qcw-wzf,-70.71725,41.677875,722410
224-223@62j-rjy-ysq,-71.183808,42.791634,722410
224-223@62j-rkt-fzz,-71.245939,42.806096,722410
224-223@62j-shy-q9f,-71.04515,42.352389,722410
224-223@62j-shz-7dv,-71.064084,42.345411,722410
224-223@62j-sjq-5fz,-71.067423,42.340787,722410
224-223@62j-spj-cwk,-71.473438,42.54647,722410
224-223@62j-t65-djv,-71.325337,42.66166,722410
224-223@62j-wx5-9zz,-70.761889,43.07636,722410
224-223@62k-ny8-jjv,-71.327279,42.083366,722410
224-224@62j-pth-r6k,-70.944906,42.540353,722410
224-224@62j-shy-q2k,-71.048338,42.353696,722410
224-224@62j-shz-swk,-71.052015,42.356767,722410
224-224@62j-wch-68v,-70.877881,43.198598,722410
224-224@62j-x3z-59f,-70.974865,43.304359,722410
224-225@62j-ryn-92k,-71.107399,42.836083,722410
224-225@62k-pg6-r8v,-71.253461,42.144776,722410
224-228@62j-shz-swk,-71.052009,42.356779,722410
225-222@62j-pm7-5s5,-70.649691,42.616307,722410
225-222@62j-rkc-zzz,-71.159629,42.720728,722410
225-222@62j-sdk-45f,-71.154326,42.47988,722410
225-222@62j-sgg-bc5,-71.101736,42.343957,722410
225-222@62j-she-j9z,-71.211342,42.313163,722410
225-222@62j-shx-bc5,-71.059957,42.357981,722410
225-222@62j-shx-q4v,-71.070349,42.362046,722410
225-222@62j-shy-qvf,-71.042982,42.350911,722410
225-222@62j-shz-s89,-71.054173,42.35894,722410
225-222@62j-sj5-v2k,-71.039101,42.394484,722410
225-222@62j-sjv-j35,-71.111032,42.369413,722410
225-222@62j-sjv-qmk,-71.122917,42.377187,722410
225-222@62j-sjz-6hq,-71.122223,42.395535,722410
225-222@62j-srz-s3q,-71.246181,42.370008,722410
225-222@62j-t27-yd9,-70.91714,42.467912,722410
225-222@62j-wfg-nyv,-70.837969,42.94002,722410
225-222@62j-wgw-jqf,-70.770742,43.069704,722410
225-222@62j-wq6-rkz,-70.946069,42.981135,722410
225-222@62k-272-nt9,-70.684733,41.973792,722410
225-222@62k-2g4-75z,-70.917217,41.89295,722410
225-222@62k-2y7-zj9,-70.644435,42.091424,722410
225-222@62k-p8n-tn5,-71.007518,42.239159,722410
225-222@62k-pdt-7h5,-70.941057,42.128173,722410
225-222@62k-phk-zxq,-71.170476,42.250996,722410
225-222@62k-phv-6ff,-71.147491,42.152356,722410
225-223@62j-pm7-h89,-70.648694,42.611164,722410
225-223@62j-rk9-5zz,-71.140985,42.727166,722410
225-223@62j-shx-d35,-71.062392,42.35819,722410
225-223@62j-sj7-3h5,-71.039196,42.372722,722410
225-223@62j-t65-3wk,-71.310097,42.645866,722410
225-223@62k-pg6-nkf,-71.255185,42.143322,722410
225-224@62j-shz-2tv,-71.064673,42.350783,722410
225-225@62j-shx-bc5,-71.060235,42.35783,722410
225-225@62j-shx-q4v,-71.070329,42.361948,722410
226-222@62j-ppq-k75,-71.131829,42.742545,722410
226-222@62j-q5t-zfz,-70.869526,42.811029,722410
226-222@62j-q7b-5vf,-70.814059,42.905598,722410
226-222@62j-rk3-3dv,-71.146666,42.702873,722410
226-222@62j-sfk-mp9,-71.228219,42.530322,722410
226-222@62j-sgg-dd9,-71.103648,42.350877,722410
226-222@62j-shs-n89,-71.149563,42.287058,722410
226-222@62j-shx-68v,-71.068824,42.369859,722410
226-222@62j-shz-6zf,-71.05511,42.34184,722410
226-222@62j-shz-qs5,-71.052911,42.359117,722410
226-222@62j-sj9-6zf,-71.079051,42.395754,722410
226-222@62j-sjc-kfz,-71.064849,42.31681,722410
226-222@62j-sjv-q75,-71.12707,42.379274,722410
226-222@62j-sk2-tqf,-71.120617,42.38949,722410
226-222@62j-sx2-sqz,-71.138606,42.657118,722410
226-222@62j-syb-cqz,-70.99141,42.404926,722410
226-222@62j-x3z-6x5,-70.977126,43.30468,722410
226-222@62k-272-zxq,-70.697053,41.976062,722410
226-222@62k-p7b-mc5,-71.008285,42.12933,722410
226-222@62k-p96-r49,-70.937281,42.198947,722410
226-222@62k-pdt-7h5,-70.941564,42.127816,722410
226-222@62k-r82-3kf,-71.574142,42.395091,722410
226-222@62k-rbn-xqz,-71.431212,42.240744,722410
226-223@62j-rcq-zpv,-71.325976,42.880709,722410
226-223@62j-rgy-wx5,-71.212599,42.703767,722410
226-223@62j-shz-swk,-71.052604,42.356648,722410
226-223@62j-sj3-3nq,-71.090684,42.366634,722410
226-223@62j-sz6-4sq,-71.071339,42.427416,722410
226-224@62j-sbz-5s5,-71.236455,42.449564,722410
226-225@62j-shz-435,-71.055186,42.351803,722410
226-225@62j-shz-swk,-71.052783,42.356605,722410
226-228@62j-sjv-bp9,-71.116448,42.377042,722410
227-222@62j-pjk-h89,-70.664619,42.611378,722410
227-222@62j-rz2-vxq,-71.08867,42.77629,722410
227-222@62j-sdk-6tv,-71.151366,42.480953,722410
227-222@62j-sgg-ckf,-71.095164,42.34743,722410
227-222@62j-sgk-j7q,-71.142213,42.361951,722410
227-222@62j-sj3-2tv,-71.081453,42.363373,722410
227-222@62j-sjm-7nq,-71.037283,42.337167,722410
227-222@62j-t2c-6c5,-70.941406,42.462805,722410
227-222@62j-wgw-jqf,-70.770587,43.069745,722410
227-222@62k-26r-m8v,-70.664149,41.956423,722410
227-222@62k-ns7-nt9,-71.100731,42.127,722410
227-222@62k-p8d-ffz,-71.060441,42.163926,722410
227-222@62k-p8n-wzf,-71.003786,42.242636,722410
227-222@62k-p8v-yjv,-70.98004,42.247652,722410
227-222@62k-p9n-y9z,-71.001836,42.248787,722410
227-222@62k-phw-vfz,-71.206634,42.181161,722410
227-222@62k-qc8-g8v,-70.76364,41.704324,722410
227-223@62j-sjc-mtv,-71.058023,42.308409,722410
227-223@62j-wb8-hqz,-70.935313,43.080182,722410
227-223@62k-p9p-3h5,-71.000888,42.247577,722410
228-222@62j-psr-hwk,-70.912035,42.520851,722410
228-222@62j-q7h-zvf,-70.818156,42.842801,722410
228-222@62j-scd-h89,-71.235312,42.376587,722410
228-222@62j-sgc-3kf,-71.149264,42.335938,722410
228-222@62j-sgj-2p9,-71.092806,42.338655,722410
228-222@62j-shx-fcq,-71.056801,42.360987,722410
228-222@62j-shy-4jv,-71.055215,42.363215,722410
228-222@62j-shy-pvz,-71.046339,42.352855,722410
228-222@62j-shz-snq,-71.053734,42.354636,722410
228-222@62j-sj2-s5z,-71.101995,42.364002,722410
228-222@62j-src-ckf,-71.408723,42.299883,722410
228-222@62j-sy9-jvz,-70.997473,42.408288,722410
228-222@62j-syf-jd9,-71.033824,42.415314,722410
228-222@62j-x3z-73q,-70.979214,43.305408,722410
228-222@62k-nsy-ch5,-71.125082,42.132118,722410
228-222@62k-p9g-y7q,-71.028021,42.245199,722410
228-222@62k-ph9-8gk,-71.307796,42.185493,722410
228-222@62k-r5s-5pv,-71.566636,42.342722,722410
228-222@62k-rcf-66k,-71.464636,42.259749,722410
228-223@62j-shx-fcq,-71.0567,42.361009,722410
228-223@62j-wx5-djv,-70.757857,43.077905,722410
229-222@62j-q7k-4y9,-70.81825,42.851291,722410
229-222@62j-r5r-fzz,-70.856662,42.501622,722410
229-222@62j-sg9-2c5,-71.108136,42.305493,722410
229-222@62j-sgg-ckf,-71.09495,42.347416,722410
229-222@62j-sgt-2rk,-71.125751,42.250637,722410
229-222@62j-shm-m8v,-71.235011,42.293646,722410
229-222@62j-shz-73q,-71.056729,42.342807,722410
229-222@62j-sj3-b49,-71.095147,42.378953,722410
229-222@62j-szm-w49,-70.941565,42.484664,722410
229-222@62j-t27-nt9,-70.927515,42.466673,722410
229-222@62j-t3m-xh5,-71.341876,42.607011,722410
229-222@62j-wch-6x5,-70.874661,43.195797,722410
229-222@62k-26r-c5z,-70.666064,41.957434,722410
229-222@62k-26r-g8v,-70.669257,41.962444,722410
229-222@62k-2y5-qfz,-70.674902,42.103003,722410
229-222@62k-ns5-52k,-71.039645,42.13003,722410
229-222@62k-nzs-nnq,-71.26662,42.093673,722410
229-222@62k-pdx-pvz,-70.947861,42.129435,722410
229-223@62k-fjq-r8v,-71.588909,42.559469,722410
229-223@62k-r5r-ffz,-71.572036,42.342313,722410
229-224@62j-pjk-h89,-70.665183,42.611662,722410
22b-222@62j-qnq-vmk,-70.860869,42.274135,722410
22b-222@62j-sgf-t5f,-71.119393,42.352008,722410
22b-222@62j-shx-dgk,-71.06181,42.364509,722410
22b-222@62j-shy-zj9,-71.060019,42.35044,722410
22b-222@62j-sj6-mx5,-71.039314,42.369944,722410
22b-222@62j-sjc-mkz,-71.058577,42.305933,722410
22b-222@62j-sk2-zvf,-71.11997,42.382454,722410
22b-222@62j-ss2-hh5,-71.23677,42.373953,722410
22b-222@62j-t65-575,-71.314143,42.645669,722410
22b-222@62j-wx7-rkz,-70.756907,43.076192,722410
22b-222@62k-p9p-qs5,-70.994294,42.250093,722410
22b-222@62k-pc8-75z,-71.023546,42.093782,722410
22b-223@62j-shz-2ff,-71.063346,42.353064,722410
22b-223@62j-sj4-mx5,-71.066256,42.350808,722410
22b-223@62j-sjc-mkz,-71.058577,42.305915,722410
22b-224@62j-shz-789,-71.063283,42.345174,722410
22b-224@62j-sj4-mx5,-71.066256,42.350818,722410
22b-224@62j-wx5-dvz,-70.756524,43.078875,722410
22c-222@62j-sgh-9xq,-71.103138,42.333469,722410
22c-222@62j-sgx-swk,-71.068081,42.273182,722410
22c-222@62j-sj3-z2k,-71.08919,42.349521,722410
22c-222@62j-sqs-jjv,-71.346532,42.285027,722410
22c-222@62j-t53-rzf,-71.308589,42.632094,722410
22c-222@62j-t54-x89,-71.306987,42.639603,722410
22c-222@62j-wq6-rc5,-70.944859,42.981265,722410
22c-222@62k-26r-c5z,-70.665823,41.957694,722410
22c-222@62k-26r-c89,-70.662875,41.958684,722410
22c-222@62k-p9p-3h5,-71.000602,42.247129,722410
22c-222@62k-phw-ndv,-71.194227,42.173047,722410
22c-223@62j-q7b-7yv,-70.810428,42.911561,722410
22c-223@62j-sgb-wx5,-71.16498,42.322921,722410
22c-223@62k-26r-djv,-70.668262,41.958674,722410
22c-225@62j-pss-zvf,-70.881688,42.559411,722410
22d-222@62j-pss-xbk,-70.881332,42.558115,722410
22d-222@62j-qsn-g8v,-70.888666,42.242622,722410
22d-222@62j-sgh-9zz,-71.102119,42.334742,722410
22d-222@62j-sgk-4y9,-71.134414,42.353082,722410
22d-222@62j-shy-4d9,-71.057987,42.36697,722410
22d-222@62j-shy-z2k,-71.059042,42.353436,722410
22d-222@62j-sj2-jjv,-71.1079,42.367674,722410
22d-222@62j-sj9-7qz,-71.07954,42.394273,722410
22d-222@62j-sjj-4vz,-71.071848,42.286259,722410
22d-222@62j-sjx-4n5,-71.174939,42.397397,722410
22d-222@62j-szs-ysq,-70.92757,42.526663,722410
22d-222@62j-t2b-kvf,-70.966262,42.462011,722410
22d-222@62j-wx5-9vf,-70.760059,43.076288,722410
22d-222@62k-p8v-vcq,-70.983824,42.26244,722410
22d-222@62k-pc9-7wk,-71.012356,42.064018,722410
22f-222@62j-sgj-q4v,-71.152062,42.348884,722410
22f-222@62j-shm-pgk,-71.23194,42.299085,722410
22f-222@62j-sj2-sdv,-71.098645,42.363513,722410
22f-222@62j-sj8-rff,-71.085892,42.3816,722410
22f-222@62j-sk2-zzz,-71.120028,42.38274,722410
22f-222@62j-syr-2x5,-71.097975,42.477717,722410
22f-222@62j-w8t-s5z,-70.925299,43.133711,722410
22f-222@62j-wch-6x5,-70.874866,43.195736,722410
22f-223@62j-sj3-xh5,-71.080815,42.345707,722410
22f-223@62j-wq6-syv,-70.947947,42.981892,722410
22g-222@62j-qsn-ghq,-70.890032,42.242191,722410
22g-222@62j-shy-4jv,-71.055385,42.364169,722410
22g-222@62j-shz-45f,-71.056875,42.353505,722410
22g-222@62j-sj8-dd9,-71.079387,42.382186,722410
22g-222@62j-sjv-9zz,-71.12117,42.372314,722410
22g-222@62j-sz6-dd9,-71.069719,42.426258,722410
22g-222@62j-t65-3t9,-71.310711,42.645949,722410
22g-222@62k-p79-v75,-71.011762,42.154682,722410
22g-223@62j-sj7-rx5,-71.038582,42.375126,722410
22g-223@62j-sj9-6zf,-71.080021,42.395726,722410
22h-222@62j-sgg-vmk,-71.099485,42.332147,722410
22h-222@62j-sh6-x5z,-71.246511,42.346599,722410
22h-222@62j-shv-d7q,-71.208031,42.321632,722410
22h-222@62j-sjp-7nq,-71.062641,42.32148,722410
22h-222@62j-sz6-tqf,-71.060177,42.403255,722410
22h-222@62j-wx7-rkz,-70.757115,43.076709,722410
22h-222@62k-pc8-xyv,-71.020593,42.067451,722410
22h-223@62j-sj3-m6k,-71.078339,42.351411,722410
22h-224@62j-ss2-pjv,-71.237421,42.369927,722410
22h-224@62j-wx7-rrk,-70.754815,43.077129,722410
22j-222@62j-sgy-kcq,-71.127428,42.287364,722410
22j-222@62j-shx-575,-71.061131,42.365096,722410
22j-222@62j-shx-bff,-71.059595,42.357254,722410
22j-222@62j-sj2-4qf,-71.092901,42.366586,722410
22j-222@62j-sj2-c3q,-71.098461,42.362555,722410
22j-222@62j-sjc-nyv,-71.065416,42.307983,722410
22j-222@62j-sk3-jd9,-71.103184,42.388177,722410
22j-222@62j-t65-435,-71.307869,42.64571,722410
22j-223@62j-t65-435,-71.307833,42.645723,722410
22j-223@62k-26r-c5z,-70.665682,41.957599,722410
22k-222@62j-sgk-2x5,-71.134124,42.355115,722410
22k-222@62j-shx-fcq,-71.056755,42.360783,722410
22k-222@62j-shy-mkz,-71.048431,42.350656,722410
22k-222@62j-sjh-zmk,-71.073632,42.299526,722410
22k-222@62k-p7w-6c5,-71.120373,42.207686,722410
22k-222@62k-p9n-y5f,-71.00446,42.248181,722410
22k-224@62j-rkd-syv,-71.150017,42.726104,722410
22k-224@62j-sj3-mrk,-71.079889,42.346489,722410
22m-222@62j-q7b-5xq,-70.813762,42.905204,722410
22m-222@62j-sf6-fcq,-71.130487,42.460701,722410
22m-222@62j-sgh-6tv,-71.105064,42.333806,722410
22m-222@62j-sj8-4jv,-71.084132,42.387601,722410
22m-222@62j-sjs-xt9,-71.131145,42.38598,722410
22m-222@62j-t2b-8sq,-70.950585,42.463397,722410
22n-222@62j-sj3-mzf,-71.078722,42.348257,722410
22n-222@62j-sjq-3wk,-71.057179,42.330524,722410
22n-222@62j-syb-hkf,-70.991582,42.40659,722410
22n-222@62j-syq-zzz,-71.100468,42.478943,722410
22n-222@62j-t54-w8v,-71.309955,42.64127,722410
22n-222@62k-p8v-n5z,-70.976683,42.246313,722410
22n-222@62k-r5s-4n5,-71.562424,42.344276,722410
22n-223@62j-syb-hkf,-70.991601,42.406613,722410
22n-223@62j-wx5-dvz,-70.75734,43.078133,722410
22n-227@62j-sx2-skf,-71.140231,42.656436,722410
22p-222@62j-sf5-q75,-71.136525,42.451854,722410
22p-222@62j-sjv-9mk,-71.120249,42.373551,722410
22p-222@62j-stx-wrk,-71.103065,42.524891,722410
22p-222@62k-nt2-nqz,-71.103321,42.125096,722410
22q-222@62j-shx-f9f,-71.057037,42.361474,722410
22q-222@62j-smd-wff,-71.452302,42.432487,722410
22q-222@62j-sy9-j7q,-71.000175,42.410314,722410
22q-223@62j-smd-wff,-71.452314,42.432543,722410
22q-226@62j-sj6-n89,-71.037971,42.369869,722410
22r-222@62j-q7h-zpv,-70.816607,42.842001,722410
22r-222@62j-sg9-4qf,-71.107496,42.306179,722410
22r-222@62j-sgf-y7q,-71.121193,42.341257,722410
22r-222@62j-shz-qs5,-71.052599,42.358732,722410
22r-222@62j-sz6-bp9,-71.064676,42.424813,722410
22r-222@62k-phk-hdv,-71.164195,42.255864,722410
22r-223@62j-sz6-bp9,-71.064631,42.424815,722410
22s-222@62j-psm-b49,-70.880604,42.54549,722410
22s-222@62j-sgz-4n5,-71.113081,42.300255,722410
22s-222@62j-sgz-4sq,-71.115164,42.300779,722410
22s-222@62j-sj2-t35,-71.105325,42.366073,722410
22s-222@62j-sj4-kj9,-71.075088,42.346286,722410
22s-223@62j-psm-b49,-70.880618,42.545493,722410
22t-222@62j-sh3-9fz,-71.206634,42.349266,722410
22t-222@62j-shy-vj9,-71.048918,42.337924,722410
22t-222@62j-sj3-kxq,-71.079803,42.349266,722410
22v-222@62j-sgt-tsq,-71.120298,42.256484,722410
22v-222@62j-shz-qvf,-71.052673,42.35726,722410
22v-222@62j-sj3-cnq,-71.098202,42.380903,722410
22v-222@62j-sjq-2hq,-71.052752,42.332037,722410
22v-222@62k-p8v-yjv,-70.979793,42.247566,722410
22v-223@62j-rz2-wkz,-71.085383,42.773038,722410
22v-223@62k-p8v-yjv,-70.979797,42.247598,722410
22v-224@62k-p8v-yjv,-70.979765,42.247571,722410
22w-222@62j-t2c-btv,-70.958983,42.468862,722410
22w-222@62k-r5n-5vf,-71.544053,42.347597,722410
22w-223@62j-sj4-p35,-71.072476,42.350665,722410
22w-223@62j-wx7-rrk,-70.754081,43.077043,722410
22w-223@62k-p9n-y9z,-71.002181,42.249132,722410
22w-227@62j-shy-pvz,-71.046781,42.353267,722410
22x-222@62j-psr-y7q,-70.894009,42.517337,722410
22x-223@62j-shy-zvf,-71.057664,42.351417,722410
22x-223@62k-26r-dn5,-70.667128,41.958399,722410
22x-224@62k-phv-4gk,-71.146138,42.154194,722410
22y-222@62j-rz2-wp9,-71.085227,42.772679,722410
22y-222@62j-sgy-h5z,-71.13049,42.286771,722410
22y-222@62j-szf-zmk,-71.046017,42.434352,722410
22y-222@62j-t2b-y9z,-70.94666,42.464372,722410
22z-222@62j-pss-4gk,-70.895877,42.520656,722410
22z-222@62j-shy-pvz,-71.047408,42.353068,722410
22z-222@62j-shz-s3q,-71.057945,42.359039,722410
22z-222@62j-shz-s89,-71.054828,42.358827,722410
22z-222@62j-sjh-nh5,-71.062021,42.293579,722410
22z-222@62j-sz7-r8v,-71.053187,42.40565,722410
22z-222@62j-wx5-djv,-70.75764,43.077644,722410
232-222@62j-sj7-3h5,-71.038804,42.37197,722410
232-222@62j-sk3-p9z,-71.111383,42.399298,722410
232-222@62j-syf-cnq,-71.020547,42.401709,722410
232-223@62j-sj2-c3q,-71.098473,42.361988,722410
232-223@62k-r5n-7wk,-71.547276,42.346442,722410
233-222@62j-sg8-x89,-71.114657,42.311162,722410
233-222@62j-shx-575,-71.061549,42.364729,722410
233-222@62j-sjs-v75,-71.129911,42.396789,722410
233-222@62j-sjz-5s5,-71.124264,42.398964,722410
233-222@62j-t65-3wk,-71.310479,42.645532,722410
233-222@62j-wx5-dgk,-70.757677,43.078671,722410
233-223@62j-t55-2hq,-71.312112,42.644794,722410
234-222@62j-shy-mkz,-71.048295,42.350579,722410
234-222@62j-sjv-bc5,-71.120228,42.372766,722410
235-222@62j-shz-qs5,-71.053183,42.358247,722410
235-222@62j-sj6-nwk,-71.035996,42.367128,722410
235-222@62j-t64-5mk,-71.319477,42.648066,722410
235-223@62j-sg8-wx5,-71.116251,42.310005,722410
236-222@62j-sj4-kj9,-71.075289,42.346439,722410
236-222@62j-sk4-ty9,-71.150533,42.41457,722410
237-222@62j-shx-575,-71.061906,42.365696,722410
237-222@62j-shz-3yv,-71.055416,42.352834,722410
237-222@62j-sj3-whq,-71.075382,42.342213,722410
237-223@62j-sgj-j35,-71.136523,42.338716,722410
237-223@62j-sj3-whq,-71.075367,42.342227,722410
238-222@62j-sgy-h3q,-71.129342,42.285091,722410
238-222@62j-sjp-psq,-71.070302,42.325297,722410
238-223@62j-t65-3wk,-71.310515,42.644937,722410
239-222@62j-sgf-y9z,-71.123275,42.343095,722410
239-222@62j-sgk-2p9,-71.132885,42.355209,722410
239-222@62j-sz7-xqz,-71.062345,42.410539,722410
239-222@62k-pc8-2ff,-71.019513,42.08495,722410
239-224@62j-sj4-mzf,-71.065444,42.349983,722410
23b-222@62j-sj4-6p9,-71.086563,42.343158,722410
23b-222@62j-srh-hnq,-71.41643,42.278537,722410
23b-223@62j-srh-hnq,-71.416554,42.278542,722410
23c-222@62j-sjq-92k,-71.070339,42.34213,722410
23d-222@62j-shb-bp9,-71.188412,42.376964,722410
23d-222@62j-shy-vmk,-71.051231,42.339322,722410
23d-222@62j-sj3-tgk,-71.081653,42.340988,722410
23d-222@62j-sjj-9cq,-71.057629,42.298599,722410
23d-222@62j-sk4-zvf,-71.141315,42.404739,722410
23d-222@62j-t65-3qz,-71.309017,42.6454,722410
23d-222@62k-26r-dn5,-70.667828,41.958439,722410
23f-222@62j-rk3-cqz,-71.156713,42.699251,722410
23f-222@62j-sgk-2x5,-71.134049,42.355146,722410
23f-222@62j-sjp-85f,-71.068164,42.323677,722410
23f-222@62j-sjq-6ff,-71.072596,42.339863,722410
23f-222@62j-sk2-r49,-71.10611,42.3817,722410
23g-223@62j-sgh-2c5,-71.092192,42.321704,722410
23g-223@62k-pjg-gtv,-71.235389,42.279989,722410
23g-224@62j-sdk-6kz,-71.150922,42.481902,722410
23h-222@62j-sgk-d5f,-71.131043,42.351,722410
23h-222@62j-sjq-94v,-71.070583,42.341147,722410
23h-223@62j-sgk-d5f,-71.131001,42.350974,722410
23j-222@62j-shx-9vf,-71.063906,42.361037,722410
23j-222@62j-sjd-7yv,-71.056581,42.322169,722410
23j-222@62j-ss2-p9z,-71.237661,42.368205,722410
23j-222@62j-t54-wkz,-71.308834,42.642134,722410
23j-223@62j-shz-qs5,-71.052817,42.359155,722410
23k-222@62j-rk8-4n5,-71.153195,42.697357,722410
23k-222@62j-sgj-dqf,-71.137642,42.353806,722410
23k-222@62j-sjk-3t9,-71.039687,42.332393,722410
23m-222@62j-q5h-8vz,-70.93105,42.857575,722410
23m-222@62j-shz-4qf,-71.062297,42.354085,722410
23m-222@62j-sj7-389,-71.039391,42.370187,722410
23m-222@62j-t65-3qz,-71.309174,42.644575,722410
23m-222@62k-p9n-yd9,-71.001235,42.247891,722410
23m-223@62k-2js-zmk,-70.658912,41.742198,722410
23n-222@62j-qp4-qcq,-70.985851,42.374692,722410
23n-222@62j-sgg-8qf,-71.098539,42.346959,722410
23n-224@62j-shx-bff,-71.059971,42.357294,722410
23p-222@62j-shy-2p9,-71.052747,42.365596,722410
23q-222@62j-sgg-9zz,-71.102709,42.347007,722410
23q-224@62j-q5h-8vz,-70.931108,42.857472,722410
23r-222@62j-q5h-92k,-70.928412,42.857581,722410
23r-222@62j-sgf-y5f,-71.120709,42.342599,722410
23r-222@62j-shx-bkz,-71.061475,42.358073,722410
23r-222@62j-shy-2p9,-71.053285,42.365374,722410
23r-222@62j-sjk-68v,-71.035618,42.334676,722410
23r-223@62j-smd-wp9,-71.453558,42.431709,722410
23s-222@62j-sj3-9zz,-71.094802,42.379791,722410
23s-222@62j-sj3-nkf,-71.083229,42.34968,722410
23s-222@62k-pcf-ghq,-71.021644,42.104561,722410
23s-223@62j-sjv-8n5,-71.114488,42.370907,722410
23t-222@62j-psm-dgk,-70.87972,42.546179,722410
23t-222@62j-sgg-d35,-71.096124,42.34852,722410
23t-222@62j-sjk-ty9,-71.027365,42.333153,722410
23t-222@62j-t27-jn5,-70.931912,42.465734,722410
23t-223@62j-sj6-qvf,-71.03616,42.372991,722410
23t-223@62j-sjz-jsq,-71.131172,42.397624,722410
23v-222@62j-psr-whq,-70.893164,42.524501,722410
23v-222@62j-sgj-s89,-71.149692,42.354924,722410
23v-222@62j-sk2-v2k,-71.120005,42.389753,722410
23v-222@62j-syc-x5z,-70.979679,42.382575,722410
23w-222@62j-shb-6hq,-71.18267,42.366281,722410
23w-222@62j-shb-td9,-71.166623,42.350311,722410
23w-222@62j-shz-28v,-71.065596,42.351956,722410
23w-222@62j-t65-3qz,-71.308658,42.645331,722410
23w-223@62j-shz-28v,-71.065562,42.351948,722410
23x-222@62j-sgg-9cq,-71.096326,42.344679,722410
23x-222@62k-273-pjv,-70.688215,41.979407,722410
23x-223@62j-sgj-rkz,-71.153144,42.34942,722410
23x-223@62j-sjp-snq,-71.055026,42.335077,722410
23y-222@62j-q5h-8vz,-70.93151,42.857207,722410
23y-222@62j-sgk-bp9,-71.130639,42.350101,722410
23y-222@62j-sj3-9zz,-71.094354,42.380038,722410
23y-222@62j-sjq-7t9,-71.066708,42.341465,722410
23z-222@62j-sf5-q4v,-71.136388,42.452594,722410
23z-222@62j-sj2-q2k,-71.108695,42.364065,722410
23z-225@62j-sj4-mzf,-71.065556,42.349941,722410
23z-226@62j-sj4-mzf,-71.065465,42.350029,722410
23z-228@62j-sj4-mzf,-71.065567,42.349928,722410
242-222@62j-psn-g8v,-70.89067,42.522267,722410
243-222@62j-t53-vpv,-71.303325,42.636366,722410
243-223@62j-sjk-j35,-71.039757,42.335383,722410
243-227@62j-sjt-kxq,-71.122666,42.372344,722410
244-222@62j-shx-c5z,-71.067959,42.360959,722410
244-222@62j-sjh-swk,-71.065909,42.284484,722410
244-223@62j-sgf-y35,-71.123289,42.341911,722410
245-222@62j-sgf-bx5,-71.108406,42.3461,722410
245-222@62j-shy-z2k,-71.059169,42.353827,722410
245-222@62j-sj3-9zz,-71.09438,42.379954,722410
245-223@62j-sgh-fvf,-71.108287,42.322581,722410
246-223@62j-sj3-m6k,-71.078561,42.35089,722410
247-222@62j-sjq-7qz,-71.066749,42.342762,722410
248-222@62j-shz-28v,-71.065655,42.351945,722410
249-222@62j-sj5-vcq,-71.038245,42.390956,722410
24c-222@62j-sjc-gc5,-71.057178,42.312265,722410
24c-222@62j-sjz-5pv,-71.122943,42.397359,722410
24c-222@62j-sk2-pjv,-71.106451,42.378138,722410
24d-222@62j-sgk-2x5,-71.134044,42.355148,722410
24f-222@62j-pst-5vf,-70.883537,42.55053,722410
24f-222@62j-q5h-8vz,-70.931513,42.856957,722410
24f-222@62j-shz-qs5,-71.052687,42.359172,722410
24f-222@62j-sjm-68v,-71.036049,42.335811,722410
24f-222@62j-sjq-3qz,-71.056726,42.330469,722410
24g-222@62j-sjv-99f,-71.121556,42.373518,722410
24h-222@62j-sj3-9j9,-71.101502,42.374521,722410
24h-222@62j-sjk-fj9,-71.04122,42.331266,722410
24h-223@62j-sgf-y5f,-71.121564,42.342779,722410
24j-222@62k-pfx-h3q,-71.20146,42.192049,722410
24k-222@62j-sg9-y5f,-71.114599,42.320696,722410
24m-222@62j-sj3-kvf,-71.079673,42.350196,722410
24m-222@62j-sj4-pd9,-71.071846,42.351267,722410
24m-222@62j-sys-m6k,-71.069139,42.468945,722410
24m-223@62j-sjv-9zz,-71.121496,42.372378,722410
24n-223@62j-shy-rp9,-71.051785,42.353654,722410
24n-223@62j-sj3-cnq,-71.098277,42.380938,722410
24n-225@62j-shy-rp9,-71.051754,42.353703,722410
24p-222@62j-sjm-7kf,-71.0404,42.335968,722410
24r-222@62j-psr-swk,-70.895583,42.521983,722410
24r-222@62j-sj3-cnq,-71.098367,42.381107,722410
24r-223@62j-sgk-3qz,-71.128638,42.352383,722410
24r-223@62j-shc-rx5,-71.164983,42.350326,722410
24t-223@62j-pjj-mzf,-70.665579,42.612002,722410
24t-223@62k-phm-3wk,-71.172582,42.248156,722410
24v-222@62j-sj3-mrk,-71.079232,42.346998,722410
24v-222@62j-t2b-94v,-70.950064,42.464558,722410
24v-228@62j-sj3-mrk,-71.079222,42.346998,722410
24w-223@62j-sj4-p9z,-71.070533,42.349875,722410
24x-222@62j-sjv-9zz,-71.121144,42.371882,722410
252-224@62j-sj3-cnq,-71.098127,42.38105,722410
252-225@62j-sj3-cnq,-71.097942,42.381102,722410
253-222@62j-shx-brk,-71.059046,42.358175,722410
254-222@62j-sjq-92k,-71.070521,42.342339,722410
255-222@62j-sjv-9zz,-71.120837,42.372485,722410
257-222@62j-sjv-9zz,-71.120849,42.372446,722410
259-223@62j-psr-sqz,-70.894253,42.521238,722410
25b-222@62j-shz-249,-71.06454,42.351508,722410
25g-222@62j-shy-2p9,-71.052716,42.365596,722410
25h-222@62j-sj3-wp9,-71.072497,42.343245,722410
25m-222@62j-shx-brk,-71.059063,42.357741,722410
25n-222@62j-sj3-n89,-71.084165,42.348652,722410
25p-222@62j-shy-3wk,-71.057904,42.366516,722410
25q-222@62j-sgk-3h5,-71.131882,42.35339,722410
25r-222@62j-shy-8vz,-71.062773,42.373953,722410
25s-222@62j-shy-zcq,-71.058449,42.350499,722410
25v-222@62j-sj2-8gk,-71.09701,42.373068,722410
25v-222@62j-sjd-7kf,-71.056479,42.318972,722410
25w-222@62j-shy-zcq,-71.05831,42.350743,722410
25w-222@62j-sj4-c3q,-71.069982,42.35675,722410
262-223@62j-rz2-wx5,-71.08501,42.773904,722410
264-222@62j-shy-4vz,-71.054649,42.36397,722410
265-223@62j-sj2-89z,-71.096119,42.372949,722410
267-222@62j-sjm-68v,-71.03525,42.335792,722410
267-222@62k-pc7-c5z,-71.020487,42.082695,722410
26b-223@62j-sj3-nt9,-71.081871,42.34724,722410
26b-224@62j-sj4-j7q,-71.070533,42.347006,722410
26d-222@62j-sj4-mc5,-71.069975,42.344687,722410
26k-222@62j-rz2-wzf,-71.08435,42.773344,722410
26m-222@62j-sj4-ks5,-71.073177,42.348515,722410
26n-222@62j-t2c-7wk,-70.945147,42.463844,722410
26n-224@62j-t2c-7wk,-70.945139,42.463832,722410
26s-222@62j-sgk-d35,-71.13501,42.349549,722410
26s-223@62j-sj5-vfz,-71.038873,42.390297,722410
26t-223@62j-sjq-8vz,-71.069302,42.341669,722410
26x-222@62j-sj4-m6k,-71.072712,42.343603,722410
275-222@62j-sj3-nt9,-71.08251,42.347165,722410
276-222@62j-sgh-9pv,-71.103351,42.333876,722410
27f-222@62j-sj2-8gk,-71.096856,42.372942,722410
27t-222@62j-shz-249,-71.064155,42.351359,722410
27t-223@62j-sjh-qxq,-71.063812,42.286861,722410
27w-222@62j-srh-jgk,-71.415515,42.275637,722410
288-222@62j-shz-2c5,-71.062994,42.353909,722410
288-222@62j-sj4-8n5,-71.086272,42.348766,722410
28b-222@62j-sj3-yy9,-71.089272,42.349828,722410
28h-222@62j-sjp-gtv,-71.0759,42.336946,722410
28n-222@62j-sgk-bp9,-71.130931,42.350767,722410
28n-222@62j-sj4-ks5,-71.074016,42.348889,722410
28q-222@62j-sgg-bp9,-71.100949,42.34392,722410
28t-222@62j-sjp-jd9,-71.076699,42.336458,722410
28v-222@62j-psr-yjv,-70.893561,42.51839,722410
29c-222@62j-shy-zcq,-71.058176,42.349908,722410
29k-222@62j-shz-s89,-71.05388,42.359494,722410
29k-223@62j-shz-s89,-71.053994,42.359565,722410
29m-222@62j-shy-4y9,-71.053939,42.363388,722410
29w-222@62j-shx-d35,-71.062649,42.358412,722410
29y-222@62j-shy-52k,-71.055666,42.364317,722410
29z-222@62j-sgg-bc5,-71.101744,42.343775,722410
2b7-222@62j-sj3-n89,-71.084409,42.349285,722410
2bf-222@62j-shz-249,-71.06453,42.351818,722410
2bt-222@62j-shz-3h5,-71.060082,42.356414,722410
2c2-222@62j-shx-bff,-71.06037,42.356865,722410
2c9-222@62j-shy-33q,-71.053397,42.367364,722410
2dj-222@62j-sj2-p7q,-71.10448,42.364749,722410
2gs-222@62j-shy-49z,-71.056256,42.366042,722410
2gz-222@62j-sgg-9cq,-71.09583,42.344797,722410
2tx-222@62j-sj3-p5f,-71.08104,42.348723,722410
2w5-222@62j-shz-249,-71.064252,42.351377,722410
zzw-222@62j-pg6-xwk,-70.850231,42.689586,722410
zzw-222@62j-q5h-92k,-70.928929,42.857559,722410
zzw-222@62j-rk6-ty9,-71.171235,42.708263,722410
zzw-222@62j-rk8-4n5,-71.153554,42.697573,722410
zzw-222@62j-s32-wff,-71.044699,42.855319,722410
zzw-222@62j-sc2-8n5,-71.223551,42.487599,722410
zzw-222@62j-sds-6tv,-71.138859,42.502698,722410
zzw-222@62j-sf8-m6k,-71.167003,42.46244,722410
zzw-222@62j-sg9-vpv,-71.100845,42.313475,722410
zzw-222@62j-sgg-cbk,-71.095801,42.349343,722410
zzw-222@62j-sgh-v2k,-71.081688,42.331709,722410
zzw-222@62j-sgj-wc5,-71.150877,42.341086,722410
zzw-222@62j-sgj-ygk,-71.147023,42.346707,722410
zzw-222@62j-sgk-3bk,-71.1316,42.35268,722410
zzw-222@62j-sh4-syv,-71.191822,42.330079,722410
zzw-222@62j-sh6-bzf,-71.228461,42.349126,722410
zzw-222@62j-shx-9pv,-71.063079,42.36094,722410
zzw-222@62j-shx-bhq,-71.061524,42.358289,722410
zzw-222@62j-shx-q4v,-71.070101,42.362086,722410
zzw-222@62j-shx-td9,-71.074439,42.367183,722410
zzw-222@62j-shy-33q,-71.053002,42.367681,722410
zzw-222@62j-shy-4n5,-71.055312,42.363103,722410
zzw-222@62j-shz-6kz,-71.056519,42.342703,722410
zzw-222@62j-shz-73q,-71.057018,42.343266,722410
zzw-222@62j-shz-pgk,-71.041501,42.350661,722410
zzw-222@62j-sj2-54v,-71.090744,42.366148,722410
zzw-222@62j-sj3-qcq,-71.077796,42.349732,722410
zzw-222@62j-sj3-z4v,-71.089738,42.350589,722410
zzw-222@62j-sj4-kxq,-71.071914,42.344332,722410
zzw-222@62j-sj4-rp9,-71.088212,42.35919,722410
zzw-222@62j-sj6-5pv,-71.039666,42.388078,722410
zzw-222@62j-sj7-kj9,-71.025017,42.363974,722410
zzw-222@62j-sj7-mp9,-71.020565,42.370751,722410
zzw-222@62j-sj8-4qf,-71.084669,42.387873,722410
zzw-222@62j-sj8-7h5,-71.07957,42.391352,722410
zzw-222@62j-sj8-wrk,-71.068624,42.39617,722410
zzw-222@62j-sjc-j9z,-71.056931,42.318157,722410
zzw-222@62j-sjq-8y9,-71.069507,42.341519,722410
zzw-222@62j-sjq-975,-71.068902,42.342922,722410
zzw-222@62j-sk2-h3q,-71.109628,42.38384,722410
zzw-222@62j-sk3-66k,-71.119127,42.385103,722410
zzw-222@62j-srg-td9,-71.417799,42.276644,722410
zzw-222@62j-srj-tvz,-71.400267,42.302231,722410
zzw-222@62j-ssy-8vz,-71.368313,42.41402,722410
zzw-222@62j-swm-kzz,-71.034498,42.573176,722410
zzw-222@62j-syh-nbk,-70.989194,42.418565,722410
zzw-222@62j-szs-yn5,-70.927197,42.525681,722410
zzw-222@62j-t2c-3t9,-70.941691,42.460821,722410
zzw-222@62j-t66-w6k,-71.374335,42.679943,722410
zzw-222@62j-w8t-sbk,-70.926876,43.134645,722410
zzw-222@62j-wfd-k2k,-70.853587,42.945596,722410
zzw-222@62j-wn6-tqf,-70.971541,42.994175,722410
zzw-222@62j-wq7-3h5,-70.96225,42.981315,722410
zzw-222@62j-wsc-zj9,-70.863986,43.264883,722410
zzw-222@62j-wx5-dvz,-70.757108,43.07858,722410
zzw-222@62j-wx7-rrk,-70.754394,43.077306,722410
zzw-222@62k-2gp-ygk,-70.714942,41.97099,722410
zzw-222@62k-3yh-rx5,-70.638004,41.7502,722410
zzw-222@62k-nzs-f4v,-71.280589,42.082409,722410
zzw-222@62k-nzs-zcq,-71.268158,42.091897,722410
zzw-222@62k-p2b-6x5,-71.303959,42.03252,722410
zzw-222@62k-p6x-zvf,-71.065169,42.202236,722410
zzw-222@62k-p74-hqz,-71.000209,42.198762,722410
zzw-222@62k-p76-n3q,-71.023503,42.218986,722410
zzw-222@62k-p8c-yy9,-71.058699,42.162752,722410
zzw-222@62k-p8d-ks5,-71.065814,42.155701,722410
zzw-222@62k-p9k-xh5,-71.050691,42.24318,722410
zzw-222@62k-p9m-qzz,-71.028753,42.279857,722410
zzw-222@62k-p9p-47q,-71.003379,42.251924,722410
zzw-222@62k-p9r-fj9,-71.055358,42.283936,722410
zzw-222@62k-pbm-3nq,-70.923627,42.084075,722410
zzw-222@62k-pgb-cyv,-71.198641,42.166778,722410
zzw-222@62k-phm-3h5,-71.170351,42.25044,722410
zzw-222@62k-r5s-6zf,-71.561452,42.345159,722410
zzw-222@62k-r79-fj9,-71.51326,42.347939,722410
zzw-223@62j-pne-7t9,-71.007943,42.732105,722410
zzw-223@62j-psp-pgk,-70.92346,42.540379,722410
zzw-223@62j-rk2-tsq,-71.155145,42.708338,722410
zzw-223@62j-sc9-9cq,-71.201069,42.386668,722410
zzw-223@62j-sdj-c5z,-71.157568,42.502202,722410
zzw-223@62j-sgz-26k,-71.116608,42.297155,722410
zzw-223@62j-shx-575,-71.062292,42.36511,722410
zzw-223@62j-shx-pvz,-71.070642,42.36043,722410
zzw-223@62j-shx-vpv,-71.054746,42.37514,722410
zzw-223@62j-shy-zpv,-71.057428,42.351468,722410
zzw-223@62j-shz-vmk,-71.053728,42.359602,722410
zzw-223@62j-sj2-54v,-71.09102,42.365994,722410
zzw-223@62j-sj2-fcq,-71.097201,42.363456,722410
zzw-223@62j-sj4-j7q,-71.069795,42.346713,722410
zzw-223@62j-sj4-nyv,-71.070891,42.349701,722410
zzw-223@62j-sj7-kj9,-71.02504,42.363968,722410
zzw-223@62j-sj8-wzf,-71.068922,42.394905,722410
zzw-223@62j-sjp-f75,-71.074145,42.332201,722410
zzw-223@62j-sjx-st9,-71.157573,42.362316,722410
zzw-223@62j-sjy-3dv,-71.164673,42.362448,722410
zzw-223@62j-sk2-ks5,-71.103892,42.38834,722410
zzw-223@62j-spg-47q,-71.431569,42.522485,722410
zzw-223@62j-t2c-3t9,-70.941956,42.461314,722410
zzw-223@62j-t62-2hq,-71.36062,42.640623,722410
zzw-223@62j-wx5-dqf,-70.759871,43.078346,722410
zzw-223@62j-wx7-rff,-70.756119,43.076541,722410
zzw-223@62k-2wp-mc5,-70.707154,42.091539,722410
zzw-223@62k-p2b-6x5,-71.304361,42.032199,722410
zzw-223@62k-p8q-qcq,-70.968939,42.219939,722410
zzw-223@62k-p9d-ndv,-71.037093,42.251833,722410
zzw-223@62k-p9n-yd9,-71.001028,42.24755,722410
zzw-223@62k-pbk-rhq,-70.946889,42.081624,722410
zzw-223@62k-pfx-gc5,-71.201584,42.193384,722410
zzw-223@62k-phd-qj9,-71.17221,42.245029,722410
zzw-223@62k-rc2-3dv,-71.363025,42.165574,722410
zzw-224@62j-pne-7t9,-71.007976,42.732129,722410
zzw-224@62j-psf-q4v,-70.88531,42.587495,722410
zzw-224@62j-qnn-btv,-70.922387,42.251847,722410
zzw-224@62j-sg8-fj9,-71.118527,42.333111,722410
zzw-224@62j-sgh-xkf,-71.099274,42.338235,722410
zzw-224@62j-shx-q4v,-71.070589,42.361933,722410
zzw-224@62j-shz-s3q,-71.057121,42.358461,722410
zzw-224@62j-sj7-kj9,-71.025039,42.363985,722410
zzw-224@62j-srf-pn5,-71.445525,42.298255,722410
zzw-224@62j-srh-jd9,-71.41603,42.276798,722410
zzw-224@62j-ssb-yqf,-71.295153,42.296024,722410
zzw-224@62j-sx2-3h5,-71.142162,42.656784,722410
zzw-224@62j-sz6-v4v,-71.069515,42.40705,722410
zzw-224@62j-t5m-26k,-71.268598,42.559022,722410
zzw-224@62j-t65-3qz,-71.308984,42.64541,722410
zzw-224@62j-wcj-zcq,-70.874303,43.193415,722410
zzw-224@62j-wdg-bhq,-70.799114,43.02096,722410
zzw-224@62j-wx5-9vf,-70.760293,43.075724,722410
zzw-224@62j-wx7-rkz,-70.757226,43.076936,722410
zzw-224@62j-wx7-v9f,-70.755418,43.077471,722410
zzw-224@62k-fjq-r8v,-71.587803,42.559608,722410
zzw-224@62k-nzs-ndv,-71.268105,42.091687,722410
zzw-225@62j-qv7-5fz,-70.835748,42.242672,722410
zzw-225@62j-shx-dn5,-71.058853,42.364587,722410
zzw-225@62j-shz-249,-71.063967,42.351311,722410
zzw-225@62j-t2g-vxq,-71.015347,42.490676,722410
zzw-225@62j-t54-yqf,-71.306783,42.643697,722410
zzw-225@62j-wch-75z,-70.872063,43.194938,722410
zzw-225@62j-wcj-zcq,-70.874379,43.193372,722410
zzw-225@62k-2xd-v2k,-70.761558,42.107868,722410
zzw-225@62k-nyq-ndv,-71.308987,42.008028,722410
zzw-226@62j-ptq-kvf,-70.940459,42.552825,722410
zzw-226@62j-qp7-tsq,-71.009535,42.365601,722410
zzw-226@62j-rjb-wp9,-71.310394,42.683327,722410
zzw-226@62j-shx-fxq,-71.062416,42.364676,722410
zzw-227@62j-shy-pvz,-71.047184,42.352866,722410
zzw-227@62j-sj3-kxq,-71.07976,42.34913,722410
zzw-228@62j-sj3-33q,-71.082966,42.363444,722410
zzw-228@62j-sj3-kxq,-71.079497,42.349056,722410
zzw-228@62j-wx5-b6k,-70.759737,43.076792,722410
zzw-229@62j-shx-575,-71.061977,42.365631,722410
zzw-229@62j-shx-f2k,-71.057831,42.3604,722410
zzw-22b@62j-shz-rzf,-71.055783,42.357333,722410
zzw-22c@62j-shz-swk,-71.052033,42.356952,722410
zzw-22c@62j-shz-vs5,-71.055392,42.360055,722410
zzw-22c@62j-sj2-54v,-71.090865,42.36607,722410
zzw-22d@62j-sj2-p35,-71.102909,42.364234,722410
zzw-22f@62j-sj9-7bk,-71.079168,42.391534,722410
zzw-22j@62j-shz-sqz,-71.054715,42.35651,722410
zzw-22p@62j-pth-q2k,-70.94211,42.54017,722410
zzw-22q@62j-shx-bff,-71.060651,42.357176,722410
zzw-22r@62j-sj7-ks5,-71.025691,42.363408,722410
zzw-22s@62j-shx-f9f,-71.05673,42.361195,722410
zzw-22t@62j-shx-f9f,-71.056767,42.361175,722410
zzw-23p@62j-sj7-ks5,-71.025683,42.363424,722410
zzw-23w@62j-sj3-nt9,-71.082026,42.347292,722410
zzw-23z@62j-sj7-ks5,-71.025682,42.363449,722410
zzw-24k@62j-sj7-ks5,-71.025714,42.363448,722410
zzw-24q@62j-sj7-ks5,-71.025711,42.363406,722410
zzw-253@62j-sj7-ks5,-71.02569,42.363419,722410
zzy-222@62j-pjf-sh5,-70.718468,42.583151,722410
zzy-222@62j-q7j-2ff,-70.816566,42.841502,722410
zzy-222@62j-qp4-qpv,-70.985405,42.37535,722410
zzy-222@62j-rgz-8gk,-71.217398,42.702259,722410
zzy-222@62j-rjc-td9,-71.320014,42.67033,722410
zzy-222@62j-rrd-vcq,-71.41185,42.694082,722410
zzy-222@62j-sg9-mhq,-71.102269,42.316174,722410
zzy-222@62j-sgg-cyv,-71.09447,42.347315,722410
zzy-222@62j-shx-vs5,-71.053302,42.373845,722410
zzy-222@62j-shy-m8v,-71.049167,42.350461,722410
zzy-222@62j-shy-mp9,-71.04725,42.350176,722410
zzy-222@62j-shy-pvz,-71.047325,42.352323,722410
zzy-222@62j-shy-st9,-71.045554,42.342934,722410
zzy-222@62j-shz-35z,-71.063441,42.351469,722410
zzy-222@62j-shz-7h5,-71.06357,42.344555,722410
zzy-222@62j-shz-rff,-71.05036,42.356394,722410
zzy-222@62j-shz-t9z,-71.049145,42.359298,722410
zzy-222@62j-sj3-mzf,-71.078686,42.3483,722410
zzy-222@62j-sj5-b8v,-71.050482,42.378234,722410
zzy-222@62j-sj7-n5z,-71.016366,42.367323,722410
zzy-222@62j-sjg-cqz,-71.08233,42.30771,722410
zzy-222@62j-sjj-bff,-71.060687,42.299317,722410
zzy-222@62j-sjr-zcq,-71.142195,42.388596,722410
zzy-222@62j-srh-kpv,-71.410008,42.27994,722410
zzy-222@62j-szn-rkz,-70.929291,42.478204,722410
zzy-222@62j-wch-9mk,-70.873458,43.197167,722410
zzy-222@62j-wch-s89,-70.878661,43.182611,722410
zzy-222@62j-wnz-pn5,-71.076017,43.025256,722410
zzy-222@62k-2wk-9pv,-70.701759,42.090999,722410
zzy-222@62k-nzs-ndv,-71.267764,42.091276,722410
zzy-222@62k-p8d-qfz,-71.043164,42.164322,722410
zzy-222@62k-p8z-y9z,-70.928221,42.165918,722410
zzy-222@62k-p9p-3h5,-71.000834,42.24752,722410
zzy-222@62k-qvd-f9f,-71.483143,42.021109,722410
zzy-222@62k-r7z-m49,-71.564551,42.391522,722410
zzy-222@62m-j86-4vz,-70.988634,43.435857,722410
zzy-223@62j-sgg-ct9,-71.096335,42.346934,722410
zzy-223@62j-sj3-9zz,-71.09481,42.379956,722410
zzy-223@62k-nzs-dvz,-71.281136,42.080983,722410
zzy-224@62j-shz-qmk,-71.051021,42.357773,722410
zzy-224@62j-ss2-p9z,-71.237208,42.368394,722410
zzy-225@62j-shy-st9,-71.045559,42.342939,722410
zzy-226@62j-sj8-wzf,-71.069506,42.395467,722410
zzy-226@62j-sk2-vs5,-71.119948,42.388985,722410
zzy-227@62k-qcf-jqf,-70.762883,41.703365,722410
zzy-228@62j-shz-52k,-71.061379,42.355601,722410
zzy-22b@62j-shz-sdv,-71.055632,42.359684,722410
zzy-22c@62j-sj7-jd9,-71.021751,42.364508,722410
zzy-22d@62j-shz-vs5,-71.055132,42.360511,722410
zzy-22r@62j-shz-vs5,-71.054971,42.360527,722410
zzy-22w@62j-shz-vs5,-71.054995,42.360077,722410
zzy-23b@62j-qp7-tsq,-71.009554,42.365626,722410
222-222@62j-pg7-4qf,-70.851457,42.683718,813110
222-222@62j-pg7-cbk,-70.866174,42.695377,813110
222-222@62j-pg9-fxq,-70.843653,42.679092,813110
222-222@62j-pjh-fvf,-70.71916,42.577805,813110
222-222@62j-pnr-d7q,-71.001821,42.720484,813110
222-222@62j-pnz-qs5,-70.977564,42.719452,813110
222-222@62j-ppr-ty9,-71.110884,42.728131,813110
222-222@62j-pq5-fs5,-71.112045,42.684327,813110
222-222@62j-pqg-zxq,-70.951305,42.772767,813110
222-222@62j-prg-v9f,-71.046214,42.763004,813110
222-222@62j-prj-t9z,-71.010282,42.811271,813110
222-222@62j-psp-vs5,-70.919443,42.534089,813110
222-222@62j-psr-jjv,-70.919173,42.524049,813110
222-222@62j-pst-hqz,-70.865196,42.554545,813110
222-222@62j-pt5-zs5,-71.000581,42.595411,813110
222-222@62j-pt6-cqz,-71.007421,42.595785,813110
222-222@62j-ptf-xyv,-70.982062,42.563677,813110
222-222@62j-ptg-bc5,-70.960377,42.564558,813110
222-222@62j-ptj-n5z,-70.995269,42.54593,813110
222-222@62j-pts-kmk,-70.985665,42.580703,813110
222-222@62j-pty-z4v,-70.882043,42.623773,813110
222-222@62j-q5p-jn5,-70.85007,42.866328,813110
222-222@62j-q5t-mp9,-70.891099,42.807796,813110
222-222@62j-q5t-wkz,-70.874123,42.808761,813110
222-222@62j-q6f-jjv,-70.976749,42.855544,813110
222-222@62j-q6y-33q,-70.939419,42.817041,813110
222-222@62j-q88-cdv,-70.864546,42.917163,813110
222-222@62j-qpd-qzz,-70.951227,42.275729,813110
222-222@62j-qs2-bp9,-70.804932,42.121429,813110
222-222@62j-qsn-gff,-70.889926,42.242785,813110
222-222@62j-qsn-h3q,-70.887889,42.24065,813110
222-222@62j-qsz-fxq,-70.835538,42.157599,813110
222-222@62j-qt2-rkz,-70.883034,42.183152,813110
222-222@62j-qtq-py9,-70.762063,42.189385,813110
222-222@62j-qtw-y9z,-70.759952,42.201025,813110
222-222@62j-qv5-btv,-70.843654,42.259976,813110
222-222@62j-r5j-gc5,-70.872906,42.485515,813110
222-222@62j-r5s-4vz,-70.85474,42.504816,813110
222-222@62j-rcm-z75,-71.374643,42.864972,813110
222-222@62j-rcm-zmk,-71.37307,42.864743,813110
222-222@62j-rct-qxq,-71.351996,42.869387,813110
222-222@62j-rd2-7kf,-71.302836,42.791136,813110
222-222@62j-rd7-bp9,-71.298599,42.806199,813110
222-222@62j-rfh-6tv,-71.255369,42.899109,813110
222-222@62j-rfn-gff,-71.253914,42.830288,813110
222-222@62j-rfq-k2k,-71.234756,42.825,813110
222-222@62j-rfw-rff,-71.220788,42.837968,813110
222-222@62j-rgx-k9f,-71.233961,42.728415,813110
222-222@62j-rhm-jgk,-71.185316,42.671817,813110
222-222@62j-rhp-nwk,-71.231735,42.68482,813110
222-222@62j-rj7-49z,-71.288134,42.682196,813110
222-222@62j-rjs-s5z,-71.191787,42.745604,813110
222-222@62j-rk3-66k,-71.159634,42.710877,813110
222-222@62j-rk5-b49,-71.122031,42.688449,813110
222-222@62j-rk6-t9z,-71.166013,42.70551,813110
222-222@62j-rk6-zvf,-71.177035,42.716988,813110
222-222@62j-rk8-47q,-71.154823,42.697202,813110
222-222@62j-rk9-ygk,-71.133278,42.737709,813110
222-222@62j-rkb-djv,-71.119964,42.711688,813110
222-222@62j-rkb-w8v,-71.129131,42.701109,813110
222-222@62j-rkr-p35,-71.217738,42.790722,813110
222-222@62j-rkt-v4v,-71.262836,42.811053,813110
222-222@62j-rrg-649,-71.410915,42.663867,813110
222-222@62j-rx3-p7q,-71.141869,43.037284,813110
222-222@62j-rz3-jn5,-71.077056,42.791924,813110
222-222@62j-rz3-nyv,-71.077683,42.779958,813110
222-222@62j-rz6-mkz,-71.112023,42.782215,813110
222-222@62j-rzb-dn5,-71.109693,42.816477,813110
222-222@62j-rzp-sbk,-71.157711,42.86943,813110
222-222@62j-s4h-8d9,-71.402696,42.915983,813110
222-222@62j-s5q-fs5,-71.367496,43.026947,813110
222-222@62j-s5v-ygk,-71.387374,43.008024,813110
222-222@62j-sby-f2k,-71.242277,42.445066,813110
222-222@62j-sbz-52k,-71.236905,42.450899,813110
222-222@62j-sbz-59f,-71.235458,42.453044,813110
222-222@62j-sc2-kmk,-71.213829,42.487677,813110
222-222@62j-scb-73q,-71.188809,42.381351,813110
222-222@62j-scf-dgk,-71.240554,42.396097,813110
222-222@62j-sck-sbk,-71.22426,42.424557,813110
222-222@62j-scw-pvz,-71.282148,42.501024,813110
222-222@62j-sd7-835,-71.33832,42.42053,813110
222-222@62j-sd8-vj9,-71.302505,42.410646,813110
222-222@62j-sdf-8qf,-71.317523,42.442306,813110
222-222@62j-sdk-4gk,-71.15223,42.480309,813110
222-222@62j-sdn-brk,-71.18946,42.502513,813110
222-222@62j-sds-h89,-71.150217,42.50144,813110
222-222@62j-sf2-w6k,-71.19813,42.446414,813110
222-222@62j-sf8-yd9,-71.176593,42.465571,813110
222-222@62j-sfk-nbk,-71.226969,42.52775,813110
222-222@62j-sfn-zs5,-71.207662,42.520959,813110
222-222@62j-sg9-v9f,-71.101311,42.307199,813110
222-222@62j-sgc-49z,-71.14839,42.334165,813110
222-222@62j-sgd-qmk,-71.134648,42.320183,813110
222-222@62j-sgg-y5f,-71.100043,42.333059,813110
222-222@62j-sgh-s5z,-71.080795,42.325847,813110
222-222@62j-sgh-s89,-71.082716,42.327274,813110
222-222@62j-sgh-v75,-71.083259,42.332798,813110
222-222@62j-sgn-b8v,-71.111462,42.27131,813110
222-222@62j-sgp-7h5,-71.101719,42.271985,813110
222-222@62j-sgq-5vf,-71.110238,42.258299,813110
222-222@62j-sgr-b49,-71.142516,42.273222,813110
222-222@62j-sgv-kcq,-71.089285,42.286231,813110
222-222@62j-sgw-4vz,-71.085117,42.299932,813110
222-222@62j-sgx-g49,-71.093993,42.273044,813110
222-222@62j-sgx-n5z,-71.074941,42.28333,813110
222-222@62j-sgx-sh5,-71.067658,42.274949,813110
222-222@62j-sh3-8n5,-71.20324,42.347112,813110
222-222@62j-sh5-9mk,-71.195323,42.325574,813110
222-222@62j-sh5-pjv,-71.1773,42.325351,813110
222-222@62j-sh5-wff,-71.196895,42.338349,813110
222-222@62j-sh6-8d9,-71.231424,42.34647,813110
222-222@62j-sh6-fvf,-71.23754,42.341444,813110
222-222@62j-sh8-bff,-71.231942,42.326268,813110
222-222@62j-sh9-jjv,-71.188926,42.364443,813110
222-222@62j-shb-wzf,-71.167099,42.339411,813110
222-222@62j-shc-8vz,-71.181968,42.345649,813110
222-222@62j-shc-q75,-71.163327,42.344246,813110
222-222@62j-shd-ysq,-71.213415,42.373038,813110
222-222@62j-she-5xq,-71.201066,42.308878,813110
222-222@62j-shh-9pv,-71.183694,42.294214,813110
222-222@62j-shs-q9f,-71.151844,42.293991,813110
222-222@62j-shx-6hq,-71.065904,42.365699,813110
222-222@62j-shx-bc5,-71.060147,42.358072,813110
222-222@62j-shx-fvf,-71.065338,42.363123,813110
222-222@62j-shz-2p9,-71.062132,42.35031,813110
222-222@62j-sj2-sqz,-71.105894,42.365577,813110
222-222@62j-sj3-2kz,-71.082562,42.365952,813110
222-222@62j-sj3-54v,-71.08099,42.369253,813110
222-222@62j-sj3-v4v,-71.079774,42.338101,813110
222-222@62j-sj3-vs5,-71.075105,42.343925,813110
222-222@62j-sj4-nnq,-71.063243,42.347283,813110
222-222@62j-sj8-rff,-71.085463,42.381947,813110
222-222@62j-sjg-mff,-71.088397,42.307718,813110
222-222@62j-sjg-qzz,-71.092119,42.310364,813110
222-222@62j-sjj-qcq,-71.073331,42.302934,813110
222-222@62j-sjk-djv,-71.044869,42.332902,813110
222-222@62j-sjp-fpv,-71.079199,42.334391,813110
222-222@62j-sjt-5pv,-71.141702,42.394383,813110
222-222@62j-sjt-ks5,-71.124777,42.372363,813110
222-222@62j-sjv-835,-71.119458,42.37456,813110
222-222@62j-sjv-87q,-71.116037,42.3749,813110
222-222@62j-sjv-d9z,-71.119741,42.377942,813110
222-222@62j-sjw-tn5,-71.160054,42.396952,813110
222-222@62j-sjx-52k,-71.173607,42.392329,813110
222-222@62j-sjx-8d9,-71.174971,42.398963,813110
222-222@62j-sjx-grk,-71.15811,42.369367,813110
222-222@62j-sk2-ty9,-71.120482,42.390924,813110
222-222@62j-sk5-73q,-71.154035,42.415456,813110
222-222@62j-sks-cyv,-71.463204,42.440473,813110
222-222@62j-skt-y7q,-71.432352,42.485129,813110
222-222@62j-sm4-xqz,-71.430814,42.379401,813110
222-222@62j-sm5-6c5,-71.405712,42.391047,813110
222-222@62j-sm5-9mk,-71.412434,42.383045,813110
222-222@62j-sm5-bp9,-71.411212,42.383222,813110
222-222@62j-smd-6zf,-71.467501,42.427646,813110
222-222@62j-smd-wtv,-71.450561,42.432919,813110
222-222@62j-sn5-c89,-71.500611,42.436351,813110
222-222@62j-snc-ht9,-71.374815,42.505467,813110
222-222@62j-snp-66k,-71.40918,42.514359,813110
222-222@62j-snr-n3q,-71.376775,42.443793,813110
222-222@62j-sny-9fz,-71.386542,42.436883,813110
222-222@62j-sp4-skf,-71.38364,42.470512,813110
222-222@62j-sp8-grk,-71.460229,42.499618,813110
222-222@62j-sp8-p7q,-71.455159,42.497541,813110
222-222@62j-sph-mtv,-71.481583,42.540322,813110
222-222@62j-sq7-68v,-71.356026,42.307415,813110
222-222@62j-sq9-zs5,-71.314104,42.333207,813110
222-222@62j-sqb-cbk,-71.319084,42.335641,813110
222-222@62j-sqc-26k,-71.311007,42.337058,813110
222-222@62j-sqd-ks5,-71.359892,42.361314,813110
222-222@62j-sqd-m49,-71.359095,42.36202,813110
222-222@62j-sqs-k2k,-71.346443,42.286276,813110
222-222@62j-sr2-7yv,-71.43808,42.344233,813110
222-222@62j-sr6-575,-71.401759,42.352756,813110
222-222@62j-sr6-7dv,-71.401176,42.349265,813110
222-222@62j-sr7-8n5,-71.437169,42.367683,813110
222-222@62j-srb-gx5,-71.406957,42.284443,813110
222-222@62j-srd-m6k,-71.378123,42.279189,813110
222-222@62j-srg-gx5,-71.440683,42.302235,813110
222-222@62j-srg-r49,-71.41957,42.27046,813110
222-222@62j-srg-t9z,-71.418426,42.277895,813110
222-222@62j-srh-hwk,-71.415263,42.27989,813110
222-222@62j-srh-jqf,-71.41439,42.277988,813110
222-222@62j-sry-gp9,-71.264831,42.382655,813110
222-222@62j-ss2-h3q,-71.240258,42.376406,813110
222-222@62j-ss6-j35,-71.275815,42.311791,813110
222-222@62j-ssb-yjv,-71.293912,42.29601,813110
222-222@62j-ssd-cbk,-71.252324,42.319298,813110
222-222@62j-ssm-b8v,-71.357614,42.377097,813110
222-222@62j-ssn-snq,-71.346572,42.359795,813110
222-222@62j-ssn-sqz,-71.342934,42.361273,813110
222-222@62j-sth-kmk,-71.108059,42.577495,813110
222-222@62j-stm-x5z,-71.144623,42.578053,813110
222-222@62j-sv7-7nq,-71.134914,42.559245,813110
222-222@62j-svr-x89,-71.183154,42.563587,813110
222-222@62j-sw3-jqf,-71.194314,42.579738,813110
222-222@62j-sx2-3yv,-71.143338,42.653337,813110
222-222@62j-sx3-rzf,-71.126071,42.62683,813110
222-222@62j-sx4-yqf,-71.175577,42.65161,813110
222-222@62j-sx6-hh5,-71.165326,42.636755,813110
222-222@62j-sx6-s5z,-71.163683,42.630274,813110
222-222@62j-sxb-jvz,-71.149539,42.66971,813110
222-222@62j-sxw-3wk,-71.030715,42.458294,813110
222-222@62j-sy6-ndv,-71.025704,42.471128,813110
222-222@62j-syf-kfz,-71.038612,42.413403,813110
222-222@62j-sys-vvf,-71.068717,42.459362,813110
222-222@62j-syx-3wk,-71.105325,42.470765,813110
222-222@62j-syx-bzf,-71.07602,42.501585,813110
222-222@62j-syy-5cq,-71.073101,42.507361,813110
222-222@62j-syy-7t9,-71.067859,42.509807,813110
222-222@62j-sz6-c3q,-71.064657,42.426647,813110
222-222@62j-szb-mrk,-71.08365,42.415192,813110
222-222@62j-szd-jqf,-71.064571,42.454325,813110
222-222@62j-szd-vpv,-71.046351,42.427209,813110
222-222@62j-szf-68v,-71.055653,42.426245,813110
222-222@62j-szf-nqz,-71.041204,42.432411,813110
222-222@62j-szr-gkz,-70.95992,42.486679,813110
222-222@62j-szv-hnq,-70.919038,42.505274,813110
222-222@62j-szw-vmk,-70.973628,42.517736,813110
222-222@62j-t2b-835,-70.951507,42.465217,813110
222-222@62j-t2j-bff,-71.056248,42.509122,813110
222-222@62j-t2p-b8v,-71.015003,42.549591,813110
222-222@62j-t39-j35,-71.352635,42.600014,813110
222-222@62j-t3d-vvf,-71.354545,42.599368,813110
222-222@62j-t3j-x89,-71.322861,42.595179,813110
222-222@62j-t3x-d5f,-71.322031,42.558771,813110
222-222@62j-t45-p5f,-71.406055,42.616489,813110
222-222@62j-t4f-fpv,-71.376855,42.612544,813110
222-222@62j-t4n-yjv,-71.435313,42.558881,813110
222-222@62j-t4y-s89,-71.275851,42.631419,813110
222-222@62j-t4z-sh5,-71.267784,42.626457,813110
222-222@62j-t55-v9f,-71.296798,42.604828,813110
222-222@62j-t5m-2rk,-71.264075,42.566162,813110
222-222@62j-t5m-6ff,-71.27092,42.55339,813110
222-222@62j-t5w-cnq,-71.332708,42.620569,813110
222-222@62j-t5w-qj9,-71.348348,42.627722,813110
222-222@62j-t5w-ysq,-71.332489,42.634167,813110
222-222@62j-t5y-85f,-71.389701,42.643738,813110
222-222@62j-t63-bff,-71.340368,42.665052,813110
222-222@62j-t63-q4v,-71.328434,42.670742,813110
222-222@62j-t64-f4v,-71.316885,42.645685,813110
222-222@62j-t64-w8v,-71.313979,42.657788,813110
222-222@62j-t65-5cq,-71.31137,42.646329,813110
222-222@62j-w8t-vj9,-70.924616,43.135085,813110
222-222@62j-w8z-qpv,-70.904742,43.146371,813110
222-222@62j-wb5-wx5,-70.961253,43.06566,813110
222-222@62j-wbm-3qz,-70.840304,43.155434,813110
222-222@62j-wbt-mhq,-70.808818,43.099596,813110
222-222@62j-wch-4jv,-70.872578,43.205763,813110
222-222@62j-wcj-54v,-70.882403,43.181792,813110
222-222@62j-wcj-vmk,-70.873908,43.191723,813110
222-222@62j-wcj-zcq,-70.874866,43.193186,813110
222-222@62j-wdf-qmk,-70.810162,43.006675,813110
222-222@62j-wf6-xyv,-70.831314,43.027217,813110
222-222@62j-wfg-pn5,-70.832599,42.945061,813110
222-222@62j-wfm-gff,-70.845436,42.978365,813110
222-222@62j-wgq-q9f,-70.797085,43.032995,813110
222-222@62j-wgx-s89,-70.780465,43.054538,813110
222-222@62j-wj4-brk,-71.113235,43.041498,813110
222-222@62j-wn6-ygk,-70.968899,42.986026,813110
222-222@62j-wng-ckf,-71.013413,42.925382,813110
222-222@62j-wx5-rkz,-70.77049,43.084702,813110
222-222@62j-wx7-rp9,-70.75755,43.075463,813110
222-222@62j-x22-w8v,-71.078249,43.282305,813110
222-222@62j-x2g-j5f,-71.052502,43.227947,813110
222-222@62j-x3v-9zz,-71.029871,43.324642,813110
222-222@62k-26r-skf,-70.677006,41.965481,813110
222-222@62k-2b6-xkf,-70.556722,41.80117,813110
222-222@62k-2fd-y35,-70.765076,41.885988,813110
222-222@62k-2g3-rkz,-70.906748,41.891722,813110
222-222@62k-2gm-zmk,-70.74825,41.99795,813110
222-222@62k-2h3-2hq,-70.734971,41.931772,813110
222-222@62k-2hc-gff,-70.861628,41.991181,813110
222-222@62k-2hd-c89,-70.847056,41.988793,813110
222-222@62k-2jp-2zf,-70.716303,41.75658,813110
222-222@62k-2kp-nbk,-70.726285,41.765547,813110
222-222@62k-2m4-dgk,-70.603336,41.848013,813110
222-222@62k-2x4-nt9,-70.69222,42.035172,813110
222-222@62k-2x8-ysq,-70.773943,42.064963,813110
222-222@62k-2xy-k75,-70.775078,42.056637,813110
222-222@62k-2z2-bkz,-70.740855,42.130962,813110
222-222@62k-2z3-bc5,-70.726305,42.097294,813110
222-222@62k-2z3-tvz,-70.726804,42.108913,813110
222-222@62k-dy3-whq,-71.67921,42.628671,813110
222-222@62k-dyp-w6k,-71.793508,42.640956,813110
222-222@62k-fd8-wkz,-71.638402,42.645529,813110
222-222@62k-ff8-7bk,-71.743875,42.67744,813110
222-222@62k-fkj-jsq,-71.474112,42.589106,813110
222-222@62k-fkp-2c5,-71.476256,42.591321,813110
222-222@62k-fky-fzz,-71.567898,42.675397,813110
222-222@62k-nr8-n3q,-71.195192,42.095788,813110
222-222@62k-nrw-b6k,-71.069268,42.102898,813110
222-222@62k-nry-xkf,-71.055503,42.093335,813110
222-222@62k-ns7-9mk,-71.091716,42.123804,813110
222-222@62k-nsk-3nq,-71.034292,42.076552,813110
222-222@62k-nsk-dgk,-71.043362,42.074089,813110
222-222@62k-nst-q2k,-71.11948,42.107373,813110
222-222@62k-nsv-649,-71.177315,42.125561,813110
222-222@62k-nsv-wkz,-71.168217,42.128494,813110
222-222@62k-nsw-yy9,-71.161349,42.100391,813110
222-222@62k-nwh-fs5,-70.982961,41.961649,813110
222-222@62k-nwk-ct9,-70.933649,41.977581,813110
222-222@62k-ny5-2hq,-71.389319,42.073681,813110
222-222@62k-nyf-rx5,-71.334458,42.004603,813110
222-222@62k-nyx-fmk,-71.416136,42.073429,813110
222-222@62k-nz3-v2k,-71.415781,42.106254,813110
222-222@62k-nz5-y5f,-71.3802,42.086453,813110
222-222@62k-p2f-y9z,-71.245319,42.055536,813110
222-222@62k-p2f-zs5,-71.245451,42.060046,813110
222-222@62k-p6v-cnq,-71.03325,42.198802,813110
222-222@62k-p6v-st9,-71.023444,42.20486,813110
222-222@62k-p6z-jy9,-71.054104,42.183528,813110
222-222@62k-p74-9s5,-70.989677,42.192229,813110
222-222@62k-p7h-6x5,-71.005299,42.154586,813110
222-222@62k-p8c-92k,-71.060122,42.184135,813110
222-222@62k-p8g-7yv,-71.094033,42.186612,813110
222-222@62k-p8p-gp9,-70.980948,42.237424,813110
222-222@62k-p8r-mc5,-70.940509,42.24469,813110
222-222@62k-p8z-dsq,-70.930603,42.178748,813110
222-222@62k-p9d-kvf,-71.033385,42.249784,813110
222-222@62k-p9h-mhq,-71.06679,42.25031,813110
222-222@62k-p9j-f2k,-71.067749,42.264971,813110
222-222@62k-p9m-ht9,-71.020885,42.268123,813110
222-222@62k-pbm-4sq,-70.925966,42.083407,813110
222-222@62k-pc4-s3q,-71.006985,42.084171,813110
222-222@62k-pc6-sdv,-70.977207,42.078855,813110
222-222@62k-pc7-dd9,-71.023297,42.081798,813110
222-222@62k-pc8-2p9,-71.017018,42.083895,813110
222-222@62k-pcf-qpv,-71.019373,42.102448,813110
222-222@62k-pcj-2hq,-70.978969,42.02705,813110
222-222@62k-pcn-3yv,-71.009473,42.034226,813110
222-222@62k-pcn-6ff,-71.008939,42.022485,813110
222-222@62k-pcs-hyv,-70.953873,42.029689,813110
222-222@62k-pd8-8qf,-70.814854,42.113451,813110
222-222@62k-pdf-z9f,-70.842318,42.025854,813110
222-222@62k-pdm-33q,-70.822942,42.061453,813110
222-222@62k-pdp-xbk,-70.860141,42.064463,813110
222-222@62k-pdy-w8v,-70.956165,42.101342,813110
222-222@62k-pfq-92k,-71.227029,42.182254,813110
222-222@62k-pfq-kvf,-71.234729,42.183831,813110
222-222@62k-pfr-3h5,-71.20921,42.184827,813110
222-222@62k-pfv-tn5,-71.224155,42.219992,813110
222-222@62k-pfx-cwk,-71.206104,42.191076,813110
222-222@62k-pg7-f4v,-71.244408,42.146884,813110
222-222@62k-pg8-btv,-71.235709,42.115621,813110
222-222@62k-pg9-3kf,-71.228643,42.121104,813110
222-222@62k-pgb-99f,-71.214238,42.159694,813110
222-222@62k-phm-2ff,-71.166721,42.248167,813110
222-222@62k-phm-ht9,-71.142177,42.254367,813110
222-222@62k-phq-djv,-71.177341,42.249767,813110
222-222@62k-pj3-7nq,-71.132107,42.175056,813110
222-222@62k-pjg-kmk,-71.235471,42.283105,813110
222-222@62k-pjh-p9z,-71.210838,42.26467,813110
222-222@62k-q73-3nq,-70.975192,41.809713,813110
222-222@62k-q7m-s3q,-70.973379,41.787716,813110
222-222@62k-q8v-6ff,-70.949641,41.845257,813110
222-222@62k-qck-fs5,-70.773751,41.721178,813110
222-222@62k-r5g-d9z,-71.562935,42.335189,813110
222-222@62k-r5n-tqf,-71.54864,42.343052,813110
222-222@62k-r76-vmk,-71.497803,42.351277,813110
222-222@62k-r7b-pjv,-71.51146,42.358053,813110
222-222@62k-r7n-d5f,-71.461483,42.290975,813110
222-222@62k-r7t-psq,-71.453391,42.305933,813110
222-222@62k-r7t-xqz,-71.458901,42.303418,813110
222-222@62k-r7z-n89,-71.570523,42.39125,813110
222-222@62k-r83-b8v,-71.554209,42.364392,813110
222-222@62k-r8w-w8v,-71.443088,42.174218,813110
222-222@62k-r9f-59f,-71.454999,42.123448,813110
222-222@62k-r9x-8gk,-71.519191,42.2297,813110
222-222@62k-r9z-t35,-71.548285,42.228853,813110
222-222@62k-rbd-vfz,-71.472972,42.170423,813110
222-222@62k-rc9-ty9,-71.404094,42.19838,813110
222-222@62k-rcd-v9f,-71.477275,42.26136,813110
222-222@62k-rck-btv,-71.489853,42.239187,813110
222-222@62k-rck-bzf,-71.491925,42.238829,813110
222-222@62k-rcm-mx5,-71.449503,42.268771,813110
222-222@62k-rcn-bzf,-71.442868,42.268686,813110
222-222@62m-dbh-5zz,-71.286603,43.064594,813110
222-222@62m-dd6-j9z,-71.242824,43.133883,813110
222-222@62m-dvk-wx5,-71.148382,43.241702,813110
222-223@62j-pg9-fxq,-70.843654,42.67909,813110
222-223@62j-ps7-bx5,-70.89216,42.567797,813110
222-223@62j-pss-zzz,-70.878802,42.559799,813110
222-223@62j-ptg-bc5,-70.960379,42.564567,813110
222-223@62j-q6h-y7q,-70.953353,42.878081,813110
222-223@62j-qs7-tjv,-70.793291,42.160106,813110
222-223@62j-qss-mx5,-70.868145,42.145954,813110
222-223@62j-qsz-skf,-70.849694,42.153851,813110
222-223@62j-rcr-qxq,-71.318858,42.888216,813110
222-223@62j-rfb-qvf,-71.31841,42.90162,813110
222-223@62j-rs4-89z,-71.482268,42.674072,813110
222-223@62j-rz3-nyv,-71.07766,42.779988,813110
222-223@62j-sbs-v4v,-71.228923,42.460215,813110
222-223@62j-sby-fmk,-71.252268,42.446427,813110
222-223@62j-scv-vmk,-71.289689,42.491932,813110
222-223@62j-sdm-p7q,-71.199119,42.504789,813110
222-223@62j-sdn-brk,-71.189417,42.502488,813110
222-223@62j-sdz-w8v,-71.125207,42.430248,813110
222-223@62j-sgg-xyv,-71.098278,42.333047,813110
222-223@62j-sgg-y5f,-71.100119,42.332929,813110
222-223@62j-shb-y5f,-71.174172,42.338644,813110
222-223@62j-she-tgk,-71.2151,42.310006,813110
222-223@62j-shj-28v,-71.17579,42.298934,813110
222-223@62j-shp-s5z,-71.206251,42.283547,813110
222-223@62j-shx-6hq,-71.065876,42.365671,813110
222-223@62j-shx-fvf,-71.065338,42.36314,813110
222-223@62j-shz-2p9,-71.062126,42.350312,813110
222-223@62j-shz-3yv,-71.056319,42.353264,813110
222-223@62j-sjg-qzz,-71.092131,42.310345,813110
222-223@62j-sjv-d9z,-71.119757,42.377942,813110
222-223@62j-sky-djv,-71.474996,42.476512,813110
222-223@62j-sm4-dd9,-71.42139,42.385303,813110
222-223@62j-sqc-4n5,-71.311083,42.339312,813110
222-223@62j-sqy-c89,-71.416202,42.325832,813110
222-223@62j-sr2-7yv,-71.438059,42.344191,813110
222-223@62j-sr6-7dv,-71.401148,42.349261,813110
222-223@62j-srg-t9z,-71.418416,42.277875,813110
222-223@62j-srx-fs5,-71.285093,42.353357,813110
222-223@62j-ssb-yjv,-71.293914,42.296014,813110
222-223@62j-sth-kmk,-71.108056,42.577468,813110
222-223@62j-svd-vj9,-71.233038,42.612642,813110
222-223@62j-syq-f75,-71.095252,42.481373,813110
222-223@62j-syr-28v,-71.099221,42.480966,813110
222-223@62j-sz8-q75,-71.124754,42.427689,813110
222-223@62j-szb-s5z,-71.088372,42.40476,813110
222-223@62j-szf-68v,-71.055606,42.426271,813110
222-223@62j-szr-gkz,-70.959884,42.48668,813110
222-223@62j-t39-j35,-71.352631,42.600019,813110
222-223@62j-t5w-cnq,-71.332714,42.620558,813110
222-223@62j-t64-f4v,-71.316879,42.645698,813110
222-223@62j-wbt-mhq,-70.808845,43.099601,813110
222-223@62j-wx5-rkz,-70.770764,43.084803,813110
222-223@62j-x2x-cdv,-70.911833,43.270808,813110
222-223@62k-2ff-b6k,-70.768408,41.887432,813110
222-223@62k-2g9-rkz,-70.884862,41.908661,813110
222-223@62k-2ww-9xq,-70.725535,42.014634,813110
222-223@62k-ns7-hh5,-71.0877,42.113337,813110
222-223@62k-nsv-649,-71.177317,42.12555,813110
222-223@62k-p2q-tjv,-71.373193,42.10521,813110
222-223@62k-p6v-st9,-71.023441,42.20488,813110
222-223@62k-p74-9s5,-70.989706,42.191647,813110
222-223@62k-p88-q9f,-71.111477,42.169715,813110
222-223@62k-p8f-qs5,-71.095039,42.176619,813110
222-223@62k-p8p-gp9,-70.980926,42.237443,813110
222-223@62k-p8q-qj9,-70.970046,42.220395,813110
222-223@62k-p8y-w8v,-70.958791,42.187988,813110
222-223@62k-p9j-4jv,-71.059281,42.259729,813110
222-223@62k-pc8-x3q,-71.02048,42.070882,813110
222-223@62k-pd8-j9z,-70.826368,42.114046,813110
222-223@62k-pf3-wzf,-70.912759,42.119958,813110
222-223@62k-pfq-fvf,-71.224796,42.171576,813110
222-223@62k-pfq-kvf,-71.234731,42.183828,813110
222-223@62k-pfv-sdv,-71.221373,42.221356,813110
222-223@62k-pg7-gkz,-71.24583,42.146981,813110
222-223@62k-r5n-jgk,-71.556163,42.350509,813110
222-223@62k-r8v-psq,-71.440301,42.194921,813110
222-223@62k-r8w-w8v,-71.443119,42.174214,813110
222-223@62k-r93-r49,-71.422185,42.214727,813110
222-223@62k-r9z-vs5,-71.540406,42.227269,813110
222-224@62j-pr5-wp9,-70.909574,42.705843,813110
222-224@62j-qs7-tjv,-70.793307,42.160102,813110
222-224@62j-rr8-n3q,-71.40081,42.649229,813110
222-224@62j-sdm-nt9,-71.198279,42.502604,813110
222-224@62j-sgg-y5f,-71.100011,42.333064,813110
222-224@62j-sgx-g49,-71.09402,42.273057,813110
222-224@62j-shp-s5z,-71.206231,42.283526,813110
222-224@62j-shx-fvf,-71.065317,42.363147,813110
222-224@62j-sjc-vvf,-71.04545,42.316104,813110
222-224@62j-sjv-d9z,-71.119741,42.377934,813110
222-224@62j-sjx-8d9,-71.174987,42.39893,813110
222-224@62j-sk4-v2k,-71.150548,42.41369,813110
222-224@62j-sm4-dd9,-71.421407,42.385303,813110
222-224@62j-srm-5vf,-71.388765,42.294628,813110
222-224@62j-ss6-5fz,-71.263578,42.308893,813110
222-224@62j-szv-hnq,-70.919046,42.505272,813110
222-224@62j-t3d-vvf,-71.354538,42.599364,813110
222-224@62j-t3m-cbk,-71.362689,42.615826,813110
222-224@62j-t4d-grk,-71.380202,42.612256,813110
222-224@62j-wx7-rp9,-70.757569,43.075458,813110
222-224@62j-x3v-9zz,-71.029887,43.324626,813110
222-224@62k-2z3-bc5,-70.726305,42.097287,813110
222-224@62k-nyw-j35,-71.409874,42.083196,813110
222-224@62k-pfq-fvf,-71.224809,42.171543,813110
222-224@62k-pfv-tn5,-71.22417,42.220013,813110
222-224@62k-pg7-gkz,-71.245829,42.146957,813110
222-224@62k-phw-ysq,-71.202135,42.174857,813110
222-225@62j-rkr-p35,-71.217702,42.790729,813110
222-225@62j-sdm-sdv,-71.195159,42.489695,813110
222-225@62j-sgg-y5f,-71.100009,42.333045,813110
222-225@62j-shy-z2k,-71.058555,42.353522,813110
222-225@62j-sj8-b8v,-71.081859,42.38157,813110
222-225@62j-ssd-cbk,-71.252347,42.319301,813110
222-225@62j-sth-kmk,-71.108055,42.57748,813110
222-225@62j-svw-tn5,-71.206343,42.530304,813110
222-225@62j-wn9-7dv,-71.005151,43.012541,813110
222-225@62k-2z3-bc5,-70.726404,42.097215,813110
222-225@62k-phw-ysq,-71.202113,42.174855,813110
222-225@62k-phz-rzf,-71.155413,42.200896,813110
222-226@62j-shp-s5z,-71.206232,42.283558,813110
222-227@62j-shp-s5z,-71.206242,42.283562,813110
222-227@62j-sj3-mtv,-71.07724,42.348273,813110
222-227@62j-sqh-d9z,-71.314067,42.275062,813110
222-228@62j-rfd-h5z,-71.299828,42.876066,813110
222-228@62j-shp-s5z,-71.206275,42.283569,813110
222-229@62j-shp-s5z,-71.206236,42.283534,813110
222-22c@62j-shp-s5z,-71.206258,42.283535,813110
223-222@62j-pg9-7kf,-70.830691,42.679492,813110
223-222@62j-pjk-99f,-70.658425,42.615357,813110
223-222@62j-pjk-n5z,-70.674137,42.621757,813110
223-222@62j-pkx-qs5,-70.771415,42.576577,813110
223-222@62j-pp2-cyv,-70.966015,42.733988,813110
223-222@62j-pph-gc5,-71.016098,42.69142,813110
223-222@62j-pqh-kpv,-70.933109,42.738988,813110
223-222@62j-prf-ysq,-71.057873,42.796169,813110
223-222@62j-prj-nt9,-70.995899,42.796531,813110
223-222@62j-ps7-c5z,-70.891419,42.569279,813110
223-222@62j-psd-5zz,-70.895887,42.60612,813110
223-222@62j-psr-st9,-70.896105,42.522828,813110
223-222@62j-psr-syv,-70.892877,42.522977,813110
223-222@62j-ptr-3t9,-70.939086,42.56149,813110
223-222@62j-pvb-47q,-70.81616,42.580106,813110
223-222@62j-q5h-v2k,-70.934641,42.856856,813110
223-222@62j-q5h-w6k,-70.932672,42.855765,813110
223-222@62j-q5n-6rk,-70.870479,42.873543,813110
223-222@62j-q64-b6k,-70.862764,42.79939,813110
223-222@62j-q7k-5s5,-70.818281,42.849241,813110
223-222@62j-qrq-mff,-70.774249,42.188694,813110
223-222@62j-qs9-rtv,-70.884618,42.217645,813110
223-222@62j-qsc-vvf,-70.881395,42.195903,813110
223-222@62j-qsn-gff,-70.890877,42.242903,813110
223-222@62j-qsr-p5f,-70.854288,42.156656,813110
223-222@62j-qsv-xbk,-70.899602,42.170764,813110
223-222@62j-qtb-89z,-70.753698,42.21935,813110
223-222@62j-r5j-cwk,-70.876748,42.483101,813110
223-222@62j-rcr-qxq,-71.319375,42.888324,813110
223-222@62j-rct-zxq,-71.364663,42.883055,813110
223-222@62j-rcv-jd9,-71.334801,42.879299,813110
223-222@62j-rd8-v75,-71.34193,42.821238,813110
223-222@62j-rhm-n3q,-71.182486,42.674013,813110
223-222@62j-rjy-ks5,-71.168155,42.787467,813110
223-222@62j-rk3-7dv,-71.163322,42.711613,813110
223-222@62j-rk3-rtv,-71.143038,42.704703,813110
223-222@62j-rk6-jvz,-71.168575,42.711246,813110
223-222@62j-rk6-mp9,-71.171089,42.715785,813110
223-222@62j-rk6-t9z,-71.164787,42.706059,813110
223-222@62j-rk8-92k,-71.157943,42.683663,813110
223-222@62j-rkh-c3q,-71.253753,42.778263,813110
223-222@62j-ryr-n3q,-71.11863,42.838707,813110
223-222@62j-ryz-xbk,-71.091461,42.805815,813110
223-222@62j-rz2-xh5,-71.082184,42.7784,813110
223-222@62j-rz3-hnq,-71.071343,42.788778,813110
223-222@62j-rzk-whq,-71.208614,42.853808,813110
223-222@62j-sbs-v75,-71.230594,42.461578,813110
223-222@62j-sbv-p9z,-71.228464,42.447403,813110
223-222@62j-sc3-jn5,-71.200396,42.451486,813110
223-222@62j-scg-wzf,-71.207014,42.429819,813110
223-222@62j-scj-cwk,-71.186691,42.41295,813110
223-222@62j-scj-dd9,-71.193018,42.415691,813110
223-222@62j-sdp-389,-71.184669,42.482176,813110
223-222@62j-sdq-3wk,-71.173547,42.481573,813110
223-222@62j-sdt-4sq,-71.131805,42.500073,813110
223-222@62j-sf5-qfz,-71.135029,42.453331,813110
223-222@62j-sfp-qxq,-71.253576,42.53038,813110
223-222@62j-sg8-66k,-71.118968,42.334592,813110
223-222@62j-sg9-x5z,-71.101644,42.31322,813110
223-222@62j-sg9-ysq,-71.111648,42.318413,813110
223-222@62j-sgc-k75,-71.155407,42.33969,813110
223-222@62j-sgh-swk,-71.089724,42.329373,813110
223-222@62j-sgh-tgk,-71.086129,42.325113,813110
223-222@62j-sgp-g49,-71.118641,42.282264,813110
223-222@62j-sgq-9j9,-71.111572,42.261317,813110
223-222@62j-sgq-ty9,-71.080609,42.253498,813110
223-222@62j-sgt-3dv,-71.124127,42.248007,813110
223-222@62j-sgt-kvf,-71.123797,42.257812,813110
223-222@62j-sgy-fj9,-71.12746,42.285684,813110
223-222@62j-sgy-rc5,-71.134208,42.297597,813110
223-222@62j-sh7-789,-71.227796,42.348625,813110
223-222@62j-shc-s5z,-71.162364,42.349284,813110
223-222@62j-shj-z75,-71.175674,42.269717,813110
223-222@62j-shz-54v,-71.062029,42.356841,813110
223-222@62j-sj3-5j9,-71.079402,42.365682,813110
223-222@62j-sj3-q4v,-71.07636,42.350665,813110
223-222@62j-sj8-4qf,-71.084944,42.38855,813110
223-222@62j-sj9-92k,-71.084188,42.394526,813110
223-222@62j-sjg-2ff,-71.080763,42.3131,813110
223-222@62j-sjg-hbk,-71.095117,42.313738,813110
223-222@62j-sjg-wx5,-71.067239,42.318801,813110
223-222@62j-sjs-cnq,-71.151882,42.390539,813110
223-222@62j-sjz-wkz,-71.114262,42.403059,813110
223-222@62j-sk4-zs5,-71.139048,42.403886,813110
223-222@62j-skm-xh5,-71.455325,42.461282,813110
223-222@62j-sky-djv,-71.474977,42.475854,813110
223-222@62j-smg-v2k,-71.527543,42.478053,813110
223-222@62j-sn5-9fz,-71.510483,42.437142,813110
223-222@62j-spc-73q,-71.476191,42.492717,813110
223-222@62j-spf-bff,-71.442778,42.53993,813110
223-222@62j-sq4-yd9,-71.312087,42.310194,813110
223-222@62j-sq5-jn5,-71.377181,42.332398,813110
223-222@62j-sq7-28v,-71.360679,42.313871,813110
223-222@62j-sr4-g6k,-71.40406,42.361097,813110
223-222@62j-srg-c5z,-71.439537,42.300351,813110
223-222@62j-srg-dy9,-71.440792,42.297606,813110
223-222@62j-srg-tgk,-71.419293,42.278226,813110
223-222@62j-srg-ty9,-71.415147,42.275015,813110
223-222@62j-srn-sqz,-71.433548,42.305896,813110
223-222@62j-srp-8sq,-71.4116,42.31232,813110
223-222@62j-srr-mtv,-71.293204,42.367609,813110
223-222@62j-srv-6kz,-71.309569,42.366357,813110
223-222@62j-srw-4d9,-71.29966,42.366997,813110
223-222@62j-ss4-d7q,-71.294063,42.396189,813110
223-222@62j-ssd-nwk,-71.257846,42.326295,813110
223-222@62j-ssd-tsq,-71.241168,42.336455,813110
223-222@62j-stf-y5f,-71.120671,42.595926,813110
223-222@62j-stw-66k,-71.104556,42.533287,813110
223-222@62j-sty-wp9,-71.13682,42.535078,813110
223-222@62j-svz-mc5,-71.163514,42.559682,813110
223-222@62j-swq-bc5,-71.080928,42.571015,813110
223-222@62j-swr-6p9,-71.062401,42.558191,813110
223-222@62j-syx-f9f,-71.074639,42.504039,813110
223-222@62j-sz7-rkz,-71.051778,42.402276,813110
223-222@62j-szb-6p9,-71.102694,42.407569,813110
223-222@62j-szb-m8v,-71.088942,42.40945,813110
223-222@62j-szc-vs5,-71.067949,42.436102,813110
223-222@62j-szd-wkz,-71.042724,42.426689,813110
223-222@62j-szk-dn5,-70.955442,42.504952,813110
223-222@62j-t27-j9z,-70.933567,42.464321,813110
223-222@62j-t27-pd9,-70.936815,42.467376,813110
223-222@62j-t28-2tv,-70.917143,42.471036,813110
223-222@62j-t2b-qs5,-70.960251,42.453726,813110
223-222@62j-t2c-7t9,-70.943137,42.463277,813110
223-222@62j-t39-y7q,-71.325878,42.591297,813110
223-222@62j-t3b-xnq,-71.3373,42.577786,813110
223-222@62j-t4w-y35,-71.417261,42.5819,813110
223-222@62j-t53-rx5,-71.30885,42.63312,813110
223-222@62j-t54-85f,-71.313608,42.638927,813110
223-222@62j-t54-9fz,-71.318703,42.639094,813110
223-222@62j-t56-3wk,-71.284935,42.617883,813110
223-222@62j-t57-2hq,-71.253772,42.647048,813110
223-222@62j-t57-c5z,-71.267727,42.644792,813110
223-222@62j-t5j-y35,-71.288821,42.584667,813110
223-222@62j-t5m-fvf,-71.273623,42.566165,813110
223-222@62j-t5z-p35,-71.381577,42.637477,813110
223-222@62j-wf6-vvf,-70.832799,43.035056,813110
223-222@62j-wfg-nqz,-70.835668,42.940865,813110
223-222@62j-whz-bx5,-71.073791,43.038014,813110
223-222@62j-wn2-vmk,-71.039676,42.990918,813110
223-222@62j-wq3-w49,-70.91075,42.967151,813110
223-222@62j-wq6-2kz,-70.952423,42.974579,813110
223-222@62j-wq7-649,-70.960331,42.984773,813110
223-222@62j-ws9-rkz,-70.887504,43.280026,813110
223-222@62j-wzw-zfz,-70.994158,43.214357,813110
223-222@62j-x2z-8y9,-70.974548,43.292595,813110
223-222@62j-x3c-bff,-70.895384,43.210236,813110
223-222@62j-x3j-jn5,-70.886189,43.255711,813110
223-222@62k-26y-68v,-70.670086,41.965386,813110
223-222@62k-2dr-zvf,-70.787848,41.920636,813110
223-222@62k-2dx-q75,-70.792023,41.952146,813110
223-222@62k-2h2-ht9,-70.723545,41.934773,813110
223-222@62k-2h4-9xq,-70.720311,41.921447,813110
223-222@62k-2hj-jgk,-70.804187,41.991671,813110
223-222@62k-2jr-dqf,-70.679301,41.761915,813110
223-222@62k-2mv-3bk,-70.747648,41.840656,813110
223-222@62k-2ww-hwk,-70.730424,42.007857,813110
223-222@62k-fhy-28v,-71.548768,42.559901,813110
223-222@62k-fkh-pvz,-71.497222,42.561717,813110
223-222@62k-nr9-6tv,-71.18749,42.107629,813110
223-222@62k-nry-m6k,-71.050027,42.08954,813110
223-222@62k-ns7-tqf,-71.091562,42.117388,813110
223-222@62k-ns7-xnq,-71.096749,42.122362,813110
223-222@62k-nsb-9pv,-71.058508,42.045859,813110
223-222@62k-nst-cnq,-71.144641,42.10188,813110
223-222@62k-nst-j7q,-71.120272,42.110556,813110
223-222@62k-nsv-c89,-71.174762,42.11604,813110
223-222@62k-nsv-cyv,-71.173893,42.115524,813110
223-222@62k-nwn-3bk,-70.976612,41.989351,813110
223-222@62k-ny2-nh5,-71.331182,42.064864,813110
223-222@62k-ny9-fvf,-71.325697,42.066282,813110
223-222@62k-nz5-f9f,-71.401487,42.089899,813110
223-222@62k-nz9-yjv,-71.417694,42.023706,813110
223-222@62k-p27-9vf,-71.270221,42.036294,813110
223-222@62k-p2c-975,-71.255633,42.069362,813110
223-222@62k-p6w-dqf,-71.008377,42.171106,813110
223-222@62k-p6z-8n5,-71.031208,42.180601,813110
223-222@62k-p78-qxq,-71.009152,42.145136,813110
223-222@62k-p78-vfz,-71.007319,42.133477,813110
223-222@62k-p7c-t5f,-71.040645,42.134095,813110
223-222@62k-p7d-ty9,-71.044623,42.154603,813110
223-222@62k-p7f-fzz,-71.036839,42.126804,813110
223-222@62k-p7g-zpv,-71.007078,42.162836,813110
223-222@62k-p89-jn5,-71.108124,42.134695,813110
223-222@62k-p96-y9z,-70.940326,42.190532,813110
223-222@62k-p9n-zpv,-71.006048,42.247624,813110
223-222@62k-p9p-2rk,-71.002894,42.251202,813110
223-222@62k-p9p-87q,-71.011595,42.261151,813110
223-222@62k-pbk-qcq,-70.939818,42.081821,813110
223-222@62k-pc4-jy9,-71.000342,42.090296,813110
223-222@62k-pc7-8gk,-71.021224,42.079135,813110
223-222@62k-pc7-8qf,-71.020715,42.07676,813110
223-222@62k-pc7-92k,-71.01909,42.077408,813110
223-222@62k-pc7-bhq,-71.025301,42.077837,813110
223-222@62k-pc7-k9f,-71.038267,42.091481,813110
223-222@62k-pc8-3qz,-71.012567,42.087599,813110
223-222@62k-pc9-q9f,-71.015931,42.0767,813110
223-222@62k-pcf-brk,-71.003313,42.09754,813110
223-222@62k-pcj-swk,-70.975895,42.034951,813110
223-222@62k-pcn-3yv,-71.009471,42.033863,813110
223-222@62k-pcs-v2k,-70.960227,42.033472,813110
223-222@62k-pdz-73q,-70.942635,42.114405,813110
223-222@62k-pf2-3kf,-70.916182,42.133721,813110
223-222@62k-pf3-qs5,-70.915394,42.127819,813110
223-222@62k-pfw-q75,-71.213429,42.213826,813110
223-222@62k-pfx-cwk,-71.206407,42.190612,813110
223-222@62k-pfx-gkz,-71.201057,42.194811,813110
223-222@62k-pg6-nwk,-71.255071,42.144681,813110
223-222@62k-pgb-5s5,-71.218761,42.166575,813110
223-222@62k-pgf-gkz,-71.227296,42.170794,813110
223-222@62k-phj-rrk,-71.187637,42.223637,813110
223-222@62k-phn-f4v,-71.154665,42.242588,813110
223-222@62k-pht-9pv,-71.14951,42.18569,813110
223-222@62k-pjb-mff,-71.28313,42.245022,813110
223-222@62k-q9m-fzz,-70.813236,41.660986,813110
223-222@62k-qty-s5z,-71.474585,42.083109,813110
223-222@62k-qvm-qfz,-71.442178,42.042258,813110
223-222@62k-r7t-zpv,-71.457681,42.3089,813110
223-222@62k-r7z-ks5,-71.565515,42.39059,813110
223-222@62k-r94-pd9,-71.430085,42.201593,813110
223-223@62j-pqh-kpv,-70.933132,42.738994,813110
223-223@62j-ps7-c5z,-70.891184,42.569441,813110
223-223@62j-psr-brk,-70.90032,42.512339,813110
223-223@62j-pth-qpv,-70.948482,42.54314,813110
223-223@62j-qsv-xbk,-70.899592,42.170754,813110
223-223@62j-rh7-mzf,-71.186998,42.728225,813110
223-223@62j-rk5-9zz,-71.123342,42.689665,813110
223-223@62j-scj-cwk,-71.186736,42.41292,813110
223-223@62j-scj-zcq,-71.227023,42.420833,813110
223-223@62j-sg9-ysq,-71.111656,42.318395,813110
223-223@62j-sgn-v2k,-71.121406,42.26965,813110
223-223@62j-shn-5xq,-71.212675,42.288432,813110
223-223@62j-sj2-snq,-71.106705,42.366795,813110
223-223@62j-sj4-68v,-71.086866,42.340535,813110
223-223@62j-sk4-zs5,-71.139033,42.403886,813110
223-223@62j-sky-4n5,-71.460511,42.475039,813110
223-223@62j-sp4-cdv,-71.381088,42.465301,813110
223-223@62j-sr4-g6k,-71.404223,42.361115,813110
223-223@62j-srg-ty9,-71.415132,42.275011,813110
223-223@62j-srn-sqz,-71.433565,42.305894,813110
223-223@62j-srn-tn5,-71.432762,42.30321,813110
223-223@62j-srv-6kz,-71.309602,42.366371,813110
223-223@62j-srw-4d9,-71.299413,42.367259,813110
223-223@62j-ssd-f9f,-71.252245,42.324957,813110
223-223@62j-ssd-nwk,-71.25785,42.326317,813110
223-223@62j-sy2-s3q,-71.024142,42.445844,813110
223-223@62j-syq-dy9,-71.098688,42.482783,813110
223-223@62j-sys-t5f,-71.063806,42.456607,813110
223-223@62j-sz7-rx5,-71.049969,42.402311,813110
223-223@62j-t27-y5f,-70.919074,42.468883,813110
223-223@62j-t57-c5z,-71.267715,42.644764,813110
223-223@62j-t5w-rzf,-71.349562,42.627678,813110
223-223@62j-x2z-3yv,-70.974625,43.30245,813110
223-223@62j-x2z-8y9,-70.974517,43.292643,813110
223-223@62k-2wz-xt9,-70.673312,42.036451,813110
223-223@62k-fm3-4y9,-71.583248,42.658789,813110
223-223@62k-nr9-6tv,-71.187496,42.107627,813110
223-223@62k-nsn-y5f,-71.061618,42.07154,813110
223-223@62k-p8y-fcq,-70.947846,42.178164,813110
223-223@62k-p8y-yqf,-70.957156,42.176655,813110
223-223@62k-p9n-zpv,-71.006006,42.247608,813110
223-223@62k-p9p-33q,-71.000977,42.252194,813110
223-223@62k-p9p-87q,-71.011575,42.261149,813110
223-223@62k-pbk-qcq,-70.939849,42.081819,813110
223-223@62k-pdt-ffz,-70.937217,42.116167,813110
223-223@62k-pfw-xkf,-71.218164,42.227133,813110
223-223@62k-pfx-gkz,-71.201032,42.194832,813110
223-223@62k-phj-rrk,-71.187638,42.22363,813110
223-223@62k-pjb-mff,-71.283141,42.245018,813110
223-223@62k-qty-s5z,-71.474591,42.083113,813110
223-224@62j-rk6-kmk,-71.176823,42.715006,813110
223-224@62j-rym-yvz,-71.095297,42.835877,813110
223-224@62j-rz6-389,-71.133198,42.787475,813110
223-224@62j-sjh-zzz,-71.072363,42.295674,813110
223-224@62j-sjv-qzz,-71.12301,42.37664,813110
223-224@62j-ss6-mff,-71.272193,42.314876,813110
223-224@62j-sz6-d7q,-71.068083,42.426316,813110
223-224@62j-wpq-975,-70.918058,43.017881,813110
223-224@62k-26r-mc5,-70.663887,41.95537,813110
223-224@62k-nsn-y5f,-71.061649,42.071688,813110
223-224@62k-nsv-cyv,-71.173861,42.11554,813110
223-224@62k-p8d-skf,-71.040965,42.169605,813110
223-224@62k-p9p-33q,-71.000789,42.252232,813110
223-225@62j-sh9-7wk,-71.184317,42.367179,813110
223-225@62j-sjv-qzz,-71.122986,42.376654,813110
223-225@62j-t3n-7kf,-71.352301,42.623305,813110
223-225@62k-p8d-skf,-71.040995,42.169594,813110
223-225@62k-p9n-zpv,-71.006039,42.247619,813110
223-226@62k-p8d-skf,-71.040977,42.169592,813110
223-226@62k-p9n-zpv,-71.006031,42.24763,813110
223-22b@62j-shz-t35,-71.0533,42.35652,813110
224-222@62j-pgg-xh5,-70.835601,42.680872,813110
224-222@62j-pjk-ct9,-70.656187,42.618952,813110
224-222@62j-pkj-2hq,-70.78604,42.629441,813110
224-222@62j-prb-gkz,-71.013602,42.788645,813110
224-222@62j-psr-389,-70.904185,42.517733,813110
224-222@62j-pst-gp9,-70.86025,42.552529,813110
224-222@62j-pt7-hwk,-70.967342,42.633342,813110
224-222@62j-ptr-yy9,-70.986473,42.56804,813110
224-222@62j-pvc-xt9,-70.813192,42.566272,813110
224-222@62j-q3g-435,-70.653918,42.678248,813110
224-222@62j-q5h-6zf,-70.929366,42.85863,813110
224-222@62j-q6r-s5z,-70.943092,42.811936,813110
224-222@62j-q77-gff,-70.870586,42.901453,813110
224-222@62j-q77-nyv,-70.876524,42.895024,813110
224-222@62j-qnp-jd9,-70.876205,42.287196,813110
224-222@62j-qs9-zj9,-70.884271,42.210608,813110
224-222@62j-qsv-djv,-70.908868,42.159315,813110
224-222@62j-qtx-fj9,-70.739782,42.207295,813110
224-222@62j-qv3-5j9,-70.799268,42.237323,813110
224-222@62j-r5r-ch5,-70.858495,42.497268,813110
224-222@62j-r5s-3qz,-70.851186,42.505574,813110
224-222@62j-rh5-hkf,-71.225465,42.747767,813110
224-222@62j-rk3-fcq,-71.160011,42.69965,813110
224-222@62j-rk6-s5z,-71.173664,42.703939,813110
224-222@62j-ryz-5pv,-71.10012,42.802208,813110
224-222@62j-rz2-yy9,-71.083892,42.778434,813110
224-222@62j-rz3-s89,-71.088675,42.793458,813110
224-222@62j-rzb-yqf,-71.103332,42.827877,813110
224-222@62j-s2s-8qf,-71.009431,42.831243,813110
224-222@62j-sc2-kvf,-71.210015,42.486917,813110
224-222@62j-sc3-jqf,-71.202533,42.453697,813110
224-222@62j-sc5-6ff,-71.25625,42.483292,813110
224-222@62j-scj-975,-71.17029,42.403065,813110
224-222@62j-scn-psq,-71.310293,42.482024,813110
224-222@62j-scy-f2k,-71.282285,42.492633,813110
224-222@62j-sdh-ty9,-71.171677,42.489137,813110
224-222@62j-sdj-ghq,-71.164506,42.509732,813110
224-222@62j-sdr-5j9,-71.161517,42.512782,813110
224-222@62j-sdy-d7q,-71.144241,42.450382,813110
224-222@62j-sdy-djv,-71.141541,42.451019,813110
224-222@62j-sf2-vzz,-71.196669,42.445745,813110
224-222@62j-sfd-435,-71.259152,42.511442,813110
224-222@62j-sg8-66k,-71.119176,42.335196,813110
224-222@62j-sgj-hwk,-71.139618,42.339096,813110
224-222@62j-sgk-fzz,-71.143803,42.354994,813110
224-222@62j-sgn-j35,-71.11614,42.267032,813110
224-222@62j-sgq-zj9,-71.095674,42.266338,813110
224-222@62j-sgs-4jv,-71.132795,42.281784,813110
224-222@62j-sgs-4sq,-71.131261,42.283898,813110
224-222@62j-sgt-d7q,-71.142208,42.251936,813110
224-222@62j-sgt-rp9,-71.122722,42.254412,813110
224-222@62j-sgx-7kf,-71.092053,42.281254,813110
224-222@62j-sgx-g8v,-71.09176,42.273483,813110
224-222@62j-sgz-7yv,-71.120132,42.29044,813110
224-222@62j-sgz-8gk,-71.120067,42.287629,813110
224-222@62j-sh5-6c5,-71.200704,42.330408,813110
224-222@62j-sh6-tjv,-71.249675,42.343916,813110
224-222@62j-shb-6p9,-71.179379,42.36714,813110
224-222@62j-shc-7bk,-71.187149,42.354636,813110
224-222@62j-shs-j7q,-71.150675,42.303087,813110
224-222@62j-shx-cqz,-71.064906,42.357518,813110
224-222@62j-shy-4vz,-71.054008,42.36499,813110
224-222@62j-sj2-4y9,-71.094056,42.366203,813110
224-222@62j-sj2-5cq,-71.100259,42.369387,813110
224-222@62j-sj2-wx5,-71.088456,42.371544,813110
224-222@62j-sj3-q4v,-71.075643,42.349971,813110
224-222@62j-sj4-h3q,-71.071575,42.357773,813110
224-222@62j-sj4-kcq,-71.073691,42.345804,813110
224-222@62j-sj7-35z,-71.040345,42.37148,813110
224-222@62j-sj7-r49,-71.039327,42.377527,813110
224-222@62j-sjg-2hq,-71.081615,42.311386,813110
224-222@62j-sjg-jd9,-71.088728,42.314544,813110
224-222@62j-sjh-wtv,-71.078658,42.296864,813110
224-222@62j-sjh-y9z,-71.080989,42.297103,813110
224-222@62j-sjj-p7q,-71.066071,42.299227,813110
224-222@62j-sjj-q9f,-71.070634,42.301402,813110
224-222@62j-sjq-8y9,-71.069958,42.340878,813110
224-222@62j-sjv-mc5,-71.128677,42.377002,813110
224-222@62j-sjv-mff,-71.127424,42.37585,813110
224-222@62j-sjx-4d9,-71.17529,42.395212,813110
224-222@62j-sk3-j7q,-71.101516,42.387443,813110
224-222@62j-sn5-92k,-71.503694,42.436888,813110
224-222@62j-snh-jy9,-71.416435,42.483578,813110
224-222@62j-snz-7h5,-71.364466,42.458743,813110
224-222@62j-sp4-5cq,-71.394861,42.455848,813110
224-222@62j-spf-zvf,-71.430612,42.515485,813110
224-222@62j-sq4-k9f,-71.333232,42.309913,813110
224-222@62j-sqg-fvf,-71.327255,42.27754,813110
224-222@62j-sqq-jjv,-71.31394,42.304611,813110
224-222@62j-sqs-jsq,-71.346928,42.284202,813110
224-222@62j-sqs-t35,-71.348905,42.296767,813110
224-222@62j-sr4-ygk,-71.415066,42.364046,813110
224-222@62j-srt-qj9,-71.250071,42.347272,813110
224-222@62j-srt-wff,-71.263672,42.361874,813110
224-222@62j-sry-yd9,-71.2576,42.389976,813110
224-222@62j-ss2-kj9,-71.238525,42.365411,813110
224-222@62j-ss9-nyv,-71.306125,42.306416,813110
224-222@62j-ssd-tvz,-71.241189,42.335689,813110
224-222@62j-sts-vvf,-71.12371,42.609478,813110
224-222@62j-sx8-28v,-71.127659,42.675845,813110
224-222@62j-sxv-kcq,-71.013186,42.465933,813110
224-222@62j-sxv-mx5,-71.019117,42.464725,813110
224-222@62j-sxw-zzz,-71.006414,42.444633,813110
224-222@62j-sy6-249,-70.973977,42.463542,813110
224-222@62j-syf-2rk,-71.042685,42.398616,813110
224-222@62j-sys-qj9,-71.064228,42.467531,813110
224-222@62j-syt-v4v,-71.12832,42.485073,813110
224-222@62j-szd-jjv,-71.068011,42.454196,813110
224-222@62j-szd-zzz,-71.048399,42.414512,813110
224-222@62j-szm-gx5,-70.950151,42.507797,813110
224-222@62j-szn-d5f,-70.948453,42.475073,813110
224-222@62j-szq-wtv,-70.966741,42.473726,813110
224-222@62j-t27-kzz,-70.938635,42.467289,813110
224-222@62j-t28-djv,-70.921414,42.471566,813110
224-222@62j-t4c-wrk,-71.385753,42.632326,813110
224-222@62j-t54-zj9,-71.306267,42.641377,813110
224-222@62j-t5b-6p9,-71.302566,42.652068,813110
224-222@62j-t5b-fj9,-71.302508,42.648506,813110
224-222@62j-t5m-9cq,-71.266661,42.557258,813110
224-222@62j-t5w-wp9,-71.328077,42.636679,813110
224-222@62j-t64-c89,-71.318691,42.641574,813110
224-222@62j-wch-28v,-70.881958,43.204913,813110
224-222@62j-wgv-yd9,-70.78044,43.058851,813110
224-222@62j-wgy-djv,-70.767926,43.058576,813110
224-222@62j-wq6-hbk,-70.964516,42.965748,813110
224-222@62j-wq7-2x5,-70.955771,42.977602,813110
224-222@62j-wsc-68v,-70.873928,43.258986,813110
224-222@62j-wsc-pjv,-70.877037,43.251749,813110
224-222@62k-2b7-rff,-70.557429,41.81198,813110
224-222@62k-2b8-4y9,-70.600404,41.821751,813110
224-222@62k-2gm-n5z,-70.738057,41.994726,813110
224-222@62k-2gz-ty9,-70.745978,41.906885,813110
224-222@62k-2js-9fz,-70.671015,41.768131,813110
224-222@62k-2z7-wc5,-70.74067,42.143225,813110
224-222@62k-fkj-z9f,-71.455522,42.588291,813110
224-222@62k-nry-85f,-71.064181,42.092538,813110
224-222@62k-nsw-dn5,-71.173641,42.131995,813110
224-222@62k-nt3-9zz,-71.160564,42.135167,813110
224-222@62k-nwc-2ff,-70.967442,41.98457,813110
224-222@62k-nwn-s89,-70.974087,41.988437,813110
224-222@62k-nz5-f75,-71.400107,42.087692,813110
224-222@62k-nz5-ks5,-71.400625,42.082845,813110
224-222@62k-p2t-sqz,-71.331111,42.125875,813110
224-222@62k-p6v-pqf,-71.007949,42.19939,813110
224-222@62k-p7d-f75,-71.029836,42.152162,813110
224-222@62k-p7j-ckf,-70.972717,42.135772,813110
224-222@62k-p7m-hh5,-71.009242,42.156898,813110
224-222@62k-p7s-3wk,-71.066912,42.19698,813110
224-222@62k-p82-rkz,-71.119056,42.247082,813110
224-222@62k-p89-kfz,-71.112024,42.137747,813110
224-222@62k-p8d-85f,-71.047922,42.154656,813110
224-222@62k-p8d-py9,-71.043407,42.167038,813110
224-222@62k-p8d-q75,-71.043336,42.164778,813110
224-222@62k-p8y-fcq,-70.947415,42.177937,813110
224-222@62k-p8z-2kz,-70.951323,42.175457,813110
224-222@62k-p96-brk,-70.931483,42.199823,813110
224-222@62k-pc4-s5z,-71.003128,42.085401,813110
224-222@62k-pc5-n5z,-70.982762,42.066131,813110
224-222@62k-pc7-3kf,-71.021877,42.083638,813110
224-222@62k-pc7-3yv,-71.022405,42.085484,813110
224-222@62k-pc7-c3q,-71.01901,42.080979,813110
224-222@62k-pcf-qxq,-71.019431,42.104087,813110
224-222@62k-pd6-hwk,-70.844385,42.116754,813110
224-222@62k-ph9-p5f,-71.323293,42.188674,813110
224-222@62k-phd-qcq,-71.174787,42.2489,813110
224-222@62k-phm-8sq,-71.15564,42.262082,813110
224-222@62k-pj9-wkz,-71.221736,42.236524,813110
224-222@62k-pjc-9j9,-71.273345,42.253538,813110
224-222@62k-r5n-t35,-71.550086,42.346358,813110
224-222@62k-r5s-6kz,-71.562108,42.349558,813110
224-222@62k-r7z-kzz,-71.564042,42.392998,813110
224-222@62k-r99-gx5,-71.432975,42.145653,813110
224-223@62j-psp-skf,-70.921307,42.526619,813110
224-223@62j-psr-389,-70.904186,42.517707,813110
224-223@62j-qrp-wkz,-70.776854,42.216109,813110
224-223@62j-qsv-djv,-70.908852,42.159283,813110
224-223@62j-rr7-nh5,-71.418101,42.648684,813110
224-223@62j-sg8-7yv,-71.121597,42.339984,813110
224-223@62j-sgg-9mk,-71.104754,42.347064,813110
224-223@62j-sgy-g6k,-71.124908,42.283655,813110
224-223@62j-shb-6p9,-71.179387,42.367175,813110
224-223@62j-shc-7bk,-71.18718,42.354611,813110
224-223@62j-shm-pgk,-71.231424,42.298589,813110
224-223@62j-sj2-wx5,-71.088451,42.371554,813110
224-223@62j-sj3-q4v,-71.075614,42.349966,813110
224-223@62j-sr8-789,-71.421853,42.362223,813110
224-223@62j-srg-rx5,-71.426707,42.273117,813110
224-223@62j-srt-qj9,-71.250066,42.347277,813110
224-223@62j-syf-2rk,-71.042722,42.398615,813110
224-223@62j-sys-qj9,-71.064253,42.467529,813110
224-223@62j-syt-v4v,-71.128314,42.485065,813110
224-223@62j-t2n-v75,-71.006063,42.544874,813110
224-223@62j-wgv-yd9,-70.780437,43.058849,813110
224-223@62k-2gm-n5z,-70.738066,41.99475,813110
224-223@62k-nsy-s89,-71.140604,42.135349,813110
224-223@62k-pc7-3yv,-71.022419,42.085458,813110
224-223@62k-pfq-z4v,-71.210986,42.184,813110
224-223@62k-r5n-t35,-71.550109,42.346359,813110
224-224@62j-pgg-xh5,-70.835612,42.680872,813110
224-224@62j-q5g-4y9,-70.898494,42.843078,813110
224-224@62j-sg8-7yv,-71.121588,42.340025,813110
224-224@62j-sgg-9mk,-71.104733,42.347032,813110
224-224@62j-sgt-rp9,-71.122714,42.254432,813110
224-224@62j-shb-6p9,-71.179408,42.367156,813110
224-224@62j-shx-cqz,-71.064908,42.357557,813110
224-224@62j-sxv-mx5,-71.019104,42.464727,813110
224-224@62j-syn-cqz,-71.00842,42.422663,813110
224-224@62j-x3h-hh5,-70.902566,43.257442,813110
224-224@62k-fkj-z9f,-71.45551,42.58828,813110
224-224@62k-r5n-t35,-71.549944,42.346396,813110
224-225@62j-sgg-9mk,-71.104973,42.347095,813110
224-225@62j-sny-rc5,-71.356537,42.455039,813110
224-226@62j-sg8-7yv,-71.12159,42.339993,813110
224-227@62j-sgg-9mk,-71.104752,42.347025,813110
224-227@62j-t2b-x89,-70.941127,42.466982,813110
224-228@62j-sgg-9mk,-71.104727,42.34703,813110
224-229@62j-sgg-9mk,-71.104717,42.347035,813110
225-222@62j-pkg-s5z,-70.726714,42.621809,813110
225-222@62j-pkh-d5f,-70.78027,42.632696,813110
225-222@62j-pn5-qvf,-70.673258,42.647969,813110
225-222@62j-ppx-ckf,-71.115883,42.764084,813110
225-222@62j-pq8-8vz,-71.065033,42.707809,813110
225-222@62j-psw-k9f,-70.909561,42.559011,813110
225-222@62j-pvf-d5f,-70.84749,42.577347,813110
225-222@62j-q5h-vvf,-70.934226,42.854456,813110
225-222@62j-q5v-2p9,-70.8743,42.811427,813110
225-222@62j-qsb-yy9,-70.880865,42.229247,813110
225-222@62j-qtb-xt9,-70.754441,42.220111,813110
225-222@62j-rgy-yqf,-71.219252,42.709184,813110
225-222@62j-rj9-249,-71.286122,42.66149,813110
225-222@62j-rk3-6ff,-71.158341,42.708276,813110
225-222@62j-rk3-87q,-71.162734,42.709479,813110
225-222@62j-rkd-zj9,-71.170875,42.738792,813110
225-222@62j-rzz-v2k,-71.196148,42.79765,813110
225-222@62j-s4j-nnq,-71.450825,42.930663,813110
225-222@62j-sbv-snq,-71.223728,42.44601,813110
225-222@62j-scd-9mk,-71.238363,42.389207,813110
225-222@62j-scd-ndv,-71.242763,42.3887,813110
225-222@62j-sdk-c5z,-71.150675,42.476316,813110
225-222@62j-sf5-rrk,-71.139254,42.453593,813110
225-222@62j-sff-xqz,-71.226723,42.497202,813110
225-222@62j-sfm-zxq,-71.213438,42.521064,813110
225-222@62j-sfn-2zf,-71.211584,42.520361,813110
225-222@62j-sfp-3qz,-71.215692,42.525819,813110
225-222@62j-sfq-3yv,-71.266167,42.533481,813110
225-222@62j-sg8-d7q,-71.113404,42.332869,813110
225-222@62j-sgd-vfz,-71.128088,42.313599,813110
225-222@62j-sgg-zzz,-71.093423,42.320833,813110
225-222@62j-sgh-249,-71.093338,42.320386,813110
225-222@62j-sgs-z4v,-71.124355,42.246088,813110
225-222@62j-sgt-kxq,-71.120767,42.259768,813110
225-222@62j-sgx-d35,-71.092577,42.265335,813110
225-222@62j-sgx-j7q,-71.068905,42.278108,813110
225-222@62j-sh3-fzz,-71.197614,42.339098,813110
225-222@62j-sh5-ct9,-71.19522,42.328924,813110
225-222@62j-sh9-t35,-71.202486,42.36431,813110
225-222@62j-shj-yd9,-71.168771,42.266966,813110
225-222@62j-shq-dy9,-71.17362,42.30277,813110
225-222@62j-sj2-sdv,-71.098985,42.363189,813110
225-222@62j-sj3-t35,-71.073909,42.340306,813110
225-222@62j-sj9-92k,-71.08388,42.394663,813110
225-222@62j-sjg-4jv,-71.084438,42.310208,813110
225-222@62j-sjg-g6k,-71.096831,42.314816,813110
225-222@62j-sjh-zxq,-71.072008,42.296708,813110
225-222@62j-sjj-qs5,-71.07115,42.297976,813110
225-222@62j-sjp-kfz,-71.075864,42.326315,813110
225-222@62j-sjq-789,-71.068322,42.337479,813110
225-222@62j-sjv-9j9,-71.120827,42.375688,813110
225-222@62j-sjv-bx5,-71.113534,42.376493,813110
225-222@62j-sjz-f2k,-71.139825,42.405573,813110
225-222@62j-sk4-rhq,-71.15045,42.413318,813110
225-222@62j-smc-y9z,-71.447282,42.416793,813110
225-222@62j-smh-j9z,-71.514678,42.482659,813110
225-222@62j-sqy-rzf,-71.400387,42.328394,813110
225-222@62j-srd-6x5,-71.398528,42.278374,813110
225-222@62j-srh-grk,-71.413124,42.280924,813110
225-222@62j-srh-mff,-71.416159,42.281076,813110
225-222@62j-srh-xbk,-71.421437,42.284412,813110
225-222@62j-srt-pgk,-71.258051,42.34336,813110
225-222@62j-ss7-vvf,-71.253489,42.283453,813110
225-222@62j-svr-r49,-71.16897,42.551592,813110
225-222@62j-syc-4jv,-70.983133,42.379557,813110
225-222@62j-sz5-g6k,-71.079317,42.427909,813110
225-222@62j-sz6-4vz,-71.072693,42.428573,813110
225-222@62j-sz6-8y9,-71.064256,42.421149,813110
225-222@62j-sz8-jqf,-71.109679,42.413247,813110
225-222@62j-szc-k4v,-71.059251,42.437947,813110
225-222@62j-szf-gp9,-71.05955,42.421603,813110
225-222@62j-t27-73q,-70.927652,42.462979,813110
225-222@62j-t28-2tv,-70.917579,42.470223,813110
225-222@62j-t2b-73q,-70.956174,42.463084,813110
225-222@62j-t2b-z75,-70.940592,42.472186,813110
225-222@62j-t2c-6ff,-70.939197,42.463895,813110
225-222@62j-t2f-sqz,-71.037109,42.518076,813110
225-222@62j-t2n-gkz,-71.02503,42.540975,813110
225-222@62j-t2q-5zz,-71.006393,42.513944,813110
225-222@62j-t54-xt9,-71.311828,42.639871,813110
225-222@62j-t56-gkz,-71.290629,42.623669,813110
225-222@62j-t5k-zvf,-71.269759,42.559159,813110
225-222@62j-t5w-fxq,-71.332896,42.626712,813110
225-222@62j-t5x-73q,-71.322955,42.629518,813110
225-222@62j-t63-kvf,-71.32437,42.664529,813110
225-222@62j-t64-kxq,-71.331188,42.656777,813110
225-222@62j-wb3-5vf,-70.936264,43.07822,813110
225-222@62j-wff-yjv,-70.836471,42.938118,813110
225-222@62j-wq6-sqz,-70.949096,42.980249,813110
225-222@62j-wq7-3kf,-70.961982,42.980549,813110
225-222@62j-wqm-6p9,-71.047468,43.045063,813110
225-222@62j-x3j-9j9,-70.896727,43.262035,813110
225-222@62k-26r-t35,-70.67374,41.962683,813110
225-222@62k-286-5fz,-70.538609,41.888232,813110
225-222@62k-2g4-54v,-70.916409,41.89351,813110
225-222@62k-2jv-wff,-70.724355,41.764981,813110
225-222@62k-2kp-nbk,-70.726328,41.765553,813110
225-222@62k-fhh-bp9,-71.57311,42.610237,813110
225-222@62k-ns5-zs5,-71.039049,42.096105,813110
225-222@62k-nsm-j5f,-71.014319,42.058043,813110
225-222@62k-nsv-7kf,-71.179298,42.121454,813110
225-222@62k-nsw-7h5,-71.16313,42.123531,813110
225-222@62k-nsy-x3q,-71.118871,42.14721,813110
225-222@62k-nx2-zcq,-70.965167,41.932307,813110
225-222@62k-nxd-47q,-71.040126,42.015442,813110
225-222@62k-p2c-9s5,-71.251816,42.065121,813110
225-222@62k-p2d-89z,-71.2508,42.065743,813110
225-222@62k-p73-jvz,-70.994958,42.216041,813110
225-222@62k-p89-m49,-71.110276,42.134711,813110
225-222@62k-p9g-xt9,-71.021825,42.24169,813110
225-222@62k-p9h-jd9,-71.069623,42.249008,813110
225-222@62k-p9n-t9z,-71.010968,42.255705,813110
225-222@62k-p9p-2ff,-71.006339,42.246451,813110
225-222@62k-p9p-9j9,-71.016392,42.260801,813110
225-222@62k-pbk-7h5,-70.93676,42.083486,813110
225-222@62k-pc7-33q,-71.02521,42.086449,813110
225-222@62k-pc7-3yv,-71.022803,42.085951,813110
225-222@62k-pc7-btv,-71.022041,42.082505,813110
225-222@62k-pc9-rrk,-71.011242,42.079868,813110
225-222@62k-pd6-4n5,-70.838683,42.115656,813110
225-222@62k-pdt-q9f,-70.916419,42.129442,813110
225-222@62k-pdt-rzf,-70.923051,42.122333,813110
225-222@62k-php-3wk,-71.143923,42.24266,813110
225-222@62k-pjg-kvf,-71.231749,42.282206,813110
225-222@62k-q8x-bp9,-70.918643,41.886338,813110
225-222@62k-qty-vfz,-71.476379,42.081195,813110
225-222@62k-qv6-8sq,-71.484736,42.105369,813110
225-222@62k-rcf-mtv,-71.465876,42.264167,813110
225-222@62m-j8b-j35,-70.945762,43.333374,813110
225-223@62j-pgg-xh5,-70.835256,42.680253,813110
225-223@62j-pmx-t5f,-70.67871,42.632562,813110
225-223@62j-rct-rhq,-71.350079,42.867705,813110
225-223@62j-rsx-zzz,-71.355996,42.682472,813110
225-223@62j-sbt-6kz,-71.243456,42.465001,813110
225-223@62j-sd6-vzz,-71.325877,42.413472,813110
225-223@62j-sfk-rkz,-71.230861,42.533016,813110
225-223@62j-sg8-d7q,-71.113379,42.33284,813110
225-223@62j-sgq-kcq,-71.093037,42.261553,813110
225-223@62j-sh5-ct9,-71.195206,42.328906,813110
225-223@62j-shc-75z,-71.186012,42.354454,813110
225-223@62j-shs-jd9,-71.15151,42.302549,813110
225-223@62j-sj5-v2k,-71.039068,42.394505,813110
225-223@62j-sjg-g6k,-71.096801,42.314815,813110
225-223@62j-sjv-bx5,-71.113513,42.376461,813110
225-223@62j-smh-j9z,-71.514503,42.482682,813110
225-223@62j-ss2-dvz,-71.237866,42.371621,813110
225-223@62j-sx5-td9,-71.165712,42.659955,813110
225-223@62j-t2c-6ff,-70.939153,42.463799,813110
225-223@62j-t56-gkz,-71.290646,42.623635,813110
225-223@62j-wch-649,-70.875827,43.198399,813110
225-223@62k-273-qxq,-70.694027,41.981012,813110
225-223@62k-p2d-89z,-71.250805,42.065762,813110
225-223@62k-p7c-tvz,-71.040551,42.133289,813110
225-223@62k-pc7-btv,-71.022031,42.082521,813110
225-223@62k-pd6-4n5,-70.838678,42.115609,813110
225-223@62k-pjg-59f,-71.233244,42.279854,813110
225-224@62j-q5k-649,-70.92202,42.847205,813110
225-224@62j-sh5-ct9,-71.195192,42.328924,813110
225-224@62j-sh8-bhq,-71.231313,42.325672,813110
225-224@62j-shc-75z,-71.18604,42.354487,813110
225-224@62j-shz-3bk,-71.058181,42.356068,813110
225-224@62j-sj5-v2k,-71.039064,42.394481,813110
225-224@62j-sjv-bx5,-71.113517,42.376481,813110
225-224@62j-ss7-vvf,-71.253229,42.283412,813110
225-224@62j-t5z-j7q,-71.380763,42.636767,813110
225-224@62j-w8t-vfz,-70.924962,43.135665,813110
225-224@62k-p6z-rx5,-71.048464,42.173619,813110
225-224@62k-pd6-4n5,-70.838685,42.11565,813110
225-225@62j-sh5-ct9,-71.195214,42.3289,813110
225-225@62j-sj2-sdv,-71.098988,42.363188,813110
225-225@62j-sjv-bx5,-71.113497,42.376449,813110
225-225@62j-srh-mff,-71.416181,42.281053,813110
225-226@62j-sjv-bx5,-71.113496,42.376467,813110
225-227@62j-sjv-bx5,-71.113537,42.376459,813110
225-227@62j-sk2-st9,-71.110087,42.383627,813110
225-228@62j-sjv-bx5,-71.113521,42.376466,813110
226-222@62j-pg9-kj9,-70.836732,42.679924,813110
226-222@62j-psr-t35,-70.893193,42.522409,813110
226-222@62j-pss-rp9,-70.877905,42.548823,813110
226-222@62j-pst-6tv,-70.877662,42.551834,813110
226-222@62j-ptr-5j9,-70.934076,42.566885,813110
226-222@62j-q5h-rkz,-70.938609,42.854742,813110
226-222@62j-qnr-75z,-70.879188,42.276745,813110
226-222@62j-qpc-v2k,-70.957023,42.267326,813110
226-222@62j-qsf-6tv,-70.927501,42.218107,813110
226-222@62j-r5r-whq,-70.870284,42.494221,813110
226-222@62j-rcr-q9f,-71.32289,42.883032,813110
226-222@62j-rh6-qxq,-71.195734,42.717986,813110
226-222@62j-rk2-zcq,-71.14765,42.697843,813110
226-222@62j-rk8-hdv,-71.162828,42.69688,813110
226-222@62j-rkc-y35,-71.159914,42.715008,813110
226-222@62j-rkr-zvf,-71.202174,42.787502,813110
226-222@62j-ryz-8vz,-71.096834,42.802878,813110
226-222@62j-rz3-gff,-71.080271,42.787479,813110
226-222@62j-rz3-nyv,-71.076879,42.779671,813110
226-222@62j-s2r-h3q,-71.025668,42.818443,813110
226-222@62j-scd-qxq,-71.23957,42.390199,813110
226-222@62j-scp-k9f,-71.294748,42.488029,813110
226-222@62j-sdj-grk,-71.160845,42.50813,813110
226-222@62j-sdm-5mk,-71.14731,42.480778,813110
226-222@62j-sf3-g8v,-71.173706,42.43914,813110
226-222@62j-sff-qcq,-71.22039,42.505868,813110
226-222@62j-sg8-28v,-71.130703,42.327148,813110
226-222@62j-sg8-5zz,-71.122078,42.334116,813110
226-222@62j-sg8-x5z,-71.112949,42.309927,813110
226-222@62j-sg9-ht9,-71.11582,42.306504,813110
226-222@62j-sgb-4d9,-71.114444,42.32358,813110
226-222@62j-sgg-k75,-71.106561,42.358212,813110
226-222@62j-sgj-sbk,-71.150827,42.356823,813110
226-222@62j-sgp-dy9,-71.116118,42.282736,813110
226-222@62j-sgr-249,-71.093479,42.265298,813110
226-222@62j-sgr-rx5,-71.151644,42.277227,813110
226-222@62j-sgs-bzf,-71.133922,42.275005,813110
226-222@62j-sgv-ghq,-71.092445,42.282288,813110
226-222@62j-sgw-st9,-71.088105,42.275248,813110
226-222@62j-sgx-g6k,-71.094008,42.271292,813110
226-222@62j-sgx-x89,-71.089151,42.282245,813110
226-222@62j-sgx-zpv,-71.085965,42.284285,813110
226-222@62j-sh3-mff,-71.215497,42.35172,813110
226-222@62j-shc-35z,-71.183474,42.353094,813110
226-222@62j-she-8gk,-71.19872,42.313233,813110
226-222@62j-shq-nyv,-71.185774,42.318436,813110
226-222@62j-sj2-5vf,-71.100053,42.370267,813110
226-222@62j-sjg-9cq,-71.081782,42.304198,813110
226-222@62j-sjh-5xq,-71.085491,42.320902,813110
226-222@62j-sjz-v75,-71.119101,42.415184,813110
226-222@62j-sqm-6tv,-71.349443,42.283732,813110
226-222@62j-sqs-kpv,-71.34451,42.284099,813110
226-222@62j-srh-y5f,-71.421119,42.283131,813110
226-222@62j-ssc-5vf,-71.290751,42.286877,813110
226-222@62j-ssf-9vf,-71.250895,42.341639,813110
226-222@62j-sv3-fxq,-71.112379,42.520597,813110
226-222@62j-sx2-3qz,-71.142801,42.654644,813110
226-222@62j-sxb-t9z,-71.149894,42.660636,813110
226-222@62j-sxc-psq,-71.15087,42.676556,813110
226-222@62j-sxy-wx5,-71.060881,42.463804,813110
226-222@62j-syb-nkf,-71.001308,42.418348,813110
226-222@62j-syd-2x5,-70.986144,42.393734,813110
226-222@62j-syd-p9z,-71.031154,42.395356,813110
226-222@62j-syq-v9f,-71.099174,42.483768,813110
226-222@62j-syr-33q,-71.103238,42.478941,813110
226-222@62j-sz6-89z,-71.066085,42.424093,813110
226-222@62j-sz7-pqf,-71.057169,42.414234,813110
226-222@62j-sz9-bff,-71.097875,42.425075,813110
226-222@62j-szc-v75,-71.072122,42.439726,813110
226-222@62j-szq-ct9,-70.983731,42.506059,813110
226-222@62j-szs-td9,-70.949289,42.51453,813110
226-222@62j-szt-brk,-70.938393,42.528177,813110
226-222@62j-t27-nkf,-70.928698,42.464391,813110
226-222@62j-t2j-6rk,-71.064423,42.516337,813110
226-222@62j-t39-fxq,-71.354143,42.598236,813110
226-222@62j-t43-6ff,-71.342556,42.568506,813110
226-222@62j-t54-w8v,-71.311171,42.640891,813110
226-222@62j-t59-xdv,-71.289979,42.642656,813110
226-222@62j-t5b-6kz,-71.304775,42.650788,813110
226-222@62j-w8t-qj9,-70.923058,43.133638,813110
226-222@62j-w92-3t9,-70.917638,43.148911,813110
226-222@62j-wch-85f,-70.877735,43.194887,813110
226-222@62j-wq6-t35,-70.947439,42.980684,813110
226-222@62j-x3z-5j9,-70.975534,43.303151,813110
226-222@62k-272-nqz,-70.68413,41.974824,813110
226-222@62k-272-nt9,-70.684126,41.973987,813110
226-222@62k-273-jgk,-70.68375,41.968102,813110
226-222@62k-2g3-swk,-70.910295,41.892101,813110
226-222@62k-2g5-d5f,-70.892226,41.87616,813110
226-222@62k-2wv-xnq,-70.717324,42.012226,813110
226-222@62k-fjq-psq,-71.587225,42.558695,813110
226-222@62k-nwn-975,-70.988196,41.997615,813110
226-222@62k-nwn-rhq,-70.973958,41.989657,813110
226-222@62k-p6y-7kf,-71.05894,42.190471,813110
226-222@62k-p89-kj9,-71.114298,42.139522,813110
226-222@62k-p8d-yjv,-71.041963,42.162584,813110
226-222@62k-p8q-yy9,-70.96714,42.219398,813110
226-222@62k-p9d-b8v,-71.036994,42.257743,813110
226-222@62k-p9g-mff,-71.014027,42.239797,813110
226-222@62k-p9g-xwk,-71.01991,42.24376,813110
226-222@62k-p9n-yqf,-71.001222,42.244033,813110
226-222@62k-p9p-2kz,-71.000754,42.250702,813110
226-222@62k-p9p-7t9,-71.013942,42.261492,813110
226-222@62k-pbk-qzz,-70.937879,42.078847,813110
226-222@62k-pc7-3yv,-71.023056,42.085227,813110
226-222@62k-pc7-ch5,-71.020574,42.079514,813110
226-222@62k-pc7-w6k,-71.017785,42.091266,813110
226-222@62k-pc8-y5f,-71.017796,42.067932,813110
226-222@62k-pck-m49,-70.962738,42.01423,813110
226-222@62k-pfp-jy9,-71.226829,42.208053,813110
226-222@62k-phn-btv,-71.155248,42.241412,813110
226-222@62k-pjg-kmk,-71.23579,42.283047,813110
226-222@62k-q7t-q75,-70.860402,41.841177,813110
226-223@62j-rz3-nyv,-71.076861,42.779678,813110
226-223@62j-sgp-vzz,-71.097179,42.258631,813110
226-223@62j-sgs-wff,-71.122638,42.255679,813110
226-223@62j-sh6-djv,-71.232782,42.342414,813110
226-223@62j-shx-9vf,-71.064247,42.361651,813110
226-223@62j-sjh-5xq,-71.085486,42.320913,813110
226-223@62j-sx2-8n5,-71.140548,42.649408,813110
226-223@62j-sx6-nh5,-71.159234,42.627355,813110
226-223@62j-sxc-psq,-71.150864,42.676563,813110
226-223@62j-sxy-wx5,-71.060881,42.463835,813110
226-223@62j-syq-v9f,-71.09917,42.483755,813110
226-223@62j-w8t-s3q,-70.928448,43.132615,813110
226-223@62k-2g5-d5f,-70.892251,41.876164,813110
226-223@62k-nwn-rhq,-70.973924,41.98966,813110
226-223@62k-p8d-yjv,-71.041974,42.162554,813110
226-224@62j-shx-9vf,-71.064231,42.361663,813110
226-224@62j-shy-q4v,-71.04852,42.351788,813110
226-224@62j-ssg-p35,-71.225365,42.313329,813110
226-224@62j-syb-nkf,-71.001325,42.418346,813110
226-224@62j-wcj-vmk,-70.874029,43.1912,813110
226-224@62k-p9d-b8v,-71.036981,42.257731,813110
226-225@62j-shx-9vf,-71.064246,42.36165,813110
226-225@62j-shy-q4v,-71.048517,42.351771,813110
226-225@62j-t39-fxq,-71.354133,42.598246,813110
226-226@62j-t39-fxq,-71.354165,42.598204,813110
227-222@62j-pjk-9j9,-70.657221,42.617185,813110
227-222@62j-pkx-tjv,-70.770827,42.579799,813110
227-222@62j-ppx-nt9,-71.093119,42.770661,813110
227-222@62j-psd-nnq,-70.878323,42.613394,813110
227-222@62j-q76-mp9,-70.818532,42.882947,813110
227-222@62j-qv4-68v,-70.803711,42.242327,813110
227-222@62j-rcq-zxq,-71.324818,42.882532,813110
227-222@62j-rct-rp9,-71.351023,42.868338,813110
227-222@62j-rh7-kcq,-71.184518,42.728017,813110
227-222@62j-rk7-rtv,-71.170666,42.692281,813110
227-222@62j-rr8-f2k,-71.404387,42.659064,813110
227-222@62j-scn-td9,-71.303773,42.482556,813110
227-222@62j-scy-cyv,-71.279828,42.491332,813110
227-222@62j-sdk-4gk,-71.15271,42.480055,813110
227-222@62j-sdp-t5f,-71.175007,42.487862,813110
227-222@62j-sdy-d7q,-71.143824,42.449835,813110
227-222@62j-sf6-435,-71.152697,42.457969,813110
227-222@62j-sf6-cbk,-71.125259,42.467072,813110
227-222@62j-sgg-bx5,-71.09804,42.35051,813110
227-222@62j-sgg-v2k,-71.0922,42.328791,813110
227-222@62j-sgj-x5z,-71.154054,42.344603,813110
227-222@62j-sgk-435,-71.138071,42.354331,813110
227-222@62j-sgp-975,-71.104842,42.271612,813110
227-222@62j-sgt-ht9,-71.120974,42.26229,813110
227-222@62j-sgv-kfz,-71.089099,42.28576,813110
227-222@62j-sgy-x3q,-71.13305,42.288483,813110
227-222@62j-sgy-y7q,-71.138741,42.291926,813110
227-222@62j-sh3-9cq,-71.206583,42.350641,813110
227-222@62j-sh3-9s5,-71.205854,42.346583,813110
227-222@62j-she-t7q,-71.206949,42.306901,813110
227-222@62j-sj2-5cq,-71.099322,42.369322,813110
227-222@62j-sj2-5j9,-71.101766,42.369341,813110
227-222@62j-sj2-sdv,-71.098084,42.363828,813110
227-222@62j-sj2-sh5,-71.099798,42.36457,813110
227-222@62j-sj3-b6k,-71.097308,42.3801,813110
227-222@62j-sj8-4n5,-71.083236,42.386233,813110
227-222@62j-sjg-2p9,-71.081978,42.312433,813110
227-222@62j-sjg-cnq,-71.081258,42.306426,813110
227-222@62j-sjh-3nq,-71.067972,42.314078,813110
227-222@62j-sjh-8n5,-71.081875,42.322959,813110
227-222@62j-sjh-y5f,-71.082732,42.296445,813110
227-222@62j-sjj-7kf,-71.069089,42.287876,813110
227-222@62j-sjj-btv,-71.059622,42.299282,813110
227-222@62j-sjs-f4v,-71.157733,42.39053,813110
227-222@62j-sk5-66k,-71.156986,42.416637,813110
227-222@62j-sqk-sdv,-71.374235,42.275119,813110
227-222@62j-srh-jgk,-71.416589,42.275777,813110
227-222@62j-srk-gff,-71.394696,42.322317,813110
227-222@62j-sv3-fxq,-71.112533,42.520724,813110
227-222@62j-syd-hh5,-71.03249,42.409742,813110
227-222@62j-syd-kzz,-71.029884,42.39761,813110
227-222@62j-syd-mp9,-71.027312,42.395083,813110
227-222@62j-sym-hyv,-71.020424,42.428802,813110
227-222@62j-syt-c3q,-71.123038,42.481853,813110
227-222@62j-sz6-d7q,-71.068084,42.426283,813110
227-222@62j-sz7-mx5,-71.055105,42.409213,813110
227-222@62j-sz9-z4v,-71.090081,42.395694,813110
227-222@62j-szd-wff,-71.042052,42.426217,813110
227-222@62j-szf-xyv,-71.055055,42.434786,813110
227-222@62j-szn-3kf,-70.936817,42.476778,813110
227-222@62j-szt-fs5,-70.934624,42.530522,813110
227-222@62j-t2f-975,-71.03037,42.522869,813110
227-222@62j-t2n-yjv,-71.002322,42.54333,813110
227-222@62j-t54-2kz,-71.302931,42.627486,813110
227-222@62j-wcj-xh5,-70.874643,43.187422,813110
227-222@62j-wfg-nh5,-70.836447,42.943119,813110
227-222@62j-wq6-nwk,-70.948295,42.979242,813110
227-222@62k-nr2-mrk,-71.203107,42.076951,813110
227-222@62k-nsv-v2k,-71.18312,42.12006,813110
227-222@62k-nt2-q75,-71.108281,42.125378,813110
227-222@62k-p72-y9z,-71.004023,42.212854,813110
227-222@62k-p7z-y9z,-71.123506,42.243576,813110
227-222@62k-p8d-tjv,-71.046276,42.169741,813110
227-222@62k-p8n-hdv,-70.989479,42.24026,813110
227-222@62k-p8n-qcq,-70.984958,42.228518,813110
227-222@62k-p8v-zmk,-70.987332,42.248451,813110
227-222@62k-p9m-ysq,-71.03231,42.271688,813110
227-222@62k-pbk-cyv,-70.936258,42.079156,813110
227-222@62k-pc4-pn5,-71.005539,42.081897,813110
227-222@62k-pgb-26k,-71.216645,42.160566,813110
227-222@62k-phg-6p9,-71.160293,42.229679,813110
227-222@62k-pjf-s89,-71.249857,42.275184,813110
227-222@62k-qcf-jsq,-70.762764,41.702016,813110
227-222@62k-r82-3kf,-71.572926,42.39491,813110
227-222@62k-rcf-mkz,-71.466508,42.262289,813110
227-222@62k-rcn-cnq,-71.43897,42.273875,813110
227-223@62j-qsn-gff,-70.890526,42.243013,813110
227-223@62j-rz2-xyv,-71.07879,42.774413,813110
227-223@62j-sgg-v2k,-71.091971,42.328308,813110
227-223@62j-sgy-x3q,-71.133084,42.288474,813110
227-223@62j-sh3-ct9,-71.207447,42.353116,813110
227-223@62j-sh5-d9z,-71.1955,42.329605,813110
227-223@62j-sjh-9s5,-71.08528,42.322415,813110
227-223@62j-snz-jgk,-71.349628,42.458291,813110
227-223@62j-sp4-4vz,-71.395004,42.454613,813110
227-223@62j-srk-gff,-71.394733,42.32229,813110
227-223@62j-syj-3h5,-70.991772,42.418965,813110
227-223@62j-sz7-mx5,-71.05512,42.409243,813110
227-223@62j-t2r-5zz,-71.045393,42.536768,813110
227-223@62j-t54-2kz,-71.302947,42.627488,813110
227-223@62j-t64-vvf,-71.312492,42.655581,813110
227-223@62k-p73-s5z,-71.004588,42.223799,813110
227-223@62k-p8b-3nq,-71.104116,42.150517,813110
227-224@62j-sjh-9s5,-71.085307,42.322439,813110
227-224@62k-phg-6p9,-71.160268,42.22965,813110
227-225@62j-sh9-7yv,-71.183836,42.365776,813110
228-222@62j-pjk-bhq,-70.663398,42.616101,813110
228-222@62j-pm7-gx5,-70.650557,42.61085,813110
228-222@62j-ppt-f75,-71.078425,42.76793,813110
228-222@62j-psr-wrk,-70.892293,42.525817,813110
228-222@62j-pss-8qf,-70.902825,42.527774,813110
228-222@62j-pss-rp9,-70.878163,42.548456,813110
228-222@62j-pss-skf,-70.874726,42.548167,813110
228-222@62j-pt3-6kz,-70.963358,42.588269,813110
228-222@62j-q3g-435,-70.655382,42.67804,813110
228-222@62j-q64-52k,-70.865913,42.808352,813110
228-222@62j-q6x-t7q,-70.9222,42.815022,813110
228-222@62j-q7n-9fz,-70.860226,42.842718,813110
228-222@62j-qtm-st9,-70.730679,42.191708,813110
228-222@62j-r5v-f9f,-70.889366,42.504846,813110
228-222@62j-rcq-zfz,-71.325398,42.88103,813110
228-222@62j-rcr-q4v,-71.32246,42.882579,813110
228-222@62j-rjc-z4v,-71.321568,42.665373,813110
228-222@62j-rk3-87q,-71.163076,42.710008,813110
228-222@62j-rk6-2zf,-71.17711,42.702099,813110
228-222@62j-rkb-wff,-71.129421,42.701736,813110
228-222@62j-rkd-r6k,-71.156582,42.722351,813110
228-222@62j-s2y-mff,-71.002291,42.830982,813110
228-222@62j-sbs-t35,-71.232163,42.463578,813110
228-222@62j-scd-fvf,-71.231909,42.377236,813110
228-222@62j-scy-cyv,-71.279855,42.491353,813110
228-222@62j-sf4-mkz,-71.183177,42.42098,813110
228-222@62j-sgg-4vz,-71.107062,42.356594,813110
228-222@62j-sgh-sdv,-71.088832,42.328857,813110
228-222@62j-sgj-hwk,-71.139394,42.33876,813110
228-222@62j-sgt-n5z,-71.116987,42.260802,813110
228-222@62j-sgv-w6k,-71.108067,42.285637,813110
228-222@62j-sgx-7kf,-71.092346,42.280472,813110
228-222@62j-sh5-6x5,-71.196752,42.337793,813110
228-222@62j-sh5-v4v,-71.191684,42.338411,813110
228-222@62j-sh5-v9f,-71.188871,42.338984,813110
228-222@62j-shr-yn5,-71.156991,42.287719,813110
228-222@62j-shv-djv,-71.207492,42.322466,813110
228-222@62j-shy-2p9,-71.053512,42.36543,813110
228-222@62j-shy-q4v,-71.048179,42.352748,813110
228-222@62j-shz-54v,-71.062668,42.357309,813110
228-222@62j-sj2-nwk,-71.106027,42.364366,813110
228-222@62j-sj3-wff,-71.072871,42.34112,813110
228-222@62j-sj4-2hq,-71.094316,42.349342,813110
228-222@62j-sjh-6tv,-71.079968,42.318072,813110
228-222@62j-sjh-ks5,-71.072545,42.292841,813110
228-222@62j-sjh-pd9,-71.069294,42.295201,813110
228-222@62j-sjt-5j9,-71.139259,42.393847,813110
228-222@62j-sjw-p5f,-71.175675,42.382169,813110
228-222@62j-sk3-fs5,-71.104834,42.385123,813110
228-222@62j-skm-yd9,-71.452576,42.460569,813110
228-222@62j-smd-9fz,-71.462496,42.429882,813110
228-222@62j-srd-dvz,-71.396838,42.269474,813110
228-222@62j-srh-dqf,-71.42458,42.268776,813110
228-222@62j-ss2-h3q,-71.240343,42.375896,813110
228-222@62j-ss2-p9z,-71.23848,42.368021,813110
228-222@62j-swq-d7q,-71.065667,42.580198,813110
228-222@62j-sx2-sbk,-71.139408,42.657743,813110
228-222@62j-sx2-t35,-71.135409,42.661888,813110
228-222@62j-sxv-skf,-71.008092,42.456325,813110
228-222@62j-sxz-z2k,-71.030342,42.440505,813110
228-222@62j-syd-hnq,-71.029012,42.409798,813110
228-222@62j-syd-pd9,-71.032446,42.396747,813110
228-222@62j-szf-w8v,-71.048574,42.432273,813110
228-222@62j-szg-hdv,-71.096746,42.435391,813110
228-222@62j-t2b-8n5,-70.948825,42.463201,813110
228-222@62j-t2j-dgk,-71.056429,42.513536,813110
228-222@62j-t4s-zmk,-71.388102,42.581868,813110
228-222@62j-t54-zcq,-71.30414,42.640817,813110
228-222@62j-t5b-8jv,-71.304885,42.656123,813110
228-222@62j-t5j-pvz,-71.284647,42.574456,813110
228-222@62j-wq6-nwk,-70.948121,42.978711,813110
228-222@62k-2g4-5xq,-70.912489,41.891319,813110
228-222@62k-fky-vfz,-71.543765,42.667085,813110
228-222@62k-ns6-sh5,-71.027268,42.106908,813110
228-222@62k-ns7-py9,-71.098078,42.12572,813110
228-222@62k-nsv-tn5,-71.181347,42.11802,813110
228-222@62k-p74-zfz,-70.983588,42.206982,813110
228-222@62k-p7d-qzz,-71.038937,42.149769,813110
228-222@62k-p7m-hkf,-71.009227,42.156037,813110
228-222@62k-p8m-mrk,-70.954754,42.216552,813110
228-222@62k-p8z-2kz,-70.951694,42.174689,813110
228-222@62k-p9n-8sq,-71.011979,42.271846,813110
228-222@62k-pc7-rrk,-71.035127,42.08504,813110
228-222@62k-pcw-5xq,-71.000938,42.054012,813110
228-222@62k-pf3-tjv,-70.914112,42.131611,813110
228-222@62k-pfr-8qf,-71.207118,42.177511,813110
228-222@62k-r76-vpv,-71.497366,42.351164,813110
228-223@62j-ppt-f75,-71.078424,42.767954,813110
228-223@62j-s2y-mff,-71.002303,42.830974,813110
228-223@62j-sgj-hwk,-71.139389,42.338754,813110
228-223@62j-shv-djv,-71.207473,42.322464,813110
228-223@62j-shz-54v,-71.062701,42.35727,813110
228-223@62j-sj4-2hq,-71.094337,42.349366,813110
228-223@62j-sjg-5zz,-71.074956,42.313534,813110
228-223@62j-sjw-p5f,-71.175752,42.382279,813110
228-223@62j-sky-dd9,-71.473368,42.475684,813110
228-223@62j-szf-2hq,-71.048214,42.415847,813110
228-223@62j-szf-w8v,-71.048571,42.432298,813110
228-223@62j-t2b-94v,-70.950246,42.464278,813110
228-223@62k-nsv-tn5,-71.181379,42.118048,813110
228-223@62k-p8m-mrk,-70.954778,42.216551,813110
228-223@62k-p9d-skf,-71.042743,42.25772,813110
228-223@62k-pf3-tjv,-70.914126,42.13158,813110
228-224@62j-shr-yn5,-71.156976,42.287727,813110
228-224@62j-ss6-mrk,-71.271215,42.3156,813110
228-224@62j-szf-w8v,-71.048558,42.432302,813110
229-222@62j-pm8-st9,-70.61866,42.657203,813110
229-222@62j-pn6-xbk,-70.671483,42.661656,813110
229-222@62j-psc-rzf,-70.887216,42.605254,813110
229-222@62j-psr-vxq,-70.892366,42.528345,813110
229-222@62j-pss-47q,-70.896674,42.51855,813110
229-222@62j-pss-rhq,-70.876067,42.548246,813110
229-222@62j-pvc-zcq,-70.815291,42.561573,813110
229-222@62j-qpc-wff,-70.961385,42.265951,813110
229-222@62j-qsb-yy9,-70.881143,42.228867,813110
229-222@62j-rhk-vpv,-71.183627,42.696243,813110
229-222@62j-rk6-cbk,-71.187954,42.699638,813110
229-222@62j-rz3-8qf,-71.098304,42.779776,813110
229-222@62j-sgg-tqf,-71.094165,42.327395,813110
229-222@62j-sgh-w8v,-71.08927,42.330626,813110
229-222@62j-sgj-kpv,-71.137852,42.343716,813110
229-222@62j-sgk-2tv,-71.134355,42.355813,813110
229-222@62j-sgv-fzz,-71.096437,42.284742,813110
229-222@62j-sgx-fzz,-71.093172,42.271409,813110
229-222@62j-sh4-8qf,-71.191936,42.348968,813110
229-222@62j-sh5-yd9,-71.187716,42.338602,813110
229-222@62j-sh7-5mk,-71.225919,42.347401,813110
229-222@62j-sj3-v9f,-71.082041,42.338187,813110
229-222@62j-sjd-7nq,-71.057494,42.320819,813110
229-222@62j-sjf-6rk,-71.046403,42.28704,813110
229-222@62j-sjg-4vz,-71.083442,42.311136,813110
229-222@62j-sjg-9s5,-71.082806,42.302375,813110
229-222@62j-sjg-jgk,-71.086593,42.316416,813110
229-222@62j-sjg-xdv,-71.076107,42.320722,813110
229-222@62j-sjg-zxq,-71.073575,42.309068,813110
229-222@62j-sjh-nyv,-71.061454,42.294771,813110
229-222@62j-sjh-zcq,-71.074426,42.297488,813110
229-222@62j-sjp-zfz,-71.057335,42.327901,813110
229-222@62j-sk2-kpv,-71.107322,42.387368,813110
229-222@62j-sk3-835,-71.098061,42.391367,813110
229-222@62j-srh-7h5,-71.426299,42.275933,813110
229-222@62j-srh-m6k,-71.41457,42.282147,813110
229-222@62j-ss2-dy9,-71.238644,42.370442,813110
229-222@62j-ssg-mtv,-71.220855,42.312412,813110
229-222@62j-sy9-ht9,-70.998404,42.40808,813110
229-222@62j-syd-ndv,-71.035656,42.39913,813110
229-222@62j-syf-4qf,-71.04248,42.403914,813110
229-222@62j-syt-c3q,-71.123782,42.481623,813110
229-222@62j-szn-r49,-70.929295,42.476591,813110
229-222@62j-szt-49z,-70.930375,42.526709,813110
229-222@62j-t24-789,-70.966589,42.441056,813110
229-222@62j-t27-jgk,-70.935021,42.464643,813110
229-222@62j-t27-kpv,-70.939245,42.466816,813110
229-222@62j-t5x-5cq,-71.332435,42.629511,813110
229-222@62j-wcg-zj9,-70.875919,43.203434,813110
229-222@62j-wch-6ff,-70.874667,43.198642,813110
229-222@62j-wx6-y7q,-70.760285,43.070415,813110
229-222@62k-nrx-8sq,-71.063309,42.101976,813110
229-222@62k-ns6-hdv,-71.031849,42.110631,813110
229-222@62k-ns7-j35,-71.082273,42.120062,813110
229-222@62k-nsv-yqf,-71.172549,42.126351,813110
229-222@62k-p72-n5z,-71.004952,42.21864,813110
229-222@62k-p7k-xt9,-71.03233,42.162737,813110
229-222@62k-p8k-9cq,-70.948259,42.243149,813110
229-222@62k-pc7-qfz,-71.03087,42.085249,813110
229-222@62k-pcf-nyv,-71.019219,42.098963,813110
229-222@62k-pdt-c89,-70.94629,42.130121,813110
229-222@62k-phd-rkz,-71.177961,42.247078,813110
229-222@62k-phk-p9z,-71.15353,42.246075,813110
229-222@62k-pjg-94v,-71.226849,42.272777,813110
229-222@62k-qty-vzz,-71.473908,42.085919,813110
229-222@62k-r5n-vcq,-71.554269,42.346407,813110
229-223@62j-sg8-brk,-71.118733,42.329017,813110
229-223@62j-sgh-w8v,-71.089237,42.330627,813110
229-223@62j-sgn-skf,-71.119416,42.278832,813110
229-223@62j-sgy-xh5,-71.131261,42.287832,813110
229-223@62j-sh5-ct9,-71.195454,42.328519,813110
229-223@62j-sjx-yjv,-71.164816,42.370404,813110
229-223@62j-sk3-835,-71.098064,42.391345,813110
229-223@62j-sz7-vcq,-71.046089,42.404602,813110
229-223@62j-t24-789,-70.966567,42.441046,813110
229-223@62k-r5n-vcq,-71.554263,42.346412,813110
229-224@62j-ss2-dy9,-71.238647,42.370471,813110
229-225@62j-sh5-ct9,-71.19545,42.328524,813110
229-226@62j-sj4-dsq,-71.072564,42.35204,813110
22b-222@62j-pm8-rp9,-70.616262,42.657492,813110
22b-222@62j-pm8-sh5,-70.619823,42.656564,813110
22b-222@62j-psr-4gk,-70.906081,42.516142,813110
22b-222@62j-q66-4qf,-70.887943,42.817092,813110
22b-222@62j-r5n-xdv,-70.91374,42.472489,813110
22b-222@62j-rcq-z9f,-71.326865,42.884756,813110
22b-222@62j-rk2-w49,-71.148918,42.711563,813110
22b-222@62j-rkr-psq,-71.215681,42.786037,813110
22b-222@62j-rz2-v4v,-71.083747,42.776668,813110
22b-222@62j-scd-gkz,-71.237019,42.37848,813110
22b-222@62j-sgf-vvf,-71.120845,42.344722,813110
22b-222@62j-sgj-qcq,-71.150841,42.351543,813110
22b-222@62j-sgk-9pv,-71.134989,42.348866,813110
22b-222@62j-sgp-xh5,-71.098446,42.258628,813110
22b-222@62j-sgt-kvf,-71.123822,42.257805,813110
22b-222@62j-sgv-gtv,-71.091588,42.282709,813110
22b-222@62j-sgx-yy9,-71.078835,42.282827,813110
22b-222@62j-sgy-ghq,-71.124393,42.284391,813110
22b-222@62j-sh3-w8v,-71.211384,42.346933,813110
22b-222@62j-shc-fpv,-71.163061,42.354723,813110
22b-222@62j-shc-kcq,-71.159763,42.356677,813110
22b-222@62j-shf-28v,-71.209111,42.376284,813110
22b-222@62j-shy-yvz,-71.062235,42.352836,813110
22b-222@62j-sj2-qj9,-71.109414,42.364691,813110
22b-222@62j-sj7-tvz,-71.039527,42.380742,813110
22b-222@62j-sjg-3qz,-71.085742,42.31235,813110
22b-222@62j-sjg-4gk,-71.083027,42.30927,813110
22b-222@62j-sjg-ct9,-71.082327,42.306103,813110
22b-222@62j-sjv-nyv,-71.130778,42.378209,813110
22b-222@62j-sjx-gzf,-71.156098,42.368838,813110
22b-222@62j-sk2-tn5,-71.120926,42.390682,813110
22b-222@62j-sk3-fcq,-71.095641,42.381917,813110
22b-222@62j-sk3-fxq,-71.102088,42.385511,813110
22b-222@62j-sk5-7h5,-71.161461,42.416725,813110
22b-222@62j-src-6ff,-71.3929,42.291607,813110
22b-222@62j-srh-ht9,-71.418137,42.27827,813110
22b-222@62j-srm-6p9,-71.381057,42.295338,813110
22b-222@62j-sv2-h5z,-71.116658,42.520332,813110
22b-222@62j-sxw-k4v,-71.005656,42.46372,813110
22b-222@62j-sy5-389,-70.981094,42.462703,813110
22b-222@62j-syq-m8v,-71.096922,42.473193,813110
22b-222@62j-sz7-vvf,-71.056751,42.407282,813110
22b-222@62j-sz8-mp9,-71.108817,42.418689,813110
22b-222@62j-szc-x3q,-71.072496,42.436442,813110
22b-222@62j-szf-835,-71.058426,42.431035,813110
22b-222@62j-szf-rkz,-71.040073,42.424083,813110
22b-222@62j-szf-zfz,-71.044558,42.433524,813110
22b-222@62j-szf-zs5,-71.043175,42.434231,813110
22b-222@62j-t5t-wp9,-71.35718,42.642019,813110
22b-222@62j-t64-6zf,-71.326128,42.648631,813110
22b-222@62j-wx7-2zf,-70.760318,43.073854,813110
22b-222@62k-nry-qxq,-71.042058,42.081244,813110
22b-222@62k-nsm-rx5,-71.018781,42.048562,813110
22b-222@62k-p2c-kj9,-71.247521,42.061296,813110
22b-222@62k-p72-y9z,-71.004165,42.212412,813110
22b-222@62k-p7b-hqz,-71.010249,42.126674,813110
22b-222@62k-p8m-yn5,-70.92759,42.215878,813110
22b-222@62k-p8v-y9z,-70.983379,42.248765,813110
22b-222@62k-p9g-kxq,-71.01897,42.243136,813110
22b-222@62k-p9p-rx5,-70.996728,42.25016,813110
22b-222@62k-pcf-kxq,-71.019062,42.099891,813110
22b-222@62k-pcg-66k,-71.010492,42.111706,813110
22b-222@62k-phk-p35,-71.155246,42.244157,813110
22b-222@62k-r5n-92k,-71.539597,42.349105,813110
22b-223@62j-sgt-kvf,-71.123826,42.257837,813110
22b-223@62j-sh3-w8v,-71.211362,42.34691,813110
22b-223@62j-shf-28v,-71.209097,42.376281,813110
22b-223@62j-shy-yvz,-71.062212,42.352864,813110
22b-223@62j-sk5-7h5,-71.161479,42.416705,813110
22b-223@62j-srh-ht9,-71.418139,42.278282,813110
22b-223@62j-sv2-h5z,-71.116644,42.520326,813110
22b-223@62j-sxy-h3q,-71.044832,42.459367,813110
22b-223@62j-sz6-tjv,-71.062953,42.403576,813110
22b-223@62k-nsv-5pv,-71.176687,42.123538,813110
22b-224@62j-sgf-vvf,-71.120836,42.344763,813110
22b-224@62j-sh3-w8v,-71.211361,42.346943,813110
22b-224@62j-shf-28v,-71.20908,42.376286,813110
22b-224@62j-shm-rp9,-71.234601,42.288159,813110
22b-224@62j-sk2-tn5,-71.12092,42.390674,813110
22b-224@62k-p7c-kpv,-71.040609,42.143431,813110
22b-225@62j-sz6-89z,-71.06657,42.423836,813110
22b-225@62k-p9n-skf,-71.004902,42.253702,813110
22b-226@62j-shm-rp9,-71.23444,42.288068,813110
22c-222@62j-pm8-q75,-70.621166,42.654459,813110
22c-222@62j-pmy-g8v,-70.675486,42.634675,813110
22c-222@62j-rh7-b8v,-71.185689,42.729364,813110
22c-222@62j-rk5-2c5,-71.124002,42.695432,813110
22c-222@62j-rk6-rrk,-71.172247,42.705731,813110
22c-222@62j-rk9-f9f,-71.140107,42.725965,813110
22c-222@62j-scb-6p9,-71.191297,42.386311,813110
22c-222@62j-sdk-6c5,-71.151388,42.484602,813110
22c-222@62j-sdz-9xq,-71.13456,42.419441,813110
22c-222@62j-sf2-3kf,-71.125214,42.423896,813110
22c-222@62j-sgb-3kf,-71.111231,42.320519,813110
22c-222@62j-sgk-435,-71.137798,42.354193,813110
22c-222@62j-sgq-kj9,-71.094022,42.262,813110
22c-222@62j-sgt-kvf,-71.1234,42.257494,813110
22c-222@62j-sgw-brk,-71.089469,42.294193,813110
22c-222@62j-sgx-7kf,-71.092021,42.281287,813110
22c-222@62j-sh6-9s5,-71.23693,42.348112,813110
22c-222@62j-sh9-tqf,-71.200519,42.361005,813110
22c-222@62j-sj2-rtv,-71.102737,42.367846,813110
22c-222@62j-sj5-vpv,-71.037456,42.391716,813110
22c-222@62j-sjc-jjv,-71.056175,42.315055,813110
22c-222@62j-sjg-52k,-71.078355,42.315079,813110
22c-222@62j-sjg-8sq,-71.077929,42.302869,813110
22c-222@62j-sjg-dy9,-71.091089,42.313795,813110
22c-222@62j-sjg-jn5,-71.088135,42.316526,813110
22c-222@62j-sjg-v2k,-71.074573,42.317784,813110
22c-222@62j-sjz-s3q,-71.120797,42.413388,813110
22c-222@62j-ssc-vvf,-71.287261,42.305402,813110
22c-222@62j-sx2-skf,-71.141399,42.65637,813110
22c-222@62j-szd-hdv,-71.060707,42.454698,813110
22c-222@62j-t2b-8n5,-70.94898,42.463327,813110
22c-222@62j-t2b-9pv,-70.955074,42.465514,813110
22c-222@62j-t54-nyv,-71.299013,42.640045,813110
22c-222@62k-2jp-33q,-70.71768,41.75838,813110
22c-222@62k-nry-tqf,-71.041381,42.083372,813110
22c-222@62k-p9r-7dv,-71.037256,42.268023,813110
22c-222@62k-pc8-3nq,-71.011175,42.086284,813110
22c-222@62k-phd-rhq,-71.177675,42.249108,813110
22c-222@62k-phk-kj9,-71.15707,42.256257,813110
22c-222@62k-phm-j7q,-71.151084,42.254778,813110
22c-222@62k-phn-yqf,-71.13083,42.236663,813110
22c-222@62k-r5n-vmk,-71.556286,42.345116,813110
22c-222@62k-r7z-47q,-71.575129,42.374788,813110
22c-223@62j-scb-6p9,-71.191298,42.386313,813110
22c-223@62j-sjz-s3q,-71.120797,42.413407,813110
22c-223@62j-sk2-st9,-71.110933,42.38394,813110
22c-223@62j-sk5-7nq,-71.15947,42.41698,813110
22c-223@62j-ssg-ch5,-71.225412,42.314742,813110
22c-223@62j-sys-tgk,-71.063039,42.457734,813110
22c-224@62j-sgx-cqz,-71.094102,42.269218,813110
22d-222@62j-pjj-n5z,-70.666643,42.612521,813110
22d-222@62j-prg-kvf,-71.048662,42.767893,813110
22d-222@62j-psr-fzz,-70.923373,42.523161,813110
22d-222@62j-ptq-v2k,-70.924862,42.555789,813110
22d-222@62j-r5j-t7q,-70.887854,42.481542,813110
22d-222@62j-rk3-7yv,-71.163798,42.707345,813110
22d-222@62j-sbv-s3q,-71.227439,42.449746,813110
22d-222@62j-scb-7h5,-71.189693,42.38377,813110
22d-222@62j-sdj-7h5,-71.180326,42.493815,813110
22d-222@62j-sf5-n5z,-71.143661,42.465836,813110
22d-222@62j-sg8-5vf,-71.11942,42.334226,813110
22d-222@62j-sgv-g6k,-71.093442,42.285005,813110
22d-222@62j-sgx-mc5,-71.07104,42.284243,813110
22d-222@62j-sh3-qj9,-71.210088,42.351804,813110
22d-222@62j-sh5-7kf,-71.194529,42.334651,813110
22d-222@62j-shd-f9f,-71.222771,42.359899,813110
22d-222@62j-she-t5f,-71.208047,42.308365,813110
22d-222@62j-sj4-dvz,-71.074651,42.3537,813110
22d-222@62j-sjg-2tv,-71.079821,42.312334,813110
22d-222@62j-sjh-t9z,-71.062233,42.287712,813110
22d-222@62j-sjs-vpv,-71.12709,42.394037,813110
22d-222@62j-sjw-pd9,-71.182813,42.38521,813110
22d-222@62j-sk2-qmk,-71.112161,42.376839,813110
22d-222@62j-sqs-kj9,-71.343094,42.283857,813110
22d-222@62j-ss2-fvf,-71.244311,42.375117,813110
22d-222@62j-ss2-gzf,-71.240181,42.377233,813110
22d-222@62j-stx-wc5,-71.105361,42.524916,813110
22d-222@62j-syf-4qf,-71.041762,42.404177,813110
22d-222@62j-syf-grk,-71.02333,42.406804,813110
22d-222@62j-sym-m6k,-71.01045,42.414454,813110
22d-222@62j-syx-g49,-71.073413,42.501504,813110
22d-222@62j-syy-wtv,-71.061764,42.479072,813110
22d-222@62j-szr-hdv,-70.958391,42.484306,813110
22d-222@62j-t2b-swk,-70.961245,42.45994,813110
22d-222@62k-2g4-5zz,-70.914321,41.893143,813110
22d-222@62k-p79-fj9,-70.997147,42.150872,813110
22d-222@62k-p7d-syv,-71.039137,42.15541,813110
22d-222@62k-p95-nnq,-70.955064,42.165453,813110
22d-222@62k-pc7-v4v,-71.020219,42.091676,813110
22d-222@62k-phk-r8v,-71.153705,42.251356,813110
22d-222@62k-r5n-vvf,-71.555633,42.347833,813110
22d-223@62j-pjj-n5z,-70.666253,42.61268,813110
22d-223@62j-psr-fzz,-70.923382,42.523172,813110
22d-223@62j-sgv-g6k,-71.093442,42.285012,813110
22d-223@62j-sh3-qj9,-71.210054,42.351909,813110
22d-223@62j-sj4-dvz,-71.074667,42.35367,813110
22d-223@62j-sjs-vpv,-71.127072,42.394026,813110
22d-223@62j-sqs-kj9,-71.343083,42.283729,813110
22d-223@62j-syf-4qf,-71.041528,42.404152,813110
22d-223@62j-syf-grk,-71.023362,42.406823,813110
22d-223@62j-sym-m6k,-71.010478,42.414443,813110
22d-223@62j-szr-hdv,-70.958368,42.484311,813110
22d-223@62k-p95-nnq,-70.955037,42.165445,813110
22d-223@62k-p9q-sdv,-71.065251,42.281303,813110
22d-224@62j-scb-7h5,-71.189679,42.383773,813110
22d-224@62j-sh9-75z,-71.188681,42.367822,813110
22f-222@62j-psp-qvf,-70.917316,42.531539,813110
22f-222@62j-psw-v2k,-70.902968,42.552225,813110
22f-222@62j-q63-zcq,-70.860247,42.805115,813110
22f-222@62j-qp4-pd9,-70.981055,42.375514,813110
22f-222@62j-rk6-4d9,-71.180171,42.704008,813110
22f-222@62j-scb-s5z,-71.24645,42.404998,813110
22f-222@62j-sdz-9xq,-71.134591,42.420075,813110
22f-222@62j-sg8-hyv,-71.132411,42.340111,813110
22f-222@62j-sgf-hkf,-71.110476,42.342134,813110
22f-222@62j-sgg-xh5,-71.093328,42.330756,813110
22f-222@62j-sgh-n5z,-71.087711,42.334503,813110
22f-222@62j-sgt-cwk,-71.144096,42.250761,813110
22f-222@62j-sgx-qzz,-71.076884,42.271139,813110
22f-222@62j-sj2-qj9,-71.108548,42.365117,813110
22f-222@62j-sj8-kmk,-71.092928,42.393623,813110
22f-222@62j-sjg-7wk,-71.080243,42.303285,813110
22f-222@62j-sjg-q75,-71.088315,42.311034,813110
22f-222@62j-sjh-xqz,-71.07263,42.293138,813110
22f-222@62j-sjj-py9,-71.072653,42.301084,813110
22f-222@62j-sjs-z9f,-71.131796,42.382595,813110
22f-222@62j-sjx-649,-71.175746,42.393418,813110
22f-222@62j-sjz-7wk,-71.123526,42.396439,813110
22f-222@62j-sk3-9s5,-71.099101,42.395146,813110
22f-222@62j-sk4-mff,-71.164453,42.404823,813110
22f-222@62j-smd-kpv,-71.443949,42.43007,813110
22f-222@62j-srh-j9z,-71.415012,42.275838,813110
22f-222@62j-stx-swk,-71.108402,42.523162,813110
22f-222@62j-sy6-249,-70.974495,42.464104,813110
22f-222@62j-syz-5s5,-71.06306,42.477277,813110
22f-222@62j-sz6-bp9,-71.065149,42.424757,813110
22f-222@62j-t39-d5f,-71.350248,42.597352,813110
22f-222@62j-t54-k9f,-71.301338,42.638489,813110
22f-222@62j-t55-n5z,-71.303608,42.616981,813110
22f-222@62j-t5b-8d9,-71.304546,42.65571,813110
22f-222@62j-x3z-5j9,-70.97512,43.303886,813110
22f-222@62k-ns7-nwk,-71.100562,42.125841,813110
22f-222@62k-nwn-389,-70.975233,41.988192,813110
22f-222@62k-p9m-gkz,-71.01701,42.266748,813110
22f-222@62k-p9n-y9z,-71.001977,42.248869,813110
22f-222@62k-p9p-6hq,-71.020314,42.258621,813110
22f-222@62k-phm-7nq,-71.148796,42.258806,813110
22f-222@62k-phw-x89,-71.204634,42.186387,813110
22f-222@62k-r5n-v75,-71.549434,42.344709,813110
22f-222@62k-r7z-kzz,-71.563983,42.392961,813110
22f-223@62j-scb-s5z,-71.246439,42.405006,813110
22f-223@62j-sfq-4gk,-71.266714,42.534516,813110
22f-223@62j-sgf-hkf,-71.110437,42.342165,813110
22f-223@62j-sgx-qzz,-71.076903,42.271146,813110
22f-223@62j-shc-5zz,-71.18258,42.355108,813110
22f-223@62j-sjx-649,-71.175733,42.393411,813110
22f-223@62j-ss2-d7q,-71.241274,42.373906,813110
22f-223@62k-pc4-c89,-70.990947,42.081965,813110
22f-223@62k-r9k-35z,-71.39864,42.140795,813110
22f-224@62j-t49-pjv,-71.426245,42.585659,813110
22f-224@62k-r9k-35z,-71.398679,42.140789,813110
22g-222@62j-pjh-gkz,-70.714041,42.576846,813110
22g-222@62j-psm-9s5,-70.881832,42.544281,813110
22g-222@62j-psr-3nq,-70.911506,42.518871,813110
22g-222@62j-pss-6ff,-70.904438,42.525833,813110
22g-222@62j-sby-c3q,-71.251502,42.445378,813110
22g-222@62j-scb-7dv,-71.18873,42.381607,813110
22g-222@62j-sgp-9j9,-71.103326,42.268116,813110
22g-222@62j-sgt-mzf,-71.11492,42.260539,813110
22g-222@62j-sgw-26k,-71.085491,42.294834,813110
22g-222@62j-sgw-99f,-71.083492,42.293837,813110
22g-222@62j-sgz-6rk,-71.117442,42.292626,813110
22g-222@62j-sj2-nqz,-71.10437,42.3639,813110
22g-222@62j-sj4-f4v,-71.072417,42.352597,813110
22g-222@62j-sjg-w49,-71.071674,42.321578,813110
22g-222@62j-sjg-z9f,-71.067358,42.306194,813110
22g-222@62j-sjh-9pv,-71.085894,42.323246,813110
22g-222@62j-sjh-wtv,-71.078332,42.296956,813110
22g-222@62j-sjj-7wk,-71.076958,42.289536,813110
22g-222@62j-sjj-nqz,-71.069572,42.302104,813110
22g-222@62j-sjj-q75,-71.070624,42.302731,813110
22g-222@62j-sjx-gtv,-71.157646,42.368133,813110
22g-222@62j-sk4-ht9,-71.166786,42.401651,813110
22g-222@62j-snf-ygk,-71.416142,42.495832,813110
22g-222@62j-sxw-b49,-71.009449,42.466763,813110
22g-222@62j-sxy-ty9,-71.059894,42.466248,813110
22g-222@62j-sy5-zzz,-70.97765,42.462685,813110
22g-222@62j-syb-fcq,-70.99445,42.40134,813110
22g-222@62j-syf-ndv,-71.030316,42.413619,813110
22g-222@62j-syz-5s5,-71.063895,42.47686,813110
22g-222@62j-szm-yn5,-70.940344,42.472902,813110
22g-222@62j-t5b-6c5,-71.304272,42.651545,813110
22g-222@62j-t5w-gkz,-71.329886,42.624093,813110
22g-222@62j-t5z-nbk,-71.374804,42.635834,813110
22g-222@62k-fjr-r49,-71.58723,42.56078,813110
22g-222@62k-fm3-mp9,-71.598901,42.667571,813110
22g-222@62k-p7z-yn5,-71.121984,42.243964,813110
22g-222@62k-p9g-mtv,-71.013374,42.23992,813110
22g-222@62k-pc7-5j9,-71.021683,42.088908,813110
22g-222@62k-pcs-jvz,-70.950208,42.029081,813110
22g-222@62k-pdt-q2k,-70.920333,42.130387,813110
22g-222@62k-phm-2ff,-71.165983,42.248595,813110
22g-222@62k-phn-f75,-71.15441,42.242232,813110
22g-223@62j-sgk-89z,-71.129305,42.347623,813110
22g-223@62j-sj2-nqz,-71.104361,42.363877,813110
22g-223@62j-sj4-f4v,-71.072406,42.352516,813110
22g-223@62j-sk4-ty9,-71.150613,42.414976,813110
22g-223@62j-snf-ygk,-71.416095,42.495687,813110
22g-223@62j-swz-nnq,-71.138751,42.652592,813110
22g-223@62j-t4s-zmk,-71.388105,42.581865,813110
22g-223@62k-2y8-cdv,-70.6546,42.098701,813110
22g-223@62k-fjr-r49,-71.58723,42.560627,813110
22g-224@62j-sj2-nqz,-71.104356,42.363923,813110
22g-225@62j-sj2-nqz,-71.104462,42.363859,813110
22g-227@62j-sds-zs5,-71.126306,42.496868,813110
22h-222@62j-rh4-kzz,-71.228198,42.707978,813110
22h-222@62j-rz3-n3q,-71.080729,42.781139,813110
22h-222@62j-sg8-vxq,-71.109713,42.310787,813110
22h-222@62j-sgp-9xq,-71.104557,42.270427,813110
22h-222@62j-sgs-2x5,-71.13137,42.276937,813110
22h-222@62j-sgw-4qf,-71.083438,42.29956,813110
22h-222@62j-sgx-yn5,-71.079675,42.286607,813110
22h-222@62j-shr-tn5,-71.15529,42.28629,813110
22h-222@62j-shr-vfz,-71.154312,42.283911,813110
22h-222@62j-sj4-3nq,-71.087298,42.351746,813110
22h-222@62j-sjc-fpv,-71.059482,42.315425,813110
22h-222@62j-sjj-pvz,-71.072058,42.302206,813110
22h-222@62j-sp3-st9,-71.387881,42.450797,813110
22h-222@62j-syq-f2k,-71.098885,42.48139,813110
22h-222@62j-syy-4y9,-71.071089,42.505221,813110
22h-222@62j-t2b-8d9,-70.949392,42.465992,813110
22h-222@62j-t39-j7q,-71.353026,42.600788,813110
22h-222@62k-p2d-c5z,-71.246076,42.067555,813110
22h-222@62k-p72-y7q,-71.004976,42.213479,813110
22h-222@62k-p9m-bhq,-71.02573,42.274235,813110
22h-222@62k-pf3-t7q,-70.915072,42.130212,813110
22h-222@62k-phn-s5z,-71.136685,42.240039,813110
22h-222@62k-qcf-jqf,-70.762801,41.702645,813110
22h-223@62j-shb-t5f,-71.169201,42.350715,813110
22h-223@62j-syq-f2k,-71.098877,42.481387,813110
22h-223@62k-p9m-bhq,-71.025726,42.27424,813110
22h-223@62k-pf3-t7q,-70.915139,42.130305,813110
22h-224@62j-sg8-vxq,-71.109702,42.310768,813110
22h-224@62j-sjc-fpv,-71.059483,42.315426,813110
22j-222@62j-psr-4gk,-70.906109,42.516162,813110
22j-222@62j-pss-z2k,-70.881668,42.561276,813110
22j-222@62j-psw-t9z,-70.896587,42.549981,813110
22j-222@62j-rz3-ks5,-71.075814,42.780621,813110
22j-222@62j-sg8-mrk,-71.130991,42.34352,813110
22j-222@62j-sgt-jjv,-71.119467,42.257862,813110
22j-222@62j-sgv-ghq,-71.092068,42.281461,813110
22j-222@62j-shy-8jv,-71.064237,42.37358,813110
22j-222@62j-sj6-nt9,-71.033709,42.366462,813110
22j-222@62j-sjj-28v,-71.071853,42.296899,813110
22j-222@62j-sjs-y7q,-71.130034,42.381541,813110
22j-222@62j-sjv-9j9,-71.120802,42.375616,813110
22j-222@62j-sjz-4sq,-71.128159,42.410294,813110
22j-222@62j-sjz-6rk,-71.121326,42.397537,813110
22j-222@62j-sk3-835,-71.098358,42.390987,813110
22j-222@62j-sqm-6hq,-71.350064,42.283208,813110
22j-222@62j-syg-fcq,-71.030911,42.394216,813110
22j-222@62j-sz6-6p9,-71.070946,42.433427,813110
22j-222@62j-szs-zzz,-70.930743,42.524263,813110
22j-222@62j-t2b-rtv,-70.966828,42.45893,813110
22j-222@62j-t54-r8v,-71.29944,42.628576,813110
22j-222@62j-t5v-fxq,-71.341855,42.655254,813110
22j-222@62j-t5z-nh5,-71.376724,42.636196,813110
22j-222@62j-t64-b49,-71.319381,42.64304,813110
22j-222@62k-p8v-gtv,-70.970365,42.258817,813110
22j-222@62k-pc7-3yv,-71.022436,42.085447,813110
22j-222@62k-pdy-ffz,-70.942656,42.104426,813110
22j-222@62k-phn-g49,-71.150733,42.241508,813110
22j-222@62k-q9m-fvf,-70.812484,41.660417,813110
22j-222@62k-r5n-5zz,-71.545387,42.348526,813110
22j-223@62j-psw-t9z,-70.896563,42.549988,813110
22j-223@62j-sj6-nt9,-71.033699,42.366479,813110
22j-223@62j-sjc-grk,-71.066612,42.316006,813110
22k-222@62j-pm8-st9,-70.618594,42.657731,813110
22k-222@62j-psd-sh5,-70.887864,42.624758,813110
22k-222@62j-qnt-hh5,-70.917993,42.304843,813110
22k-222@62j-qpc-wkz,-70.962661,42.265796,813110
22k-222@62j-qpf-9pv,-71.00821,42.297062,813110
22k-222@62j-rjd-5mk,-71.294504,42.672396,813110
22k-222@62j-rkb-tvz,-71.126574,42.699715,813110
22k-222@62j-sf8-5pv,-71.133042,42.45325,813110
22k-222@62j-sf8-yjv,-71.179008,42.46601,813110
22k-222@62j-sg8-6p9,-71.117403,42.340318,813110
22k-222@62j-sgh-v75,-71.083206,42.332804,813110
22k-222@62j-sgn-jvz,-71.112082,42.265473,813110
22k-222@62j-sgw-w49,-71.077166,42.276364,813110
22k-222@62j-sgx-xdv,-71.086132,42.282633,813110
22k-222@62j-sh4-s89,-71.192095,42.330973,813110
22k-222@62j-sh9-bff,-71.185047,42.367754,813110
22k-222@62j-sjg-2ff,-71.080956,42.312465,813110
22k-222@62j-sjp-q9f,-71.076544,42.327355,813110
22k-222@62j-sjy-kzz,-71.159357,42.375605,813110
22k-222@62j-sjz-8vz,-71.119193,42.399012,813110
22k-222@62j-sk4-mff,-71.164561,42.404543,813110
22k-222@62j-sk4-xkf,-71.150953,42.403855,813110
22k-222@62j-ssg-jsq,-71.221338,42.307449,813110
22k-222@62j-sy5-jjv,-70.992148,42.456434,813110
22k-222@62j-syf-kfz,-71.038356,42.413827,813110
22k-222@62j-szf-mc5,-71.036774,42.433637,813110
22k-222@62j-szr-jy9,-70.961983,42.486008,813110
22k-222@62j-t2c-6hq,-70.938546,42.463374,813110
22k-222@62j-t65-3wk,-71.310142,42.645387,813110
22k-222@62j-wx7-4d9,-70.763977,43.07229,813110
22k-222@62k-fjr-jn5,-71.576369,42.554657,813110
22k-222@62k-p96-3t9,-70.956894,42.169572,813110
22k-222@62k-p9r-d9z,-71.051197,42.282558,813110
22k-223@62j-sf8-5pv,-71.133031,42.453246,813110
22k-223@62j-sg8-6p9,-71.117434,42.340345,813110
22k-223@62j-sg8-wff,-71.114684,42.313752,813110
22k-223@62j-sjv-52k,-71.136097,42.360343,813110
22k-223@62j-sjz-8vz,-71.1192,42.399016,813110
22k-223@62j-t4n-vpv,-71.437231,42.556919,813110
22k-223@62k-p9p-9cq,-71.020502,42.260708,813110
22k-224@62j-sg8-wff,-71.114682,42.313755,813110
22k-224@62j-shc-nyv,-71.160182,42.345597,813110
22k-224@62k-p9m-ghq,-71.016319,42.267628,813110
22m-222@62j-qsn-vfz,-70.897148,42.242073,813110
22m-222@62j-sgf-t5f,-71.119626,42.352023,813110
22m-222@62j-sgy-x5z,-71.131879,42.2868,813110
22m-222@62j-sgz-835,-71.12147,42.291993,813110
22m-222@62j-sj3-q4v,-71.076341,42.350654,813110
22m-222@62j-sj3-yy9,-71.088847,42.350354,813110
22m-222@62j-sjs-ty9,-71.13109,42.395708,813110
22m-222@62k-p8q-sqz,-70.969139,42.227312,813110
22m-222@62k-p8s-ghq,-70.93655,42.255876,813110
22m-222@62k-p8z-h89,-70.947599,42.190306,813110
22m-222@62k-p9g-p35,-71.006526,42.243366,813110
22m-222@62k-pc4-rtv,-71.00556,42.084924,813110
22m-222@62k-pc7-psq,-71.034543,42.080008,813110
22m-222@62k-pc8-y35,-71.017018,42.068717,813110
22m-223@62j-sf6-fcq,-71.130491,42.460719,813110
22m-223@62j-sj4-kmk,-71.073018,42.348581,813110
22m-223@62k-p8q-sqz,-70.969139,42.227274,813110
22m-223@62k-p9g-p35,-71.006547,42.243377,813110
22m-224@62j-sgy-x5z,-71.13187,42.286771,813110
22m-225@62j-ss2-p9z,-71.238188,42.368245,813110
22m-226@62j-shz-3t9,-71.05794,42.356884,813110
22n-222@62j-ppx-qj9,-71.094729,42.770268,813110
22n-222@62j-ptg-gx5,-70.950977,42.553853,813110
22n-222@62j-r5w-gp9,-70.890852,42.507994,813110
22n-222@62j-scc-pvz,-71.236448,42.399858,813110
22n-222@62j-sgv-g6k,-71.093639,42.285044,813110
22n-222@62j-sgy-r49,-71.135034,42.295577,813110
22n-222@62j-sgy-t35,-71.138108,42.288032,813110
22n-222@62j-shy-vpv,-71.051016,42.338476,813110
22n-222@62j-sj2-syv,-71.104986,42.366808,813110
22n-222@62j-sj3-z4v,-71.090709,42.350783,813110
22n-222@62j-sjg-hqz,-71.090598,42.317603,813110
22n-222@62j-sjp-nh5,-71.077402,42.322465,813110
22n-222@62j-sjv-9vf,-71.120062,42.371747,813110
22n-222@62j-sk3-bc5,-71.096913,42.39379,813110
22n-222@62j-sp4-8gk,-71.397791,42.461122,813110
22n-222@62j-sz9-89z,-71.096188,42.418796,813110
22n-222@62j-szf-wzf,-71.049442,42.431652,813110
22n-222@62j-t5r-bff,-71.287824,42.588051,813110
22n-223@62j-q5v-dgk,-70.879493,42.811805,813110
22n-223@62j-shy-vpv,-71.051051,42.338473,813110
22n-224@62j-szf-wzf,-71.049475,42.431636,813110
22p-222@62j-pjn-94v,-70.65756,42.604805,813110
22p-222@62j-pss-yn5,-70.886142,42.55865,813110
22p-222@62j-pst-6tv,-70.878376,42.552039,813110
22p-222@62j-sgq-m49,-71.09154,42.257519,813110
22p-222@62j-sgy-g49,-71.123104,42.281937,813110
22p-222@62j-sjv-52k,-71.135366,42.360158,813110
22p-222@62j-sy9-k9f,-71.004984,42.408356,813110
22p-222@62j-szf-kcq,-71.041387,42.431787,813110
22p-222@62j-szn-ct9,-70.950389,42.474926,813110
22p-222@62k-26r-bhq,-70.667991,41.959852,813110
22p-222@62k-fkj-2p9,-71.465837,42.593971,813110
22p-222@62k-p72-vzz,-71.006772,42.206414,813110
22p-222@62k-p73-f2k,-71.000799,42.223235,813110
22p-222@62k-pc4-n5z,-71.004679,42.081285,813110
22p-222@62k-phn-2tv,-71.14129,42.240477,813110
22p-223@62j-sh3-9fz,-71.207086,42.349948,813110
22p-223@62j-sjj-7nq,-71.071096,42.289326,813110
22p-223@62k-fkj-2p9,-71.465812,42.593959,813110
22p-223@62k-pc4-n5z,-71.004651,42.081317,813110
22p-224@62j-sjw-6zf,-71.166989,42.377684,813110
22q-222@62j-psn-gc5,-70.889347,42.521536,813110
22q-222@62j-sgp-9j9,-71.103276,42.268334,813110
22q-222@62j-sgy-fcq,-71.125974,42.28542,813110
22q-222@62j-shd-hnq,-71.219014,42.363353,813110
22q-222@62j-sj2-87q,-71.097835,42.371042,813110
22q-222@62j-sj3-sh5,-71.076421,42.341923,813110
22q-222@62j-sj4-f75,-71.074013,42.353917,813110
22q-222@62j-sjg-jd9,-71.088025,42.314696,813110
22q-222@62j-sjh-xkf,-71.076123,42.293294,813110
22q-222@62j-syg-brk,-71.033067,42.392127,813110
22q-222@62j-syn-3h5,-71.027478,42.423141,813110
22q-222@62j-t28-f75,-70.927831,42.474304,813110
22q-222@62k-p8p-4jv,-71.000114,42.235364,813110
22q-223@62j-sjg-jd9,-71.088026,42.314715,813110
22q-223@62j-syg-brk,-71.033094,42.392134,813110
22q-223@62k-p8p-4jv,-71.000037,42.235484,813110
22r-222@62j-psr-ty9,-70.898517,42.522099,813110
22r-222@62j-rh7-9pv,-71.185206,42.733098,813110
22r-222@62j-sf4-4d9,-71.169612,42.42939,813110
22r-222@62j-sgw-28v,-71.087648,42.296769,813110
22r-222@62j-sgx-xdv,-71.086441,42.28237,813110
22r-222@62j-shx-c3q,-71.066098,42.359903,813110
22r-222@62j-shy-2p9,-71.052601,42.365337,813110
22r-222@62j-sj2-m49,-71.100651,42.372563,813110
22r-222@62j-sjg-vmk,-71.072665,42.316344,813110
22r-222@62j-sjj-pqf,-71.066581,42.3001,813110
22r-222@62j-sjp-j9z,-71.076947,42.33731,813110
22r-222@62j-sjt-qs5,-71.129344,42.360477,813110
22r-222@62j-sky-djv,-71.47503,42.476532,813110
22r-222@62j-sxx-ch5,-71.012184,42.448635,813110
22r-222@62j-szr-yy9,-70.972588,42.491607,813110
22r-222@62j-t27-kpv,-70.940068,42.466163,813110
22r-222@62j-t2c-cdv,-70.953776,42.472572,813110
22r-222@62j-t5x-6kz,-71.326791,42.633144,813110
22r-222@62j-t64-bc5,-71.321474,42.642466,813110
22r-222@62k-pc7-5fz,-71.022569,42.08963,813110
22r-222@62k-r5s-6x5,-71.560367,42.346233,813110
22r-223@62j-psr-ty9,-70.898428,42.522086,813110
22r-223@62j-sjh-j9z,-71.066143,42.293034,813110
22r-223@62j-sjj-75z,-71.070835,42.288355,813110
22r-223@62j-sjt-qs5,-71.129339,42.360463,813110
22r-223@62j-t5x-6kz,-71.326795,42.633118,813110
22r-224@62j-sjj-75z,-71.070807,42.288369,813110
22s-222@62j-pg9-k75,-70.838517,42.679163,813110
22s-222@62j-pjk-q9f,-70.673643,42.62015,813110
22s-222@62j-ptn-r6k,-70.950012,42.570881,813110
22s-222@62j-scd-vvf,-71.244401,42.379302,813110
22s-222@62j-sg7-vj9,-71.142109,42.33712,813110
22s-222@62j-sgk-2rk,-71.132142,42.354095,813110
22s-222@62j-sgp-8vz,-71.105736,42.271394,813110
22s-222@62j-sj8-h5z,-71.096443,42.390628,813110
22s-222@62j-sjc-45f,-71.054037,42.312263,813110
22s-222@62j-sjg-xdv,-71.075662,42.320998,813110
22s-222@62j-sjg-xkf,-71.072455,42.321487,813110
22s-222@62j-sjk-68v,-71.035041,42.335018,813110
22s-222@62j-sjt-yd9,-71.134079,42.375114,813110
22s-222@62j-sjz-nqz,-71.128725,42.400539,813110
22s-222@62j-sny-tsq,-71.35251,42.457516,813110
22s-222@62j-sqy-3wk,-71.398714,42.322685,813110
22s-222@62j-sxx-ch5,-71.011814,42.448607,813110
22s-222@62j-sy5-wx5,-70.969705,42.457399,813110
22s-222@62j-sz6-vmk,-71.066033,42.403952,813110
22s-222@62j-sz7-xbk,-71.064569,42.415958,813110
22s-222@62j-sz9-cyv,-71.101286,42.426853,813110
22s-222@62j-szb-cwk,-71.099937,42.399321,813110
22s-222@62j-szr-yy9,-70.972319,42.491665,813110
22s-222@62j-t27-mkz,-70.933804,42.462995,813110
22s-222@62j-t64-6x5,-71.323648,42.647987,813110
22s-222@62k-pfx-gp9,-71.201167,42.194194,813110
22s-222@62k-r5n-jy9,-71.552695,42.348197,813110
22s-223@62j-sjj-47q,-71.072826,42.289247,813110
22s-223@62j-sjk-68v,-71.035067,42.334989,813110
22s-223@62j-syg-gzf,-71.026074,42.380139,813110
22s-223@62j-t27-mkz,-70.93395,42.462979,813110
22s-223@62k-phk-p9z,-71.153742,42.245879,813110
22s-224@62j-syg-gzf,-71.026078,42.380143,813110
22s-224@62j-t27-mkz,-70.933939,42.462989,813110
22s-225@62j-sg7-vj9,-71.1421,42.337108,813110
22t-222@62j-psr-249,-70.905616,42.520126,813110
22t-222@62j-r5s-4y9,-70.856273,42.506777,813110
22t-222@62j-rk3-7t9,-71.162864,42.706881,813110
22t-222@62j-sg8-f9f,-71.119643,42.330879,813110
22t-222@62j-sgj-fs5,-71.144184,42.351618,813110
22t-222@62j-sgs-fmk,-71.150621,42.283133,813110
22t-222@62j-sgv-gtv,-71.091328,42.282264,813110
22t-222@62j-sgv-kcq,-71.089883,42.286242,813110
22t-222@62j-shj-skf,-71.168769,42.27394,813110
22t-222@62j-shy-2kz,-71.052629,42.366192,813110
22t-222@62j-shy-3dv,-71.053087,42.363714,813110
22t-222@62j-sj4-dy9,-71.074243,42.352438,813110
22t-222@62j-sjg-bhq,-71.077447,42.306059,813110
22t-222@62j-sjh-6x5,-71.081144,42.319457,813110
22t-222@62j-sjh-jvz,-71.064084,42.291537,813110
22t-222@62j-sjj-p7q,-71.066028,42.298855,813110
22t-222@62j-sjw-kfz,-71.177395,42.379911,813110
22t-222@62j-sjz-rrk,-71.122239,42.412225,813110
22t-222@62j-smd-wp9,-71.453574,42.431735,813110
22t-222@62j-sxy-wx5,-71.061437,42.463105,813110
22t-222@62j-sxz-5mk,-71.049992,42.459141,813110
22t-222@62j-sy5-2p9,-70.980808,42.467331,813110
22t-222@62j-sys-mkz,-71.066391,42.468611,813110
22t-222@62j-szb-gc5,-71.100086,42.402032,813110
22t-222@62j-t2b-5pv,-70.95194,42.463602,813110
22t-222@62k-p9r-7dv,-71.037371,42.268735,813110
22t-222@62k-pc7-5xq,-71.022673,42.091486,813110
22t-222@62k-r5s-6zf,-71.560504,42.344901,813110
22t-223@62j-sgs-wff,-71.122601,42.255678,813110
22v-222@62j-sg8-vfz,-71.110285,42.309825,813110
22v-222@62j-sgf-fvf,-71.104549,42.350112,813110
22v-222@62j-sgx-w49,-71.083133,42.28281,813110
22v-222@62j-shx-bhq,-71.062608,42.358614,813110
22v-222@62j-sj2-vvf,-71.08521,42.370569,813110
22v-222@62j-sjq-2kz,-71.054,42.330658,813110
22v-222@62j-sjv-hwk,-71.114433,42.369628,813110
22v-222@62j-sjz-389,-71.124863,42.408376,813110
22v-222@62j-syd-v75,-71.045015,42.405415,813110
22v-222@62j-szd-snq,-71.047406,42.423592,813110
22v-222@62j-szn-35z,-70.937121,42.476966,813110
22v-222@62j-t2h-vvf,-71.011911,42.510105,813110
22v-222@62j-t54-wx5,-71.308453,42.638262,813110
22v-222@62j-t64-ygk,-71.311172,42.658874,813110
22v-222@62k-nsk-435,-71.031988,42.076543,813110
22v-222@62k-p96-bzf,-70.928428,42.198921,813110
22v-223@62j-sj2-vvf,-71.085229,42.370556,813110
22v-223@62j-sjv-hwk,-71.114399,42.369604,813110
22v-224@62j-sj2-vvf,-71.085226,42.370543,813110
22v-224@62j-sjv-hwk,-71.114419,42.369588,813110
22v-224@62j-sqm-6rk,-71.346561,42.282568,813110
22v-224@62j-syf-4d9,-71.043616,42.402359,813110
22v-225@62j-sqm-6rk,-71.346563,42.282586,813110
22w-222@62j-psq-jn5,-70.913005,42.53289,813110
22w-222@62j-q5t-z2k,-70.871305,42.810711,813110
22w-222@62j-sg9-vvf,-71.097731,42.313608,813110
22w-222@62j-sgr-2ff,-71.101884,42.267138,813110
22w-222@62j-sgv-grk,-71.091406,42.283353,813110
22w-222@62j-sj3-tvz,-71.082129,42.34355,813110
22w-222@62j-sj5-ty9,-71.037403,42.392895,813110
22w-222@62j-sjj-75z,-71.070895,42.288758,813110
22w-222@62j-sk3-9s5,-71.09866,42.394647,813110
22w-222@62j-sz6-wzf,-71.058936,42.405536,813110
22w-222@62k-2g3-swk,-70.911083,41.892527,813110
22w-222@62k-pc8-y5f,-71.017362,42.068376,813110
22w-223@62j-sf4-q2k,-71.183866,42.423545,813110
22w-223@62j-sj5-ty9,-71.037381,42.39287,813110
22w-224@62k-pc8-y5f,-71.017388,42.068371,813110
22x-222@62j-sg8-vmk,-71.111116,42.310307,813110
22x-222@62j-sg9-mff,-71.099868,42.313967,813110
22x-222@62j-shz-sdv,-71.055877,42.359262,813110
22x-222@62j-sjh-nyv,-71.061326,42.294934,813110
22x-222@62j-sjh-v75,-71.06067,42.286963,813110
22x-222@62j-sjj-5mk,-71.078219,42.287462,813110
22x-222@62j-sjj-7bk,-71.07138,42.288886,813110
22x-222@62j-sjj-jqf,-71.055671,42.287893,813110
22x-222@62j-srh-jqf,-71.415424,42.278099,813110
22x-222@62j-syd-mx5,-71.027692,42.396823,813110
22x-222@62j-szm-yn5,-70.939617,42.47302,813110
22x-222@62j-t2b-6tv,-70.960012,42.463974,813110
22x-222@62k-p8v-zmk,-70.987325,42.248829,813110
22x-222@62k-r5n-v75,-71.547948,42.34467,813110
22x-223@62j-sjh-v75,-71.060673,42.286974,813110
22x-223@62j-sk4-v4v,-71.148533,42.416011,813110
22x-224@62j-shd-nnq,-71.227375,42.373193,813110
22y-222@62j-psr-fvf,-70.921183,42.522537,813110
22y-222@62j-rk6-nbk,-71.168927,42.713148,813110
22y-222@62j-sgh-djv,-71.104219,42.323033,813110
22y-222@62j-sgt-ty9,-71.121697,42.256145,813110
22y-222@62j-sgy-gzf,-71.129109,42.286074,813110
22y-222@62j-shm-kfz,-71.236148,42.295766,813110
22y-222@62j-sj4-nyv,-71.070471,42.348864,813110
22y-222@62j-sj8-5cq,-71.083174,42.385754,813110
22y-222@62j-sjg-45f,-71.083865,42.312798,813110
22y-222@62j-sjz-975,-71.118054,42.399734,813110
22y-222@62j-t2c-7nq,-70.946405,42.4628,813110
22y-222@62k-nt2-p5f,-71.101096,42.124734,813110
22y-223@62j-sjg-45f,-71.083865,42.312796,813110
22y-223@62j-sjz-975,-71.118059,42.399732,813110
22y-227@62j-pjk-kpv,-70.661704,42.613173,813110
22z-222@62j-pss-3wk,-70.888233,42.516675,813110
22z-222@62j-rh6-v4v,-71.190778,42.719678,813110
22z-222@62j-sh6-sbk,-71.241695,42.345365,813110
22z-222@62j-shy-8y9,-71.06379,42.375851,813110
22z-222@62j-sj2-cnq,-71.093552,42.358276,813110
22z-222@62j-sj2-nwk,-71.105061,42.364206,813110
22z-222@62j-sjj-2ff,-71.072732,42.297212,813110
22z-222@62j-sjj-gzf,-71.053234,42.288682,813110
22z-222@62j-sjz-wrk,-71.115059,42.403384,813110
22z-222@62j-ss2-f9f,-71.237373,42.370872,813110
22z-222@62j-sxx-fpv,-71.009499,42.44898,813110
22z-222@62j-sy5-389,-70.981009,42.46279,813110
22z-222@62j-syg-85f,-71.017184,42.383969,813110
22z-222@62j-t54-hwk,-71.299583,42.637114,813110
22z-222@62k-2g3-vcq,-70.90075,41.895183,813110
22z-222@62k-ns6-s5z,-71.027969,42.106562,813110
22z-222@62k-ns7-py9,-71.098122,42.125804,813110
22z-223@62j-sj2-cnq,-71.093557,42.358308,813110
22z-223@62k-pc8-3nq,-71.010557,42.0862,813110
22z-224@62j-sh6-sbk,-71.241687,42.345335,813110
22z-224@62k-ns6-s5z,-71.02795,42.106555,813110
232-222@62j-r5s-3kf,-70.850675,42.504908,813110
232-222@62j-rk3-yd9,-71.154203,42.716031,813110
232-222@62j-shx-brk,-71.058952,42.357701,813110
232-222@62j-sj4-9vf,-71.089728,42.346996,813110
232-222@62j-sjk-dsq,-71.043543,42.335101,813110
232-222@62j-srz-tjv,-71.246953,42.360792,813110
232-222@62j-ssg-j9z,-71.224592,42.311379,813110
232-222@62j-szn-2kz,-70.93159,42.472736,813110
232-222@62j-t5b-bc5,-71.297046,42.64193,813110
232-223@62j-shx-brk,-71.058962,42.357714,813110
232-223@62j-shx-d35,-71.062498,42.357837,813110
232-223@62j-sj4-9vf,-71.089717,42.346952,813110
232-223@62j-sjk-dsq,-71.043537,42.33511,813110
232-224@62j-sj4-9vf,-71.089807,42.347164,813110
232-225@62j-shx-d35,-71.062462,42.357839,813110
233-222@62j-psp-qs5,-70.920681,42.529852,813110
233-222@62j-shz-2zf,-71.061981,42.351055,813110
233-222@62j-sjc-gx5,-71.064467,42.316289,813110
233-222@62j-sjg-6c5,-71.083705,42.315313,813110
233-222@62j-sjj-59f,-71.078597,42.28762,813110
233-222@62j-sjz-mrk,-71.13149,42.402665,813110
233-222@62j-ss2-ks5,-71.238118,42.366928,813110
233-222@62j-sz8-yjv,-71.115157,42.420497,813110
233-222@62j-szf-f75,-71.053645,42.421999,813110
233-222@62j-t54-g49,-71.309402,42.626389,813110
233-222@62j-t5b-4vz,-71.302964,42.655369,813110
233-222@62k-pc9-7dv,-71.016551,42.067547,813110
233-222@62k-r7z-kxq,-71.566837,42.391431,813110
233-223@62j-sjc-gx5,-71.064216,42.316239,813110
233-223@62j-ss2-ks5,-71.237597,42.366855,813110
234-222@62j-sgv-hyv,-71.097667,42.282408,813110
234-222@62j-sgx-zfz,-71.079986,42.284419,813110
234-222@62j-sgy-x3q,-71.133106,42.288477,813110
234-222@62j-syd-p7q,-71.032268,42.396612,813110
234-222@62j-szb-d35,-71.101597,42.399548,813110
234-222@62j-szd-zcq,-71.050575,42.417517,813110
234-222@62k-nt2-nwk,-71.10411,42.124912,813110
234-222@62k-pc9-4d9,-71.019007,42.062046,813110
234-223@62j-psr-yn5,-70.892794,42.517107,813110
234-223@62j-sgv-hyv,-71.097632,42.282414,813110
234-223@62j-sjs-r6k,-71.131409,42.391941,813110
234-224@62k-pc9-4d9,-71.018997,42.062059,813110
234-224@62k-rcf-mkz,-71.466605,42.262925,813110
234-226@62j-psm-dd9,-70.879341,42.547389,813110
235-222@62j-pg9-jd9,-70.838659,42.681127,813110
235-222@62j-ppq-b8v,-71.12791,42.747475,813110
235-222@62j-rkd-d35,-71.175522,42.720221,813110
235-222@62j-sg8-wx5,-71.116218,42.310014,813110
235-222@62j-sgx-ckf,-71.095916,42.269073,813110
235-222@62j-sz5-mzf,-71.078008,42.420204,813110
236-222@62j-psr-jn5,-70.920105,42.525262,813110
236-222@62j-sdz-bx5,-71.139882,42.419329,813110
236-222@62j-sgf-x5z,-71.125179,42.344663,813110
236-222@62j-sjs-rzf,-71.13204,42.389986,813110
236-222@62j-sy2-nh5,-71.035038,42.438619,813110
236-222@62j-syg-yvz,-71.00738,42.388634,813110
236-222@62j-t2b-6x5,-70.959656,42.462506,813110
236-222@62k-p9g-nh5,-71.008464,42.244849,813110
237-222@62j-q5h-vxq,-70.932942,42.853919,813110
237-222@62j-rh7-mzf,-71.187463,42.728064,813110
237-222@62j-rk6-rc5,-71.174107,42.705693,813110
237-222@62j-sh3-m8v,-71.214385,42.351368,813110
237-222@62j-sjp-7nq,-71.062009,42.320738,813110
237-222@62j-sjy-zxq,-71.130747,42.406353,813110
237-222@62j-t5w-wkz,-71.32854,42.638385,813110
237-223@62j-sjy-zxq,-71.130743,42.406356,813110
237-224@62k-p8m-wrk,-70.937955,42.21666,813110
238-222@62j-pjj-mx5,-70.666238,42.613293,813110
238-222@62j-pjk-n89,-70.672794,42.620857,813110
238-222@62j-rk2-ysq,-71.149475,42.699241,813110
238-222@62j-scd-h5z,-71.235908,42.377147,813110
238-222@62j-sgx-7kf,-71.092262,42.280978,813110
238-222@62j-sj2-52k,-71.092021,42.366784,813110
238-222@62j-sjh-vcq,-71.065658,42.288241,813110
238-222@62j-sjk-tgk,-71.030507,42.335536,813110
238-222@62j-sjs-rhq,-71.13117,42.39245,813110
238-222@62j-sz6-t5f,-71.063658,42.408393,813110
238-222@62j-sz6-tgk,-71.062575,42.405014,813110
238-223@62j-pjj-mx5,-70.666215,42.613283,813110
238-223@62j-scd-h5z,-71.235845,42.377142,813110
238-223@62j-sgx-7kf,-71.092296,42.280913,813110
238-223@62j-sjg-bc5,-71.076879,42.3063,813110
239-222@62j-sj4-mzf,-71.065476,42.349965,813110
239-222@62j-sjj-4n5,-71.071851,42.284413,813110
239-222@62j-sjq-6ff,-71.073037,42.340345,813110
239-222@62j-szf-y9z,-71.053318,42.431448,813110
239-222@62k-p8p-mx5,-70.988495,42.249245,813110
239-223@62k-p8d-rkz,-71.046323,42.163716,813110
23b-222@62j-pjk-ks5,-70.661449,42.612712,813110
23b-222@62j-pm8-syv,-70.620012,42.657732,813110
23b-222@62j-sdm-2x5,-71.149436,42.479328,813110
23b-222@62j-sg8-v4v,-71.110667,42.313102,813110
23b-222@62j-sgz-4n5,-71.113385,42.299755,813110
23b-222@62j-sjh-zpv,-71.073774,42.299214,813110
23b-222@62j-sy9-hqz,-70.998814,42.409807,813110
23b-222@62k-phv-5zz,-71.146891,42.15347,813110
23b-223@62j-psr-t5f,-70.895009,42.523945,813110
23c-222@62j-pst-4jv,-70.879306,42.549748,813110
23c-222@62j-rk3-yd9,-71.155177,42.71647,813110
23c-222@62j-sg8-6x5,-71.114221,42.339276,813110
23c-222@62j-sgc-6rk,-71.144951,42.33666,813110
23c-222@62j-sgh-rtv,-71.082819,42.325391,813110
23c-222@62j-sj2-68v,-71.099022,42.365351,813110
23c-222@62j-sjg-wkz,-71.067645,42.31832,813110
23c-222@62j-sjh-nh5,-71.061776,42.294029,813110
23c-222@62j-sjk-hh5,-71.040927,42.336859,813110
23c-222@62j-srh-hwk,-71.415332,42.280235,813110
23c-222@62k-p9m-h5z,-71.014317,42.265312,813110
23c-222@62k-pc9-p5f,-71.013658,42.076562,813110
23c-222@62k-ph9-bx5,-71.303564,42.187031,813110
23c-222@62k-r5n-tjv,-71.551169,42.347132,813110
23d-222@62j-sg8-hqz,-71.132731,42.33831,813110
23d-222@62j-sgg-jd9,-71.112746,42.35997,813110
23d-222@62j-sgh-grk,-71.103272,42.329645,813110
23d-222@62j-sgt-v2k,-71.120891,42.255284,813110
23d-222@62j-sgt-v9f,-71.120277,42.257585,813110
23d-222@62j-shy-mhq,-71.050044,42.349844,813110
23d-222@62j-sjc-k9f,-71.063009,42.316398,813110
23d-222@62j-sx7-kj9,-71.117797,42.67181,813110
23d-222@62k-p9n-s89,-71.004926,42.25704,813110
23d-223@62j-scd-hh5,-71.234776,42.378123,813110
23d-223@62j-sjc-k9f,-71.062986,42.316416,813110
23f-222@62j-rk7-dd9,-71.159271,42.689486,813110
23f-222@62j-sgh-rrk,-71.082208,42.3259,813110
23f-222@62j-sgw-8vz,-71.090044,42.287367,813110
23f-222@62j-sh5-ct9,-71.195491,42.328477,813110
23f-222@62j-shb-6tv,-71.181313,42.367203,813110
23f-222@62j-sj6-4d9,-71.03514,42.388207,813110
23f-222@62j-t2b-nt9,-70.966088,42.467262,813110
23f-223@62j-sgh-swk,-71.089694,42.329911,813110
23f-223@62j-sh5-ct9,-71.195694,42.328558,813110
23f-224@62j-sh5-ct9,-71.195436,42.328547,813110
23g-222@62j-r5w-fmk,-70.89164,42.507838,813110
23g-222@62j-sgh-kvf,-71.084189,42.335302,813110
23g-222@62j-sj2-r6k,-71.107369,42.362305,813110
23g-222@62j-sjh-k75,-71.063176,42.291584,813110
23g-223@62j-sj2-r6k,-71.1074,42.362291,813110
23h-222@62j-rz3-gc5,-71.079479,42.785677,813110
23h-222@62j-sg9-tn5,-71.10369,42.309804,813110
23h-222@62j-sgj-xnq,-71.154542,42.34091,813110
23h-222@62j-sjh-8d9,-71.080032,42.323366,813110
23h-222@62j-sjj-f4v,-71.058822,42.3009,813110
23h-222@62j-sjs-yn5,-71.134722,42.385108,813110
23h-222@62j-sk2-xdv,-71.121031,42.393544,813110
23j-222@62j-shx-d5f,-71.06532,42.359454,813110
23j-222@62j-shy-89z,-71.067253,42.378611,813110
23j-222@62j-sjg-qpv,-71.084404,42.307575,813110
23j-222@62j-stx-wc5,-71.10428,42.525263,813110
23j-222@62j-sy9-x3q,-71.008909,42.409124,813110
23j-222@62j-szb-2hq,-71.094499,42.394817,813110
23j-222@62j-szn-cbk,-70.949255,42.47716,813110
23k-222@62j-shx-d35,-71.062475,42.357864,813110
23k-222@62j-sjy-3t9,-71.171865,42.362791,813110
23k-222@62j-srh-brk,-71.43314,42.268076,813110
23k-222@62j-sz7-3bk,-71.064094,42.396665,813110
23k-222@62j-szt-fzz,-70.9339,42.527617,813110
23k-223@62j-sz7-3bk,-71.06408,42.396667,813110
23m-222@62j-sgs-vcq,-71.125866,42.258651,813110
23m-222@62j-sgv-k2k,-71.091267,42.285764,813110
23m-222@62j-sgy-jqf,-71.120782,42.284928,813110
23m-222@62j-sgz-9cq,-71.114624,42.294764,813110
23m-222@62j-ss2-pvz,-71.235924,42.367025,813110
23m-223@62j-sgz-9cq,-71.114585,42.294399,813110
23n-222@62j-psp-7dv,-70.882209,42.52732,813110
23n-222@62j-sj7-v4v,-71.036222,42.379867,813110
23n-222@62j-sjh-vvf,-71.066549,42.289032,813110
23n-222@62j-sjp-y35,-71.053093,42.329036,813110
23n-222@62k-pcf-dn5,-71.02138,42.1092,813110
23p-222@62j-psn-hqz,-70.884758,42.525834,813110
23p-222@62j-sj4-dy9,-71.074086,42.352173,813110
23p-222@62j-t64-w6k,-71.311665,42.656446,813110
23q-222@62j-rz3-2p9,-71.095658,42.78428,813110
23q-222@62j-sjp-d35,-71.076282,42.334553,813110
23q-222@62j-sjy-ygk,-71.125422,42.405559,813110
23q-222@62j-szd-jgk,-71.06778,42.455601,813110
23q-222@62k-p87-5fz,-71.074532,42.152145,813110
23q-222@62k-p8z-j5f,-70.951092,42.187483,813110
23r-222@62j-rk2-tvz,-71.155842,42.70787,813110
23r-222@62j-sg8-gkz,-71.130435,42.338912,813110
23r-222@62j-sgb-3nq,-71.111112,42.319725,813110
23r-223@62j-sgb-3nq,-71.111014,42.319619,813110
23s-222@62j-rz2-w6k,-71.090091,42.775213,813110
23s-222@62j-sdk-5zz,-71.151567,42.484003,813110
23s-222@62j-sgk-hqz,-71.142158,42.361271,813110
23s-222@62j-sk2-ty9,-71.119572,42.390937,813110
23s-222@62k-26r-dqf,-70.669145,41.959919,813110
23t-222@62j-sg7-pgk,-71.125228,42.326992,813110
23t-222@62j-sgh-snq,-71.090258,42.327639,813110
23t-222@62j-sj2-wp9,-71.088519,42.373598,813110
23t-223@62j-sjh-zpv,-71.073271,42.298462,813110
23t-223@62j-sjz-92k,-71.121155,42.398766,813110
23t-224@62j-sgf-xdv,-71.12601,42.344481,813110
23t-225@62j-sgf-xdv,-71.125981,42.344319,813110
23v-222@62j-sz6-d7q,-71.068068,42.426295,813110
23v-222@62k-r9k-2zf,-71.397809,42.139902,813110
23w-222@62j-sgx-tgk,-71.072703,42.274402,813110
23w-222@62j-sy9-x3q,-71.00891,42.408366,813110
23w-222@62k-r79-g49,-71.510904,42.346261,813110
23w-223@62j-sdk-6kz,-71.150845,42.481844,813110
23x-222@62j-shx-wx5,-71.061506,42.373943,813110
23x-222@62j-sjg-8d9,-71.076278,42.300847,813110
23y-222@62j-r5s-6x5,-70.84788,42.507083,813110
23y-222@62j-sgg-fvf,-71.111348,42.358592,813110
23y-222@62j-shd-mhq,-71.235165,42.371199,813110
23y-222@62j-sjg-4qf,-71.081701,42.310387,813110
23y-222@62j-sz6-4qf,-71.071177,42.428027,813110
23y-222@62j-sz7-mhq,-71.056199,42.409125,813110
23z-222@62j-psp-rc5,-70.918364,42.527903,813110
23z-222@62j-sj4-mzf,-71.065455,42.35005,813110
23z-222@62j-sjg-bkz,-71.076061,42.307806,813110
23z-222@62j-t54-wtv,-71.305965,42.636435,813110
23z-222@62k-pc7-btv,-71.022446,42.082034,813110
23z-223@62k-p8p-8y9,-70.979302,42.243333,813110
23z-224@62k-p8p-8y9,-70.979303,42.24336,813110
23z-229@62j-sj4-mzf,-71.065472,42.349906,813110
242-222@62j-q5h-vzz,-70.931463,42.855509,813110
242-222@62j-sgx-yqf,-71.08029,42.285,813110
242-222@62j-sjz-92k,-71.120194,42.399151,813110
242-222@62j-syv-b6k,-71.109361,42.477926,813110
242-222@62j-t5b-d35,-71.3022,42.644953,813110
243-222@62j-sgw-2c5,-71.087244,42.295183,813110
243-222@62j-sj2-qfz,-71.106872,42.363454,813110
243-222@62j-sjh-mhq,-71.067018,42.291915,813110
243-222@62j-sjv-8jv,-71.114314,42.371542,813110
243-223@62j-sgw-2c5,-71.087217,42.295189,813110
244-222@62j-psm-dd9,-70.87968,42.547611,813110
244-222@62j-rz2-xh5,-71.081938,42.777905,813110
244-222@62k-2xd-v75,-70.759445,42.107524,813110
245-222@62j-shz-4n5,-71.062731,42.355059,813110
245-222@62j-sj2-5zz,-71.09751,42.366758,813110
245-222@62j-sk2-jsq,-71.107753,42.390276,813110
245-222@62j-sz8-ygk,-71.114188,42.419453,813110
245-222@62k-p9n-yd9,-71.001941,42.24754,813110
245-222@62k-r7b-8d9,-71.505249,42.350562,813110
245-223@62j-sz8-ygk,-71.114161,42.419455,813110
246-222@62j-psr-ty9,-70.898519,42.522117,813110
246-222@62j-rk8-f2k,-71.164304,42.696242,813110
246-222@62j-sjc-47q,-71.054297,42.311787,813110
246-222@62j-sjh-zxq,-71.072451,42.296513,813110
246-222@62j-ss2-nwk,-71.241092,42.365083,813110
246-222@62j-syd-kzz,-71.030029,42.39798,813110
246-223@62j-sj4-j9z,-71.068207,42.348369,813110
247-222@62j-sgz-9cq,-71.114637,42.29476,813110
247-222@62j-sjg-fj9,-71.090382,42.312491,813110
248-222@62j-sdz-zzz,-71.132444,42.419683,813110
248-222@62j-sjg-zj9,-71.066734,42.307582,813110
248-222@62j-szf-26k,-71.049252,42.41565,813110
248-222@62j-szf-975,-71.0604,42.430579,813110
248-223@62j-sdz-9vf,-71.134898,42.421145,813110
249-222@62j-sj3-v75,-71.082104,42.339944,813110
249-222@62j-sjg-2hq,-71.08039,42.311484,813110
249-222@62j-sjh-td9,-71.060627,42.289,813110
249-223@62j-szd-jqf,-71.065581,42.454328,813110
24b-222@62j-sgj-xnq,-71.155283,42.341118,813110
24b-222@62j-sjv-jgk,-71.111079,42.365263,813110
24b-223@62j-sgj-xnq,-71.155279,42.341105,813110
24b-223@62j-sjt-3nq,-71.130654,42.387769,813110
24c-222@62j-r5w-fmk,-70.891625,42.507857,813110
24c-223@62j-r5w-fmk,-70.891625,42.507849,813110
24d-222@62j-r5s-3kf,-70.850855,42.504588,813110
24f-222@62j-t2c-7qz,-70.943753,42.464206,813110
24f-223@62j-t2c-7qz,-70.943751,42.464241,813110
24g-222@62j-sjg-7qz,-71.07921,42.303381,813110
24g-222@62j-sjh-3t9,-71.0663,42.30975,813110
24g-222@62k-2jt-pgk,-70.662283,41.746181,813110
24g-223@62j-szt-3nq,-70.923606,42.524148,813110
24h-222@62j-szt-3nq,-70.923443,42.524096,813110
24j-222@62j-sjc-gx5,-71.064332,42.316576,813110
24j-222@62j-sz7-kmk,-71.051481,42.409202,813110
24k-222@62j-sgc-7kf,-71.152757,42.339883,813110
24k-222@62j-sjg-mff,-71.088166,42.307975,813110
24k-223@62j-t2c-7kf,-70.946031,42.463617,813110
24m-222@62j-sj8-j9z,-71.087974,42.392957,813110
24n-222@62j-sj7-t9z,-71.03248,42.376548,813110
24n-222@62j-t5b-d35,-71.302203,42.644948,813110
24p-222@62j-pss-rkz,-70.87746,42.549652,813110
24p-222@62j-sj4-cnq,-71.071211,42.352017,813110
24p-222@62j-sjp-j7q,-71.079315,42.335658,813110
24p-223@62j-sjp-j7q,-71.079322,42.33569,813110
24q-222@62j-sgg-92k,-71.097511,42.343389,813110
24r-222@62j-sbv-ndv,-71.215816,42.438086,813110
24s-222@62j-sj8-5pv,-71.082508,42.386273,813110
24s-222@62j-sjh-yvz,-71.079899,42.292722,813110
24s-222@62j-sk3-nwk,-71.113395,42.39326,813110
24t-222@62j-sj7-q4v,-71.03455,42.377498,813110
24t-224@62k-phm-3wk,-71.172594,42.248144,813110
24w-222@62j-sj3-skf,-71.079109,42.343171,813110
24w-222@62j-t54-nwk,-71.299149,42.641884,813110
24x-222@62j-sgw-4sq,-71.08359,42.29757,813110
24x-222@62j-sgz-fvf,-71.129835,42.298937,813110
24y-222@62j-rk6-s89,-71.173974,42.702076,813110
24y-222@62j-sj2-5mk,-71.100525,42.36815,813110
24y-222@62j-t64-w6k,-71.311058,42.656745,813110
24z-222@62j-sj4-ch5,-71.068854,42.351317,813110
24z-222@62j-sj5-7bk,-71.042919,42.387862,813110
252-222@62j-sgj-dd9,-71.140302,42.352952,813110
252-223@62j-sgj-dd9,-71.140313,42.352996,813110
252-224@62j-sgj-dd9,-71.140299,42.352951,813110
252-225@62j-sgj-dd9,-71.140298,42.352972,813110
253-222@62j-sjg-cyv,-71.079127,42.30694,813110
253-222@62j-sjj-nyv,-71.066257,42.301137,813110
254-222@62j-sk2-rff,-71.104006,42.382337,813110
255-222@62j-sgc-k75,-71.155347,42.339675,813110
256-222@62j-shx-d35,-71.062341,42.357643,813110
257-222@62j-sgk-3h5,-71.13261,42.352901,813110
257-222@62j-sjp-vcq,-71.054931,42.338778,813110
257-222@62j-sjq-5fz,-71.067593,42.340303,813110
258-222@62j-sj4-mp9,-71.066942,42.349451,813110
258-222@62j-sj4-nnq,-71.063053,42.34742,813110
258-222@62j-sj7-tsq,-71.037494,42.378149,813110
258-222@62j-sjg-z75,-71.068171,42.306801,813110
259-222@62j-sj7-s89,-71.037309,42.375737,813110
25b-222@62j-sj2-t5f,-71.107039,42.367135,813110
25c-222@62j-sj2-sh5,-71.099535,42.364487,813110
25d-222@62j-shx-bzf,-71.067495,42.360978,813110
25d-222@62j-sk2-649,-71.127523,42.411185,813110
25f-222@62k-pc7-68v,-71.021616,42.088097,813110
25g-222@62j-psn-gp9,-70.888121,42.521605,813110
25h-222@62j-sjg-z2k,-71.070304,42.310968,813110
25h-225@62k-nz5-k2k,-71.404891,42.077895,813110
25k-222@62j-sjh-649,-71.081618,42.321387,813110
25k-222@62k-p9m-mkz,-71.02016,42.27038,813110
25m-222@62j-sgw-28v,-71.086809,42.297055,813110
25m-223@62j-sgw-28v,-71.086819,42.297056,813110
25q-222@62j-t3d-kcq,-71.376464,42.588729,813110
25q-223@62j-t3d-kcq,-71.377099,42.588649,813110
25r-222@62j-t2c-6kz,-70.940203,42.463997,813110
25s-222@62j-shz-3t9,-71.058017,42.356487,813110
25s-222@62j-sj2-835,-71.097074,42.370907,813110
25s-222@62k-r7z-tqf,-71.568002,42.384623,813110
25t-222@62j-sk3-djv,-71.100224,42.38401,813110
25t-222@62j-srg-v4v,-71.416916,42.275446,813110
25v-222@62j-sjy-mc5,-71.156781,42.37672,813110
25v-224@62j-sjy-mc5,-71.156761,42.376698,813110
25x-222@62j-sgx-xqz,-71.085746,42.279736,813110
25y-222@62j-shz-4n5,-71.062287,42.355784,813110
25y-223@62j-shz-4n5,-71.062283,42.355781,813110
25y-224@62j-shz-4n5,-71.062276,42.355797,813110
25y-225@62j-shz-4n5,-71.062291,42.355784,813110
25y-226@62j-shz-4n5,-71.062277,42.355805,813110
25y-227@62j-shz-4n5,-71.062283,42.355771,813110
25y-228@62j-shz-4n5,-71.062277,42.355774,813110
25z-222@62k-26r-m8v,-70.66413,41.955653,813110
265-222@62j-rk6-j5f,-71.170262,42.714821,813110
265-222@62j-sgg-jy9,-71.110851,42.358796,813110
265-223@62k-p9m-m8v,-71.021331,42.270339,813110
266-222@62j-sg8-4d9,-71.118257,42.337347,813110
267-222@62j-shz-3t9,-71.05801,42.357143,813110
267-223@62j-shz-3t9,-71.058006,42.357159,813110
268-222@62j-pjk-bhq,-70.663345,42.616101,813110
269-222@62j-sz5-dqf,-71.077974,42.427188,813110
269-223@62j-sz5-dqf,-71.077991,42.427174,813110
26c-222@62j-sz9-xkf,-71.09499,42.409179,813110
26g-222@62j-sj3-qmk,-71.076219,42.351846,813110
26g-222@62j-srh-hnq,-71.416488,42.278699,813110
26h-222@62j-shy-vvf,-71.047968,42.33867,813110
26j-222@62j-sj7-s89,-71.038454,42.375318,813110
26m-222@62j-shx-d35,-71.06238,42.35769,813110
26m-222@62j-sk3-3wk,-71.120801,42.378193,813110
26n-222@62j-sgf-nqz,-71.109049,42.34417,813110
26n-222@62j-sj4-m8v,-71.07021,42.346108,813110
26r-223@62j-shx-brk,-71.058922,42.35769,813110
26v-222@62j-sj3-pgk,-71.078149,42.35277,813110
26v-222@62j-syd-mx5,-71.026341,42.39696,813110
26v-223@62j-syd-mx5,-71.026341,42.39696,813110
273-222@62j-shz-qvf,-71.052668,42.357991,813110
275-222@62j-sgk-btv,-71.127784,42.351198,813110
278-222@62j-shx-wx5,-71.061529,42.374021,813110
27c-222@62j-sjv-g8v,-71.112665,42.364785,813110
27g-222@62j-t5w-yqf,-71.332799,42.635266,813110
27g-224@62j-sj2-jqf,-71.110261,42.368581,813110
27n-222@62j-sj7-t7q,-71.032988,42.378015,813110
27p-222@62j-sgc-3t9,-71.147677,42.336976,813110
27p-222@62j-sgf-wp9,-71.119382,42.34207,813110
27q-222@62j-syd-m49,-71.03176,42.399492,813110
27r-222@62j-srh-hnq,-71.417057,42.278432,813110
27t-223@62j-sj5-vj9,-71.03557,42.391794,813110
27t-227@62j-sj5-vj9,-71.035578,42.391773,813110
27v-222@62j-sgf-r6k,-71.127154,42.352148,813110
27v-223@62j-sgf-r6k,-71.127228,42.352169,813110
27w-222@62j-sj6-mtv,-71.037717,42.368207,813110
285-222@62j-sgk-5zz,-71.12788,42.353891,813110
28x-222@62j-shy-3wk,-71.057796,42.366507,813110
28x-222@62j-sj4-8y9,-71.08628,42.345104,813110
28y-222@62j-sj3-vfz,-71.078619,42.339118,813110
29b-222@62j-shy-2zf,-71.052481,42.365948,813110
29b-222@62j-sj3-swk,-71.078198,42.340082,813110
29s-223@62j-shx-bzf,-71.067223,42.360906,813110
29v-222@62j-syb-d5f,-70.989811,42.400039,813110
29v-223@62j-sj4-jgk,-71.069048,42.348275,813110
2c4-222@62j-rk3-6hq,-71.15771,42.707516,813110
2c4-222@62j-sgk-9pv,-71.135543,42.348634,813110
2c9-223@62j-sj4-c89,-71.07178,42.35638,813110
2cf-222@62j-sj2-p7q,-71.105085,42.364722,813110
2cf-223@62j-sj2-p7q,-71.105055,42.364746,813110
2dp-222@62j-shy-3wk,-71.057816,42.366487,813110
2f7-222@62j-shy-2kz,-71.052508,42.36649,813110
2gq-222@62j-shy-4vz,-71.054184,42.364577,813110
2hw-222@62j-shx-9xq,-71.063155,42.360063,813110
2jn-222@62j-sgj-3nq,-71.098832,42.342052,813110
zzw-222@62j-pg7-649,-70.853249,42.684465,813110
zzw-222@62j-pgg-q2k,-70.831002,42.690313,813110
zzw-222@62j-pjb-nkf,-70.683847,42.598842,813110
zzw-222@62j-pjn-7h5,-70.654106,42.604311,813110
zzw-222@62j-pn2-xwk,-70.71206,42.626658,813110
zzw-222@62j-pn6-xbk,-70.67141,42.661634,813110
zzw-222@62j-pp6-8sq,-70.99834,42.664114,813110
zzw-222@62j-ppt-f4v,-71.076047,42.766816,813110
zzw-222@62j-prd-3t9,-70.995723,42.769343,813110
zzw-222@62j-pre-89z,-71.049065,42.796594,813110
zzw-222@62j-prh-7yv,-71.027256,42.764857,813110
zzw-222@62j-psk-t5f,-70.890928,42.527379,813110
zzw-222@62j-psr-2ff,-70.905172,42.520506,813110
zzw-222@62j-psr-v75,-70.899432,42.521595,813110
zzw-222@62j-pss-3t9,-70.889363,42.518306,813110
zzw-222@62j-pss-s89,-70.875925,42.546585,813110
zzw-222@62j-psx-gp9,-70.889754,42.551751,813110
zzw-222@62j-ptg-3bk,-70.979084,42.548719,813110
zzw-222@62j-pth-kvf,-70.957269,42.536459,813110
zzw-222@62j-ptr-3qz,-70.940013,42.563148,813110
zzw-222@62j-pv3-3yv,-70.855243,42.622091,813110
zzw-222@62j-pv7-6ff,-70.842498,42.66048,813110
zzw-222@62j-pvc-b6k,-70.819044,42.561298,813110
zzw-222@62j-pw2-h5z,-70.929275,42.665265,813110
zzw-222@62j-q3g-5s5,-70.658238,42.677547,813110
zzw-222@62j-q5m-hnq,-70.881986,42.873256,813110
zzw-222@62j-q5t-mtv,-70.892696,42.8078,813110
zzw-222@62j-q5v-2ff,-70.876061,42.80991,813110
zzw-222@62j-q6r-jy9,-70.933489,42.803779,813110
zzw-222@62j-q6z-cnq,-70.987558,42.844539,813110
zzw-222@62j-q77-6ff,-70.858386,42.887473,813110
zzw-222@62j-qn4-gff,-70.907258,42.303864,813110
zzw-222@62j-qrp-cqz,-70.80178,42.224226,813110
zzw-222@62j-qrr-bp9,-70.767436,42.196284,813110
zzw-222@62j-qs2-bp9,-70.805115,42.12121,813110
zzw-222@62j-qs6-v9f,-70.80876,42.159769,813110
zzw-222@62j-qsb-yy9,-70.88125,42.228858,813110
zzw-222@62j-qsn-hdv,-70.887001,42.241241,813110
zzw-222@62j-qsr-s89,-70.861647,42.161682,813110
zzw-222@62j-qt3-st9,-70.883972,42.185732,813110
zzw-222@62j-qtb-hdv,-70.772053,42.220133,813110
zzw-222@62j-qv3-t9z,-70.802145,42.241478,813110
zzw-222@62j-qv4-sbk,-70.851041,42.246221,813110
zzw-222@62j-r5n-nkf,-70.900664,42.472699,813110
zzw-222@62j-r5q-yjv,-70.891859,42.471323,813110
zzw-222@62j-rcm-m49,-71.367086,42.856338,813110
zzw-222@62j-rcm-x3q,-71.376287,42.863635,813110
zzw-222@62j-rcn-7kf,-71.36983,42.855515,813110
zzw-222@62j-rcx-j35,-71.318123,42.801378,813110
zzw-222@62j-rdk-s5z,-71.408312,42.898852,813110
zzw-222@62j-rdp-4gk,-71.38232,42.888361,813110
zzw-222@62j-rf7-ffz,-71.268082,42.89735,813110
zzw-222@62j-rfb-wx5,-71.315107,42.892733,813110
zzw-222@62j-rfc-swk,-71.286335,42.879573,813110
zzw-222@62j-rfd-9s5,-71.300829,42.883705,813110
zzw-222@62j-rfq-hwk,-71.232068,42.824824,813110
zzw-222@62j-rfx-jd9,-71.219767,42.844165,813110
zzw-222@62j-rg5-3dv,-71.342909,42.899561,813110
zzw-222@62j-rg5-6hq,-71.340916,42.898696,813110
zzw-222@62j-rh6-td9,-71.191206,42.720446,813110
zzw-222@62j-rhn-c3q,-71.168093,42.674869,813110
zzw-222@62j-rjg-xnq,-71.266481,42.683936,813110
zzw-222@62j-rjr-f75,-71.200443,42.758195,813110
zzw-222@62j-rjv-rrk,-71.137989,42.782272,813110
zzw-222@62j-rk2-x89,-71.152556,42.710869,813110
zzw-222@62j-rk3-2kz,-71.150359,42.696187,813110
zzw-222@62j-rk6-33q,-71.176014,42.704001,813110
zzw-222@62j-rk6-jvz,-71.167579,42.710339,813110
zzw-222@62j-rk6-v9f,-71.171266,42.708965,813110
zzw-222@62j-rk7-rtv,-71.170652,42.692301,813110
zzw-222@62j-rkd-d35,-71.175526,42.720193,813110
zzw-222@62j-rkh-nyv,-71.232306,42.781352,813110
zzw-222@62j-rkh-qfz,-71.23386,42.782062,813110
zzw-222@62j-rsx-kzz,-71.355827,42.68238,813110
zzw-222@62j-rvr-qs5,-71.23423,42.906897,813110
zzw-222@62j-rvx-fvf,-71.209587,42.959212,813110
zzw-222@62j-rwq-4gk,-71.256962,42.957611,813110
zzw-222@62j-rwz-nh5,-71.191483,43.040895,813110
zzw-222@62j-rx4-ks5,-71.150398,43.057228,813110
zzw-222@62j-rx7-kxq,-71.177347,43.05299,813110
zzw-222@62j-rz2-rx5,-71.082888,42.783887,813110
zzw-222@62j-rz2-v4v,-71.083209,42.77739,813110
zzw-222@62j-rz2-xyv,-71.07849,42.774441,813110
zzw-222@62j-rzg-7dv,-71.19453,42.886011,813110
zzw-222@62j-s23-xqz,-71.150269,42.837048,813110
zzw-222@62j-s2f-ygk,-71.080639,42.884293,813110
zzw-222@62j-s2m-g49,-71.081121,42.921696,813110
zzw-222@62j-s4h-8qf,-71.400652,42.916467,813110
zzw-222@62j-sbs-t35,-71.232161,42.463571,813110
zzw-222@62j-sbz-5mk,-71.234962,42.449792,813110
zzw-222@62j-sbz-649,-71.235037,42.450207,813110
zzw-222@62j-sbz-hkf,-71.249037,42.455598,813110
zzw-222@62j-sc5-5xq,-71.257103,42.482026,813110
zzw-222@62j-sc5-649,-71.257389,42.48198,813110
zzw-222@62j-sc8-2c5,-71.214045,42.400301,813110
zzw-222@62j-sc8-54v,-71.229817,42.408758,813110
zzw-222@62j-scb-92k,-71.189579,42.386664,813110
zzw-222@62j-scd-hdv,-71.232646,42.377073,813110
zzw-222@62j-scf-qxq,-71.201596,42.426578,813110
zzw-222@62j-scj-ckf,-71.188231,42.41201,813110
zzw-222@62j-scj-f2k,-71.189789,42.412959,813110
zzw-222@62j-sck-m8v,-71.227246,42.433127,813110
zzw-222@62j-scw-fj9,-71.281836,42.503324,813110
zzw-222@62j-sdd-6kz,-71.253673,42.424433,813110
zzw-222@62j-sdj-9mk,-71.18108,42.498682,813110
zzw-222@62j-sdm-qfz,-71.200687,42.503373,813110
zzw-222@62j-sdn-2tv,-71.207184,42.503085,813110
zzw-222@62j-sdn-kfz,-71.193919,42.494347,813110
zzw-222@62j-sdz-xwk,-71.129102,42.421129,813110
zzw-222@62j-sdz-zzz,-71.132465,42.419731,813110
zzw-222@62j-sf4-ct9,-71.181817,42.426436,813110
zzw-222@62j-sf4-nwk,-71.176145,42.423081,813110
zzw-222@62j-sf5-syv,-71.131922,42.454412,813110
zzw-222@62j-sf6-92k,-71.126262,42.465105,813110
zzw-222@62j-sfj-mkz,-71.268019,42.495228,813110
zzw-222@62j-sfn-x5z,-71.209616,42.51764,813110
zzw-222@62j-sg7-ghq,-71.124624,42.330496,813110
zzw-222@62j-sg8-xt9,-71.107815,42.314446,813110
zzw-222@62j-sg9-2x5,-71.109447,42.300905,813110
zzw-222@62j-sg9-92k,-71.127039,42.316671,813110
zzw-222@62j-sg9-xbk,-71.103708,42.313565,813110
zzw-222@62j-sgb-zzz,-71.162911,42.326833,813110
zzw-222@62j-sgc-9cq,-71.145246,42.326041,813110
zzw-222@62j-sgc-d7q,-71.144635,42.32785,813110
zzw-222@62j-sgc-m49,-71.163921,42.341181,813110
zzw-222@62j-sgc-yn5,-71.143647,42.316153,813110
zzw-222@62j-sgd-tn5,-71.135181,42.307292,813110
zzw-222@62j-sgd-wrk,-71.132222,42.313701,813110
zzw-222@62j-sgg-y5f,-71.100058,42.333221,813110
zzw-222@62j-sgh-dn5,-71.102119,42.324376,813110
zzw-222@62j-sgh-kj9,-71.085577,42.333996,813110
zzw-222@62j-sgh-st9,-71.088004,42.328524,813110
zzw-222@62j-sgh-xt9,-71.098895,42.341066,813110
zzw-222@62j-sgj-n3q,-71.144079,42.344918,813110
zzw-222@62j-sgj-n5z,-71.143552,42.34365,813110
zzw-222@62j-sgj-p9z,-71.15232,42.352032,813110
zzw-222@62j-sgj-vj9,-71.151464,42.343659,813110
zzw-222@62j-sgk-bzf,-71.128182,42.351323,813110
zzw-222@62j-sgn-xqz,-71.120079,42.271012,813110
zzw-222@62j-sgp-vxq,-71.097273,42.258697,813110
zzw-222@62j-sgp-w49,-71.093996,42.259547,813110
zzw-222@62j-sgq-73q,-71.115586,42.259092,813110
zzw-222@62j-sgq-bx5,-71.107136,42.24944,813110
zzw-222@62j-sgq-j35,-71.089732,42.26148,813110
zzw-222@62j-sgx-59f,-71.092326,42.278995,813110
zzw-222@62j-sgx-g8v,-71.092497,42.273196,813110
zzw-222@62j-sgx-sh5,-71.067645,42.274963,813110
zzw-222@62j-sgx-vzz,-71.082042,42.283721,813110
zzw-222@62j-sgx-wc5,-71.082691,42.280234,813110
zzw-222@62j-sgy-w49,-71.137212,42.286108,813110
zzw-222@62j-sh3-92k,-71.20774,42.34964,813110
zzw-222@62j-sh4-75z,-71.197577,42.346972,813110
zzw-222@62j-sh5-789,-71.194663,42.334101,813110
zzw-222@62j-sh6-9pv,-71.23585,42.346454,813110
zzw-222@62j-sh7-75z,-71.225934,42.347261,813110
zzw-222@62j-shb-7wk,-71.175997,42.368709,813110
zzw-222@62j-shb-t9z,-71.167341,42.351431,813110
zzw-222@62j-shd-nnq,-71.227771,42.373454,813110
zzw-222@62j-shd-sh5,-71.231364,42.363564,813110
zzw-222@62j-shk-9zz,-71.185771,42.267972,813110
zzw-222@62j-shm-p7q,-71.234616,42.299813,813110
zzw-222@62j-shn-yn5,-71.205185,42.269007,813110
zzw-222@62j-shr-xnq,-71.152364,42.284839,813110
zzw-222@62j-shs-nkf,-71.148382,42.28807,813110
zzw-222@62j-shx-bkz,-71.060675,42.357578,813110
zzw-222@62j-shx-qpv,-71.079263,42.362982,813110
zzw-222@62j-shy-8sq,-71.06226,42.375452,813110
zzw-222@62j-shz-snq,-71.054046,42.354547,813110
zzw-222@62j-shz-t35,-71.054278,42.357061,813110
zzw-222@62j-sj2-49z,-71.097172,42.368597,813110
zzw-222@62j-sj2-7yv,-71.097165,42.371282,813110
zzw-222@62j-sj2-rp9,-71.100262,42.367567,813110
zzw-222@62j-sj3-b8v,-71.096691,42.379406,813110
zzw-222@62j-sj4-85f,-71.087016,42.347058,813110
zzw-222@62j-sj4-c3q,-71.069073,42.356486,813110
zzw-222@62j-sj4-jgk,-71.070248,42.348945,813110
zzw-222@62j-sj4-m6k,-71.073487,42.344272,813110
zzw-222@62j-sj5-7yv,-71.049497,42.389883,813110
zzw-222@62j-sj5-y7q,-71.032911,42.392581,813110
zzw-222@62j-sj6-mx5,-71.039436,42.369834,813110
zzw-222@62j-sj7-2x5,-71.039603,42.374222,813110
zzw-222@62j-sj7-mx5,-71.017707,42.365432,813110
zzw-222@62j-sj7-r49,-71.039711,42.377236,813110
zzw-222@62j-sj7-swk,-71.033696,42.381518,813110
zzw-222@62j-sjc-p5f,-71.062217,42.30743,813110
zzw-222@62j-sjc-vj9,-71.046308,42.318767,813110
zzw-222@62j-sjf-649,-71.048875,42.290173,813110
zzw-222@62j-sjg-hqz,-71.090306,42.31747,813110
zzw-222@62j-sjg-w6k,-71.07193,42.320018,813110
zzw-222@62j-sjh-7yv,-71.085996,42.317099,813110
zzw-222@62j-sjh-snq,-71.066992,42.282668,813110
zzw-222@62j-sjh-yd9,-71.079976,42.296626,813110
zzw-222@62j-sjj-2ff,-71.072561,42.298207,813110
zzw-222@62j-sjp-gzf,-71.072999,42.33704,813110
zzw-222@62j-sjp-kfz,-71.076311,42.326201,813110
zzw-222@62j-sjp-vs5,-71.052152,42.337141,813110
zzw-222@62j-sjq-94v,-71.070418,42.341547,813110
zzw-222@62j-sjt-575,-71.141057,42.393421,813110
zzw-222@62j-sjv-3kf,-71.134995,42.360133,813110
zzw-222@62j-sjv-8sq,-71.11568,42.371331,813110
zzw-222@62j-sjx-47q,-71.174078,42.394972,813110
zzw-222@62j-sjy-gzf,-71.147604,42.36479,813110
zzw-222@62j-sjy-qj9,-71.153736,42.377992,813110
zzw-222@62j-sjz-2c5,-71.127774,42.403904,813110
zzw-222@62j-sk2-xdv,-71.121014,42.393531,813110
zzw-222@62j-sk3-2c5,-71.120106,42.383255,813110
zzw-222@62j-sk3-gc5,-71.100754,42.38176,813110
zzw-222@62j-sk4-6kz,-71.157907,42.396901,813110
zzw-222@62j-sk5-3qz,-71.156283,42.414703,813110
zzw-222@62j-sk5-7bk,-71.160568,42.415674,813110
zzw-222@62j-skx-mff,-71.424691,42.472352,813110
zzw-222@62j-sky-z2k,-71.46332,42.487413,813110
zzw-222@62j-sm9-87q,-71.43159,42.425182,813110
zzw-222@62j-smd-5vf,-71.460297,42.427816,813110
zzw-222@62j-smd-zj9,-71.450461,42.436077,813110
zzw-222@62j-sn6-xkf,-71.47058,42.427005,813110
zzw-222@62j-snz-jgk,-71.349169,42.458882,813110
zzw-222@62j-sp3-kmk,-71.384148,42.459256,813110
zzw-222@62j-sp3-nyv,-71.385213,42.463099,813110
zzw-222@62j-spg-sbk,-71.428239,42.524058,813110
zzw-222@62j-spj-cyv,-71.473921,42.545532,813110
zzw-222@62j-sq4-kmk,-71.332261,42.307095,813110
zzw-222@62j-sq6-gp9,-71.367752,42.33109,813110
zzw-222@62j-sq8-2zf,-71.365152,42.31849,813110
zzw-222@62j-sq9-2ff,-71.333368,42.345589,813110
zzw-222@62j-sqh-hh5,-71.329695,42.278724,813110
zzw-222@62j-sqs-hh5,-71.343453,42.284879,813110
zzw-222@62j-sqt-dd9,-71.333886,42.294209,813110
zzw-222@62j-sqx-yn5,-71.403385,42.322147,813110
zzw-222@62j-sr2-yqf,-71.434081,42.32323,813110
zzw-222@62j-sr3-r8v,-71.423759,42.326151,813110
zzw-222@62j-sr3-v2k,-71.4273,42.330029,813110
zzw-222@62j-sr4-skf,-71.415751,42.373737,813110
zzw-222@62j-sr5-jjv,-71.409866,42.380075,813110
zzw-222@62j-srb-8vz,-71.405426,42.289998,813110
zzw-222@62j-src-ch5,-71.410042,42.30121,813110
zzw-222@62j-src-fzz,-71.404806,42.302892,813110
zzw-222@62j-src-tgk,-71.387954,42.276344,813110
zzw-222@62j-srd-xwk,-71.391678,42.285083,813110
zzw-222@62j-srg-2kz,-71.431556,42.296523,813110
zzw-222@62j-srh-d35,-71.426508,42.270663,813110
zzw-222@62j-srh-hwk,-71.415245,42.27985,813110
zzw-222@62j-srh-j9z,-71.41496,42.275861,813110
zzw-222@62j-srh-k4v,-71.410848,42.281828,813110
zzw-222@62j-srn-mkz,-71.436448,42.313103,813110
zzw-222@62j-srn-t7q,-71.435042,42.307797,813110
zzw-222@62j-srs-pvz,-71.263838,42.346394,813110
zzw-222@62j-srw-4jv,-71.301326,42.367493,813110
zzw-222@62j-ss2-s5z,-71.252491,42.377948,813110
zzw-222@62j-ss2-tn5,-71.253628,42.374584,813110
zzw-222@62j-ssc-3kf,-71.289129,42.297976,813110
zzw-222@62j-sst-5s5,-71.338246,42.405025,813110
zzw-222@62j-stx-wp9,-71.102817,42.526032,813110
zzw-222@62j-sv3-cwk,-71.114575,42.513713,813110
zzw-222@62j-sv5-skf,-71.08882,42.539077,813110
zzw-222@62j-svb-435,-71.198057,42.603892,813110
zzw-222@62j-svf-2c5,-71.224149,42.603377,813110
zzw-222@62j-svf-3qz,-71.227414,42.602606,813110
zzw-222@62j-svh-87q,-71.204958,42.592764,813110
zzw-222@62j-svw-v2k,-71.205855,42.530431,813110
zzw-222@62j-svz-pqf,-71.164692,42.556839,813110
zzw-222@62j-sw8-789,-71.033356,42.607796,813110
zzw-222@62j-swp-pjv,-71.078803,42.576436,813110
zzw-222@62j-sww-8qf,-71.012158,42.58031,813110
zzw-222@62j-swz-nkf,-71.141855,42.651312,813110
zzw-222@62j-sx4-n3q,-71.172265,42.652709,813110
zzw-222@62j-sxb-jy9,-71.151598,42.670871,813110
zzw-222@62j-sxv-kfz,-71.012275,42.465023,813110
zzw-222@62j-sxy-h89,-71.045489,42.459265,813110
zzw-222@62j-sy6-249,-70.974083,42.464416,813110
zzw-222@62j-sy9-vvf,-71.01421,42.407433,813110
zzw-222@62j-sy9-x3q,-71.008941,42.40915,813110
zzw-222@62j-syc-789,-70.98189,42.383863,813110
zzw-222@62j-syf-4d9,-71.042672,42.402469,813110
zzw-222@62j-syg-7t9,-71.018422,42.38308,813110
zzw-222@62j-syg-p35,-71.006109,42.390312,813110
zzw-222@62j-syr-kmk,-71.094694,42.492926,813110
zzw-222@62j-sys-4jv,-71.077787,42.450712,813110
zzw-222@62j-sys-t7q,-71.066489,42.458693,813110
zzw-222@62j-syt-ndv,-71.119635,42.47756,813110
zzw-222@62j-syw-q9f,-71.096032,42.468014,813110
zzw-222@62j-syx-r49,-71.084807,42.501556,813110
zzw-222@62j-syy-c89,-71.069079,42.496604,813110
zzw-222@62j-syz-fs5,-71.074514,42.477251,813110
zzw-222@62j-sz2-r8v,-71.124034,42.50232,813110
zzw-222@62j-sz6-3h5,-71.066708,42.4277,813110
zzw-222@62j-sz6-xdv,-71.058381,42.407976,813110
zzw-222@62j-sz7-s89,-71.05766,42.404361,813110
zzw-222@62j-sz7-xnq,-71.063331,42.412137,813110
zzw-222@62j-sz8-k9f,-71.105223,42.419611,813110
zzw-222@62j-sz8-mtv,-71.110898,42.41878,813110
zzw-222@62j-sz8-yjv,-71.116185,42.420241,813110
zzw-222@62j-szb-gkz,-71.097686,42.401183,813110
zzw-222@62j-szb-x3q,-71.095876,42.415839,813110
zzw-222@62j-szb-y9z,-71.099358,42.413809,813110
zzw-222@62j-szd-89z,-71.049359,42.44077,813110
zzw-222@62j-szf-7h5,-71.061456,42.424335,813110
zzw-222@62j-szm-rzf,-70.934252,42.480066,813110
zzw-222@62j-szm-yjv,-70.9403,42.474151,813110
zzw-222@62j-szn-rhq,-70.928116,42.476128,813110
zzw-222@62j-szs-yd9,-70.927066,42.524592,813110
zzw-222@62j-szs-z9f,-70.923978,42.522764,813110
zzw-222@62j-t25-fxq,-70.974478,42.455804,813110
zzw-222@62j-t27-9xq,-70.926713,42.465598,813110
zzw-222@62j-t2q-89z,-71.004952,42.515896,813110
zzw-222@62j-t39-fxq,-71.354131,42.598209,813110
zzw-222@62j-t3n-73q,-71.350886,42.621337,813110
zzw-222@62j-t3n-75z,-71.350461,42.620453,813110
zzw-222@62j-t3n-7kf,-71.352153,42.62334,813110
zzw-222@62j-t3n-7t9,-71.358236,42.62318,813110
zzw-222@62j-t3s-9fz,-71.297581,42.526895,813110
zzw-222@62j-t3t-5vf,-71.349309,42.528196,813110
zzw-222@62j-t3v-wp9,-71.349644,42.525151,813110
zzw-222@62j-t42-vcq,-71.326376,42.554509,813110
zzw-222@62j-t4d-nnq,-71.378332,42.60755,813110
zzw-222@62j-t4s-t7q,-71.377909,42.571127,813110
zzw-222@62j-t54-k9f,-71.301103,42.638283,813110
zzw-222@62j-t54-m8v,-71.294828,42.640945,813110
zzw-222@62j-t54-nyv,-71.299048,42.639991,813110
zzw-222@62j-t57-75z,-71.271933,42.651046,813110
zzw-222@62j-t57-mzf,-71.247205,42.658087,813110
zzw-222@62j-t5b-4d9,-71.302647,42.654462,813110
zzw-222@62j-t5k-yn5,-71.26737,42.560705,813110
zzw-222@62j-t5m-fpv,-71.276495,42.565874,813110
zzw-222@62j-t5r-9mk,-71.288202,42.589925,813110
zzw-222@62j-t5r-9zz,-71.287928,42.585625,813110
zzw-222@62j-t5w-89z,-71.335216,42.635682,813110
zzw-222@62j-t5w-k4v,-71.345928,42.633837,813110
zzw-222@62j-t5y-bp9,-71.390473,42.645181,813110
zzw-222@62j-t5y-mrk,-71.371737,42.647293,813110
zzw-222@62j-t5z-mkz,-71.37953,42.637172,813110
zzw-222@62j-t5z-rx5,-71.380329,42.624688,813110
zzw-222@62j-t64-dsq,-71.317732,42.645224,813110
zzw-222@62j-t64-kmk,-71.334299,42.651992,813110
zzw-222@62j-t64-mrk,-71.330642,42.654285,813110
zzw-222@62j-w8t-qj9,-70.922546,43.132884,813110
zzw-222@62j-w8t-tjv,-70.918119,43.135879,813110
zzw-222@62j-w96-n3q,-70.867022,43.040743,813110
zzw-222@62j-w9s-9pv,-70.943309,43.167047,813110
zzw-222@62j-wb3-3bk,-70.939438,43.077448,813110
zzw-222@62j-wbm-49z,-70.840615,43.151229,813110
zzw-222@62j-wbw-8sq,-70.812036,43.087228,813110
zzw-222@62j-wbw-zmk,-70.800332,43.090669,813110
zzw-222@62j-wch-6hq,-70.874984,43.198303,813110
zzw-222@62j-wch-9cq,-70.872042,43.198126,813110
zzw-222@62j-wcj-7qz,-70.879512,43.184277,813110
zzw-222@62j-wcj-9s5,-70.880191,43.177699,813110
zzw-222@62j-wf6-n5z,-70.856427,43.020956,813110
zzw-222@62j-wff-kcq,-70.827629,42.939201,813110
zzw-222@62j-wgp-4d9,-70.792958,43.04102,813110
zzw-222@62j-wgv-47q,-70.807458,43.032462,813110
zzw-222@62j-wgw-v2k,-70.771883,43.067244,813110
zzw-222@62j-wgw-z2k,-70.781889,43.079481,813110
zzw-222@62j-wgy-jd9,-70.76863,43.059935,813110
zzw-222@62j-wkr-2kz,-71.015272,43.093629,813110
zzw-222@62j-wng-ckf,-71.013488,42.925406,813110
zzw-222@62j-wnn-kzz,-70.94463,42.931775,813110
zzw-222@62j-wp8-pgk,-71.055197,42.93735,813110
zzw-222@62j-wpp-7t9,-70.935105,43.039156,813110
zzw-222@62j-wpt-djv,-70.946234,43.008799,813110
zzw-222@62j-wq3-w6k,-70.91296,42.968404,813110
zzw-222@62j-wsc-j35,-70.879119,43.258606,813110
zzw-222@62j-wsc-vj9,-70.862746,43.263717,813110
zzw-222@62j-wx5-9xq,-70.760858,43.075294,813110
zzw-222@62j-wx7-2ff,-70.764016,43.067722,813110
zzw-222@62j-wx7-rff,-70.755707,43.076185,813110
zzw-222@62j-wx7-rkz,-70.757875,43.076656,813110
zzw-222@62j-wzc-vs5,-70.979856,43.273591,813110
zzw-222@62j-wzx-f2k,-71.007685,43.216021,813110
zzw-222@62j-x2y-kmk,-70.961499,43.296632,813110
zzw-222@62j-x2y-syv,-70.967323,43.28872,813110
zzw-222@62j-x2y-t7q,-70.96424,43.287653,813110
zzw-222@62j-x2z-qxq,-70.969875,43.304856,813110
zzw-222@62j-x32-y9z,-70.939268,43.284648,813110
zzw-222@62j-x37-5pv,-70.96231,43.309469,813110
zzw-222@62j-x3r-hdv,-70.998557,43.314857,813110
zzw-222@62k-26q-t7q,-70.676768,41.948895,813110
zzw-222@62k-26r-dqf,-70.669368,41.95921,813110
zzw-222@62k-26r-ht9,-70.663194,41.954262,813110
zzw-222@62k-26r-m8v,-70.664754,41.955928,813110
zzw-222@62k-273-pd9,-70.691624,41.978487,813110
zzw-222@62k-27g-6x5,-70.632446,41.909521,813110
zzw-222@62k-2fc-68v,-70.791036,41.903406,813110
zzw-222@62k-2fc-jy9,-70.77766,41.906804,813110
zzw-222@62k-2fd-yqf,-70.763061,41.883836,813110
zzw-222@62k-2g4-5zz,-70.914404,41.893142,813110
zzw-222@62k-2g4-8jv,-70.910368,41.894028,813110
zzw-222@62k-2g5-hwk,-70.906152,41.882501,813110
zzw-222@62k-2gg-7bk,-70.734456,41.94836,813110
zzw-222@62k-2gm-mff,-70.730702,41.993373,813110
zzw-222@62k-2gm-mtv,-70.729886,41.993374,813110
zzw-222@62k-2h4-9s5,-70.718819,41.921394,813110
zzw-222@62k-2hj-z4v,-70.798498,41.999835,813110
zzw-222@62k-2js-t5f,-70.662278,41.749317,813110
zzw-222@62k-2jw-5zz,-70.704961,41.76624,813110
zzw-222@62k-2jz-ygk,-70.766202,41.797771,813110
zzw-222@62k-2kn-vpv,-70.736525,41.763865,813110
zzw-222@62k-2mv-45f,-70.746038,41.838721,813110
zzw-222@62k-2wd-f2k,-70.685393,42.047652,813110
zzw-222@62k-2ws-rzf,-70.679905,42.007942,813110
zzw-222@62k-2wx-wzf,-70.719059,41.987795,813110
zzw-222@62k-2wz-gtv,-70.678051,42.023699,813110
zzw-222@62k-2wz-y9z,-70.674033,42.036806,813110
zzw-222@62k-2xf-xnq,-70.768386,42.111222,813110
zzw-222@62k-ff4-789,-71.705832,42.667769,813110
zzw-222@62k-ff5-3t9,-71.704173,42.666759,813110
zzw-222@62k-fhg-5mk,-71.537051,42.595547,813110
zzw-222@62k-fhg-rtv,-71.518471,42.593152,813110
zzw-222@62k-fhh-jn5,-71.567212,42.605626,813110
zzw-222@62k-fhx-z2k,-71.543576,42.559118,813110
zzw-222@62k-fjk-brk,-71.647474,42.543879,813110
zzw-222@62k-fjr-rff,-71.586218,42.560545,813110
zzw-222@62k-fjr-t9z,-71.58696,42.567815,813110
zzw-222@62k-fkm-q2k,-71.446296,42.587391,813110
zzw-222@62k-fkw-p35,-71.588732,42.623624,813110
zzw-222@62k-fm3-kcq,-71.595349,42.666989,813110
zzw-222@62k-nr7-d9z,-71.237682,42.073981,813110
zzw-222@62k-nrw-9xq,-71.067595,42.103428,813110
zzw-222@62k-ns3-v2k,-71.076168,42.087742,813110
zzw-222@62k-ns6-b8v,-71.048049,42.10119,813110
zzw-222@62k-ns6-dsq,-71.048182,42.102448,813110
zzw-222@62k-ns7-ndv,-71.094556,42.123997,813110
zzw-222@62k-nsb-x3q,-71.061334,42.045323,813110
zzw-222@62k-nsj-yn5,-71.030294,42.07069,813110
zzw-222@62k-nsm-jgk,-71.012615,42.058176,813110
zzw-222@62k-nsn-yy9,-71.065603,42.075002,813110
zzw-222@62k-nsv-6kz,-71.174671,42.122227,813110
zzw-222@62k-nsv-gtv,-71.17773,42.118065,813110
zzw-222@62k-nsv-rc5,-71.182747,42.116617,813110
zzw-222@62k-nt2-nyv,-71.104666,42.123998,813110
zzw-222@62k-nt3-pjv,-71.170985,42.137127,813110
zzw-222@62k-nxd-gtv,-71.022212,42.018992,813110
zzw-222@62k-nxd-x5z,-71.022089,42.019919,813110
zzw-222@62k-nyc-6rk,-71.368715,42.084031,813110
zzw-222@62k-nyg-jjv,-71.32354,42.005829,813110
zzw-222@62k-nz5-f75,-71.400011,42.087669,813110
zzw-222@62k-p2c-j9z,-71.25371,42.056772,813110
zzw-222@62k-p2f-rrk,-71.234094,42.044574,813110
zzw-222@62k-p2v-gp9,-71.321242,42.125681,813110
zzw-222@62k-p2x-8qf,-71.368812,42.142272,813110
zzw-222@62k-p6w-tgk,-71.013967,42.176206,813110
zzw-222@62k-p6z-5fz,-71.038381,42.181628,813110
zzw-222@62k-p6z-bx5,-71.034073,42.169416,813110
zzw-222@62k-p6z-pvz,-71.047781,42.175185,813110
zzw-222@62k-p72-syv,-71.00346,42.210734,813110
zzw-222@62k-p74-j35,-70.998879,42.199927,813110
zzw-222@62k-p76-9pv,-71.040744,42.21292,813110
zzw-222@62k-p7f-p35,-71.029433,42.116053,813110
zzw-222@62k-p7k-k4v,-71.021113,42.162466,813110
zzw-222@62k-p7z-xkf,-71.125976,42.236326,813110
zzw-222@62k-p86-zj9,-71.055393,42.144585,813110
zzw-222@62k-p8c-b49,-71.054745,42.18585,813110
zzw-222@62k-p8c-p7q,-71.067756,42.191283,813110
zzw-222@62k-p8d-3t9,-71.057178,42.164741,813110
zzw-222@62k-p8k-z4v,-70.945596,42.216791,813110
zzw-222@62k-p8r-4d9,-70.974924,42.229829,813110
zzw-222@62k-p8t-rx5,-70.921835,42.243742,813110
zzw-222@62k-p95-qs5,-70.956492,42.170518,813110
zzw-222@62k-p96-cdv,-70.929761,42.197562,813110
zzw-222@62k-p96-p7q,-70.930376,42.195005,813110
zzw-222@62k-p96-yn5,-70.939435,42.190837,813110
zzw-222@62k-p97-9j9,-70.918309,42.195197,813110
zzw-222@62k-p9g-xwk,-71.018953,42.243473,813110
zzw-222@62k-p9g-yd9,-71.028831,42.2463,813110
zzw-222@62k-p9h-zfz,-71.078881,42.254279,813110
zzw-222@62k-p9j-4n5,-71.058526,42.258588,813110
zzw-222@62k-p9m-ghq,-71.016392,42.267514,813110
zzw-222@62k-p9m-p5f,-71.028737,42.27338,813110
zzw-222@62k-p9m-rhq,-71.029728,42.281212,813110
zzw-222@62k-p9n-z2k,-70.999278,42.245399,813110
zzw-222@62k-pbj-5mk,-70.89187,42.070818,813110
zzw-222@62k-pbk-rc5,-70.945128,42.080222,813110
zzw-222@62k-pc7-3t9,-71.021881,42.085285,813110
zzw-222@62k-pc7-5s5,-71.02184,42.090755,813110
zzw-222@62k-pc7-mkz,-71.03315,42.081294,813110
zzw-222@62k-pc7-mrk,-71.03531,42.080545,813110
zzw-222@62k-pc7-r6k,-71.027008,42.081478,813110
zzw-222@62k-pc8-2rk,-71.017796,42.085613,813110
zzw-222@62k-pc8-xt9,-71.018767,42.067395,813110
zzw-222@62k-pc9-7dv,-71.016167,42.06687,813110
zzw-222@62k-pc9-mrk,-71.001235,42.067214,813110
zzw-222@62k-pc9-r8v,-71.013202,42.073995,813110
zzw-222@62k-pcd-dvz,-70.949854,42.094042,813110
zzw-222@62k-pcf-pgk,-71.017026,42.103176,813110
zzw-222@62k-pck-94v,-70.985001,42.041103,813110
zzw-222@62k-pcn-8vz,-71.011045,42.021944,813110
zzw-222@62k-pcr-rkz,-70.954739,42.052067,813110
zzw-222@62k-pcs-v9f,-70.961718,42.033201,813110
zzw-222@62k-pd4-3bk,-70.886567,42.113484,813110
zzw-222@62k-pd7-2tv,-70.839554,42.133723,813110
zzw-222@62k-pdc-x89,-70.840754,42.045788,813110
zzw-222@62k-pdg-mff,-70.82542,42.041964,813110
zzw-222@62k-pdh-fvf,-70.882149,42.043087,813110
zzw-222@62k-pdh-zs5,-70.875046,42.059179,813110
zzw-222@62k-pdv-ghq,-70.918786,42.107643,813110
zzw-222@62k-pdy-djv,-70.949356,42.104167,813110
zzw-222@62k-pf5-h5z,-70.956604,42.139313,813110
zzw-222@62k-pfq-mp9,-71.229728,42.181897,813110
zzw-222@62k-pfr-3nq,-71.211385,42.185163,813110
zzw-222@62k-pfw-mzf,-71.212638,42.214466,813110
zzw-222@62k-pfw-q75,-71.21272,42.214383,813110
zzw-222@62k-pgb-q4v,-71.198843,42.161209,813110
zzw-222@62k-pgd-mp9,-71.238966,42.160802,813110
zzw-222@62k-ph9-jy9,-71.301689,42.176987,813110
zzw-222@62k-phv-h5z,-71.153581,42.156854,813110
zzw-222@62k-phv-t35,-71.140338,42.170958,813110
zzw-222@62k-pjc-cbk,-71.274628,42.250831,813110
zzw-222@62k-q8p-st9,-70.940165,41.854117,813110
zzw-222@62k-q8p-zcq,-70.951887,41.865933,813110
zzw-222@62k-qdf-djv,-70.848239,41.744541,813110
zzw-222@62k-qty-vzz,-71.474487,42.085396,813110
zzw-222@62k-r5p-snq,-71.533284,42.333109,813110
zzw-222@62k-r5r-5pv,-71.573814,42.349106,813110
zzw-222@62k-r5s-73q,-71.557459,42.347054,813110
zzw-222@62k-r5s-b49,-71.580749,42.356104,813110
zzw-222@62k-r75-ht9,-71.505929,42.361042,813110
zzw-222@62k-r7t-cdv,-71.452407,42.311401,813110
zzw-222@62k-r7z-qvf,-71.569466,42.394101,813110
zzw-222@62k-r83-7wk,-71.552041,42.377274,813110
zzw-222@62k-r85-t35,-71.598599,42.370056,813110
zzw-222@62k-r89-ysq,-71.587418,42.396944,813110
zzw-222@62k-r94-pn5,-71.428148,42.201681,813110
zzw-222@62k-r99-gzf,-71.432679,42.144633,813110
zzw-222@62k-r9f-9mk,-71.455528,42.125534,813110
zzw-222@62k-r9q-qzz,-71.530992,42.224821,813110
zzw-222@62k-r9t-mc5,-71.550451,42.211857,813110
zzw-222@62k-r9v-68v,-71.544248,42.201437,813110
zzw-222@62k-rbt-f75,-71.370014,42.242693,813110
zzw-222@62k-rbt-f9f,-71.370259,42.240886,813110
zzw-222@62k-rbt-fvf,-71.368742,42.239335,813110
zzw-222@62k-rc2-t35,-71.353929,42.168123,813110
zzw-222@62k-rc3-5s5,-71.359842,42.169344,813110
zzw-222@62k-rc3-68v,-71.360054,42.170453,813110
zzw-222@62k-rcd-hh5,-71.463801,42.256693,813110
zzw-222@62m-dce-5xq,-71.244103,43.133845,813110
zzw-222@62m-dvt-q9f,-71.121349,43.267979,813110
zzw-222@62m-j8b-r6k,-70.938325,43.332847,813110
zzw-222@62m-j8c-rrk,-70.974247,43.345323,813110
zzw-222@62m-j8f-94v,-70.959219,43.322942,813110
zzw-222@62m-jbw-mff,-71.174729,43.456954,813110
zzw-222@62m-jg4-4gk,-71.066712,43.393502,813110
zzw-222@62m-jgv-rx5,-71.163115,43.432164,813110
zzw-223@62j-ppt-bff,-71.079385,42.765356,813110
zzw-223@62j-ps7-bzf,-70.89049,42.568872,813110
zzw-223@62j-psd-hqz,-70.876767,42.609731,813110
zzw-223@62j-psk-t5f,-70.890894,42.527417,813110
zzw-223@62j-psr-2ff,-70.905156,42.5205,813110
zzw-223@62j-psr-syv,-70.893882,42.52352,813110
zzw-223@62j-psr-v75,-70.899442,42.521629,813110
zzw-223@62j-pst-6zf,-70.879067,42.552285,813110
zzw-223@62j-ptm-nyv,-70.975548,42.542855,813110
zzw-223@62j-ptn-kvf,-70.948582,42.568369,813110
zzw-223@62j-pv2-8sq,-70.865795,42.615022,813110
zzw-223@62j-q5h-v4v,-70.93431,42.856423,813110
zzw-223@62j-q5v-2c5,-70.875152,42.811579,813110
zzw-223@62j-q79-435,-70.858517,42.87039,813110
zzw-223@62j-qp5-bc5,-70.974702,42.377267,813110
zzw-223@62j-qsr-7kf,-70.883527,42.167367,813110
zzw-223@62j-qv2-975,-70.812243,42.26105,813110
zzw-223@62j-qv3-t9z,-70.802168,42.24147,813110
zzw-223@62j-r5q-yjv,-70.891878,42.471313,813110
zzw-223@62j-rfb-wx5,-71.315101,42.89272,813110
zzw-223@62j-rh5-rff,-71.224162,42.744358,813110
zzw-223@62j-rhd-rzf,-71.200285,42.641134,813110
zzw-223@62j-rk3-5vf,-71.160996,42.710516,813110
zzw-223@62j-rk6-xbk,-71.178715,42.713271,813110
zzw-223@62j-rk6-zcq,-71.181749,42.720417,813110
zzw-223@62j-rkd-6rk,-71.179372,42.727126,813110
zzw-223@62j-rkh-bff,-71.246824,42.775165,813110
zzw-223@62j-rkh-qj9,-71.233786,42.781068,813110
zzw-223@62j-rkr-6tv,-71.211883,42.784893,813110
zzw-223@62j-rsx-kj9,-71.354588,42.681546,813110
zzw-223@62j-rz3-kpv,-71.076125,42.781406,813110
zzw-223@62j-sbv-n3q,-71.21775,42.437589,813110
zzw-223@62j-sbv-td9,-71.232098,42.450082,813110
zzw-223@62j-sbz-649,-71.235016,42.450198,813110
zzw-223@62j-sc5-5xq,-71.257189,42.482033,813110
zzw-223@62j-sc9-s3q,-71.216791,42.394459,813110
zzw-223@62j-scb-7bk,-71.18874,42.383635,813110
zzw-223@62j-sdz-xwk,-71.129093,42.421159,813110
zzw-223@62j-sf3-3t9,-71.193139,42.435783,813110
zzw-223@62j-sg8-68v,-71.119302,42.33412,813110
zzw-223@62j-sg9-2x5,-71.10954,42.300792,813110
zzw-223@62j-sgd-pn5,-71.129085,42.316655,813110
zzw-223@62j-sgd-wrk,-71.132208,42.313696,813110
zzw-223@62j-sgf-k75,-71.114352,42.343529,813110
zzw-223@62j-sgf-kpv,-71.109396,42.340338,813110
zzw-223@62j-sgh-dd9,-71.102475,42.322624,813110
zzw-223@62j-sgj-n3q,-71.14404,42.344894,813110
zzw-223@62j-sgn-vcq,-71.120094,42.270918,813110
zzw-223@62j-sgq-73q,-71.115582,42.259097,813110
zzw-223@62j-sgx-g8v,-71.09252,42.273203,813110
zzw-223@62j-sh3-ysq,-71.196814,42.355267,813110
zzw-223@62j-sh9-dsq,-71.183972,42.357898,813110
zzw-223@62j-shn-y9z,-71.197272,42.267514,813110
zzw-223@62j-shx-cyv,-71.062722,42.358608,813110
zzw-223@62j-shy-4vz,-71.053571,42.364263,813110
zzw-223@62j-shz-3bk,-71.058199,42.355051,813110
zzw-223@62j-sj2-49z,-71.097165,42.368617,813110
zzw-223@62j-sj2-ffz,-71.096933,42.363364,813110
zzw-223@62j-sj2-whq,-71.092498,42.373441,813110
zzw-223@62j-sj4-87q,-71.086413,42.346539,813110
zzw-223@62j-sj4-8sq,-71.08487,42.344464,813110
zzw-223@62j-sj4-8y9,-71.086025,42.345086,813110
zzw-223@62j-sj5-7wk,-71.048554,42.391066,813110
zzw-223@62j-sj5-vj9,-71.035917,42.391454,813110
zzw-223@62j-sj5-w6k,-71.042093,42.393605,813110
zzw-223@62j-sj6-mx5,-71.039429,42.369766,813110
zzw-223@62j-sj7-r49,-71.039696,42.377414,813110
zzw-223@62j-sj7-r6k,-71.039288,42.375955,813110
zzw-223@62j-sjc-kcq,-71.065532,42.31869,813110
zzw-223@62j-sjc-vj9,-71.046279,42.318764,813110
zzw-223@62j-sjf-649,-71.048879,42.290151,813110
zzw-223@62j-sjh-yd9,-71.079947,42.296614,813110
zzw-223@62j-sjq-7dv,-71.070574,42.337787,813110
zzw-223@62j-sjs-hnq,-71.154202,42.391508,813110
zzw-223@62j-sjs-tqf,-71.129396,42.396247,813110
zzw-223@62j-sjv-8jv,-71.115255,42.371197,813110
zzw-223@62j-sjv-8sq,-71.115704,42.371214,813110
zzw-223@62j-sjx-mkz,-71.158309,42.370132,813110
zzw-223@62j-sk2-xdv,-71.121038,42.393533,813110
zzw-223@62j-sk4-6kz,-71.157913,42.396886,813110
zzw-223@62j-sk4-s89,-71.147101,42.409075,813110
zzw-223@62j-sky-5mk,-71.456446,42.472478,813110
zzw-223@62j-snj-t35,-71.36934,42.510551,813110
zzw-223@62j-snz-jqf,-71.348342,42.460898,813110
zzw-223@62j-sph-jqf,-71.484442,42.538255,813110
zzw-223@62j-src-ch5,-71.410018,42.301202,813110
zzw-223@62j-srd-vj9,-71.390323,42.282202,813110
zzw-223@62j-srg-fxq,-71.43443,42.303697,813110
zzw-223@62j-srg-tsq,-71.418137,42.274435,813110
zzw-223@62j-srg-ty9,-71.415294,42.275464,813110
zzw-223@62j-srh-hwk,-71.41526,42.279855,813110
zzw-223@62j-srn-t7q,-71.43506,42.307822,813110
zzw-223@62j-ss2-tn5,-71.253609,42.374553,813110
zzw-223@62j-ssc-3kf,-71.289122,42.297946,813110
zzw-223@62j-ssm-8jv,-71.357587,42.378191,813110
zzw-223@62j-svz-pqf,-71.164715,42.556844,813110
zzw-223@62j-sxb-jy9,-71.15157,42.670884,813110
zzw-223@62j-sy2-7yv,-71.028025,42.439078,813110
zzw-223@62j-syd-yjv,-71.042707,42.402236,813110
zzw-223@62j-syf-4d9,-71.042665,42.402473,813110
zzw-223@62j-syn-btv,-71.005117,42.420312,813110
zzw-223@62j-syr-kmk,-71.094683,42.492916,813110
zzw-223@62j-sz2-rrk,-71.121166,42.499954,813110
zzw-223@62j-sz5-ffz,-71.072215,42.426771,813110
zzw-223@62j-sz6-3h5,-71.066768,42.427482,813110
zzw-223@62j-sz6-4sq,-71.071478,42.426849,813110
zzw-223@62j-sz6-btv,-71.067228,42.424675,813110
zzw-223@62j-sz7-jjv,-71.054268,42.412572,813110
zzw-223@62j-sz8-yjv,-71.115162,42.420503,813110
zzw-223@62j-szb-gc5,-71.099674,42.401611,813110
zzw-223@62j-szf-92k,-71.054316,42.428823,813110
zzw-223@62j-t2b-8vz,-70.950045,42.462663,813110
zzw-223@62j-t2c-649,-70.940981,42.462876,813110
zzw-223@62j-t54-d7q,-71.320499,42.627789,813110
zzw-223@62j-t5y-nqz,-71.37699,42.646494,813110
zzw-223@62j-t64-ghq,-71.322127,42.647763,813110
zzw-223@62j-wff-hwk,-70.837765,42.93584,813110
zzw-223@62j-wgx-b8v,-70.770739,43.048225,813110
zzw-223@62j-wn6-qfz,-70.967676,42.988854,813110
zzw-223@62j-wny-n89,-71.079815,42.990714,813110
zzw-223@62j-wx5-dvz,-70.757268,43.078103,813110
zzw-223@62j-wx7-45f,-70.763049,43.073337,813110
zzw-223@62j-wzd-3kf,-70.974502,43.272964,813110
zzw-223@62j-x2z-2hq,-70.973731,43.301509,813110
zzw-223@62k-26r-cbk,-70.663702,41.957997,813110
zzw-223@62k-2hk-cqz,-70.843612,42.011882,813110
zzw-223@62k-ns8-f4v,-71.089803,42.13283,813110
zzw-223@62k-nsv-7wk,-71.178909,42.123063,813110
zzw-223@62k-nwn-f2k,-70.990326,41.985686,813110
zzw-223@62k-nyc-6rk,-71.368705,42.084041,813110
zzw-223@62k-nzs-4d9,-71.272673,42.075401,813110
zzw-223@62k-p6t-qpv,-71.026029,42.198041,813110
zzw-223@62k-p74-mzf,-71.004711,42.204232,813110
zzw-223@62k-p76-9pv,-71.040836,42.212853,813110
zzw-223@62k-p76-ckf,-71.027173,42.225299,813110
zzw-223@62k-p79-t7q,-71.005728,42.155019,813110
zzw-223@62k-p8b-5cq,-71.10521,42.148944,813110
zzw-223@62k-p8k-z4v,-70.945619,42.21677,813110
zzw-223@62k-pc4-qcq,-71.00594,42.080466,813110
zzw-223@62k-pc7-66k,-71.019348,42.08615,813110
zzw-223@62k-pc7-mkz,-71.033161,42.081256,813110
zzw-223@62k-pc8-2ff,-71.020457,42.085271,813110
zzw-223@62k-pc9-mrk,-71.001242,42.067239,813110
zzw-223@62k-pdt-75z,-70.943219,42.127462,813110
zzw-223@62k-pg4-qpv,-71.209106,42.141587,813110
zzw-223@62k-phv-87q,-71.146427,42.1564,813110
zzw-223@62k-phv-t35,-71.14035,42.170961,813110
zzw-223@62k-pjg-h89,-71.233756,42.279976,813110
zzw-223@62k-pjg-j5f,-71.240909,42.279922,813110
zzw-223@62k-r76-vpv,-71.497036,42.351197,813110
zzw-223@62k-r7b-6zf,-71.502047,42.352314,813110
zzw-223@62k-r7z-qvf,-71.569482,42.394059,813110
zzw-223@62k-r87-389,-71.558395,42.392926,813110
zzw-223@62m-db8-ndv,-71.305545,43.064193,813110
zzw-223@62m-dce-5xq,-71.24415,43.133844,813110
zzw-223@62m-j8b-r6k,-70.937588,43.333079,813110
zzw-223@62m-jg4-4gk,-71.066605,43.393253,813110
zzw-224@62j-pm5-h89,-70.652575,42.624883,813110
zzw-224@62j-ppt-bff,-71.079355,42.765381,813110
zzw-224@62j-pqx-cdv,-70.91699,42.686964,813110
zzw-224@62j-qnz-t9z,-71.031556,42.343805,813110
zzw-224@62j-qt3-st9,-70.884007,42.18574,813110
zzw-224@62j-r5q-yjv,-70.891878,42.471297,813110
zzw-224@62j-rk3-5vf,-71.161003,42.710522,813110
zzw-224@62j-rk3-5zz,-71.162673,42.709961,813110
zzw-224@62j-rkh-nyv,-71.232231,42.781369,813110
zzw-224@62j-sdj-9mk,-71.181104,42.498709,813110
zzw-224@62j-sdk-d9z,-71.148604,42.4747,813110
zzw-224@62j-sf5-syv,-71.131889,42.454403,813110
zzw-224@62j-sg9-2x5,-71.109541,42.300771,813110
zzw-224@62j-sgf-cnq,-71.117719,42.350744,813110
zzw-224@62j-sgf-k75,-71.114532,42.343476,813110
zzw-224@62j-sgf-kpv,-71.109239,42.340189,813110
zzw-224@62j-sgk-2tv,-71.135078,42.355415,813110
zzw-224@62j-shx-ct9,-71.066399,42.35811,813110
zzw-224@62j-shz-35z,-71.06244,42.351915,813110
zzw-224@62j-shz-3bk,-71.058188,42.355072,813110
zzw-224@62j-sj2-49z,-71.09718,42.368597,813110
zzw-224@62j-sj3-b8v,-71.096684,42.3794,813110
zzw-224@62j-sj3-q9f,-71.077947,42.350268,813110
zzw-224@62j-sj5-vcq,-71.039048,42.390853,813110
zzw-224@62j-sj6-mx5,-71.039504,42.369833,813110
zzw-224@62j-sj7-r49,-71.039422,42.377491,813110
zzw-224@62j-sjf-649,-71.048895,42.290158,813110
zzw-224@62j-sjg-8sq,-71.077967,42.302923,813110
zzw-224@62j-sjh-qfz,-71.06334,42.285683,813110
zzw-224@62j-sjs-tqf,-71.129405,42.396246,813110
zzw-224@62j-sjv-8sq,-71.115697,42.371345,813110
zzw-224@62j-sjv-9mk,-71.119637,42.374525,813110
zzw-224@62j-sk3-7qz,-71.09941,42.391099,813110
zzw-224@62j-snx-rff,-71.391562,42.420356,813110
zzw-224@62j-sq3-435,-71.349832,42.324523,813110
zzw-224@62j-sqh-hh5,-71.329676,42.278743,813110
zzw-224@62j-sqs-hh5,-71.343485,42.284839,813110
zzw-224@62j-srg-fxq,-71.434413,42.303702,813110
zzw-224@62j-srh-jgk,-71.416239,42.2763,813110
zzw-224@62j-ss2-gx5,-71.238084,42.376265,813110
zzw-224@62j-ss2-tn5,-71.253627,42.37456,813110
zzw-224@62j-ssg-p7q,-71.226078,42.313683,813110
zzw-224@62j-sy2-7yv,-71.02806,42.439041,813110
zzw-224@62j-syg-p35,-71.006102,42.390336,813110
zzw-224@62j-syn-btv,-71.00513,42.420318,813110
zzw-224@62j-t2g-vxq,-71.015291,42.490228,813110
zzw-224@62j-t54-d7q,-71.320514,42.627798,813110
zzw-224@62j-t5b-c3q,-71.305396,42.646083,813110
zzw-224@62j-t5x-2c5,-71.324725,42.639481,813110
zzw-224@62j-wcj-z75,-70.876936,43.193335,813110
zzw-224@62k-p76-9pv,-71.040834,42.212883,813110
zzw-224@62k-p8p-5pv,-70.982967,42.242634,813110
zzw-224@62k-pc7-66k,-71.020148,42.085677,813110
zzw-224@62k-pc8-y5f,-71.017799,42.067975,813110
zzw-224@62k-pcd-dvz,-70.949888,42.094046,813110
zzw-224@62k-pgb-q9f,-71.199457,42.161102,813110
zzw-224@62k-r75-kfz,-71.508925,42.361918,813110
zzw-224@62k-r9t-mc5,-71.550571,42.211871,813110
zzw-225@62j-psr-snq,-70.893827,42.522503,813110
zzw-225@62j-psr-syv,-70.893716,42.523558,813110
zzw-225@62j-pss-4n5,-70.897254,42.520937,813110
zzw-225@62j-rk3-5zz,-71.162679,42.709986,813110
zzw-225@62j-rkh-nyv,-71.232417,42.781316,813110
zzw-225@62j-sbv-tn5,-71.228779,42.449669,813110
zzw-225@62j-sdm-2x5,-71.149427,42.479329,813110
zzw-225@62j-sff-y9z,-71.225138,42.495717,813110
zzw-225@62j-sgc-2hq,-71.168028,42.329805,813110
zzw-225@62j-sgc-3yv,-71.148606,42.338152,813110
zzw-225@62j-shz-3bk,-71.058204,42.35507,813110
zzw-225@62j-sj4-8y9,-71.086023,42.345088,813110
zzw-225@62j-sj7-rzf,-71.039339,42.373367,813110
zzw-225@62j-sjv-8jv,-71.115128,42.371604,813110
zzw-225@62j-ssv-t7q,-71.321088,42.382541,813110
zzw-225@62j-sy9-jqf,-70.994901,42.407618,813110
zzw-225@62j-sz7-b6k,-71.07823,42.412111,813110
zzw-225@62j-szf-92k,-71.05431,42.428821,813110
zzw-225@62j-t2c-7wk,-70.945303,42.463866,813110
zzw-225@62j-t5w-89z,-71.33521,42.635676,813110
zzw-225@62j-wff-hwk,-70.837096,42.935667,813110
zzw-225@62k-p76-9pv,-71.040722,42.212915,813110
zzw-225@62k-p79-rff,-71.007763,42.150362,813110
zzw-225@62k-p8p-5pv,-70.982978,42.242659,813110
zzw-226@62j-pss-yn5,-70.885965,42.558261,813110
zzw-226@62j-r5q-yjv,-70.891896,42.47132,813110
zzw-226@62j-sg8-68v,-71.119297,42.33414,813110
zzw-226@62j-sgh-djv,-71.105041,42.322497,813110
zzw-226@62j-sj3-p35,-71.082909,42.346968,813110
zzw-226@62j-sz7-kfz,-71.053924,42.408501,813110
zzw-226@62j-t5w-89z,-71.33521,42.635676,813110
zzw-226@62k-p76-9pv,-71.040838,42.212839,813110
zzw-226@62k-r5q-28v,-71.540131,42.332257,813110
zzw-226@62k-r7b-6zf,-71.502081,42.352311,813110
zzw-227@62j-shx-ch5,-71.067409,42.362484,813110
zzw-227@62j-sj4-nwk,-71.071265,42.350366,813110
zzw-227@62j-wbj-hbk,-70.858237,43.171886,813110
zzw-227@62j-wx7-v9f,-70.755229,43.07837,813110
zzw-227@62k-p76-9pv,-71.04084,42.212843,813110
zzw-227@62k-pc9-3bk,-71.021519,42.07514,813110
zzw-227@62k-r88-t9z,-71.558658,42.392828,813110
zzw-228@62j-shz-3h5,-71.059623,42.35588,813110
zzw-228@62j-sj2-rkz,-71.103496,42.364991,813110
zzw-229@62j-sj2-rhq,-71.104194,42.366726,813110
zzw-229@62k-p98-gzf,-70.920908,42.179178,813110
zzw-22b@62j-sgj-gzf,-71.140385,42.342171,813110
zzw-22b@62j-sz6-3dv,-71.066773,42.427965,813110
zzw-22c@62j-r5q-yjv,-70.891854,42.471311,813110
zzw-22c@62j-sq7-5fz,-71.358834,42.301153,813110
zzw-22d@62k-nwf-hnq,-71.009355,41.971848,813110
zzw-22j@62j-shx-bp9,-71.059503,42.358981,813110
zzw-22m@62j-sk5-649,-71.158016,42.417298,813110
zzw-236@62j-pth-zs5,-70.943261,42.53964,813110
zzy-222@62j-pg8-bhq,-70.839318,42.669623,813110
zzy-222@62j-pjn-5xq,-70.654777,42.601208,813110
zzy-222@62j-pkh-d7q,-70.779808,42.632129,813110
zzy-222@62j-pkx-cwk,-70.771076,42.575289,813110
zzy-222@62j-pkx-z4v,-70.770985,42.574395,813110
zzy-222@62j-ppx-qfz,-71.095822,42.771572,813110
zzy-222@62j-psd-nkf,-70.879588,42.61388,813110
zzy-222@62j-pss-y9z,-70.886722,42.557983,813110
zzy-222@62j-ptp-yqf,-70.937555,42.555357,813110
zzy-222@62j-q6t-68v,-70.989997,42.827013,813110
zzy-222@62j-q7b-7nq,-70.812113,42.910545,813110
zzy-222@62j-q7n-b49,-70.857429,42.840349,813110
zzy-222@62j-qrs-2rk,-70.818872,42.207397,813110
zzy-222@62j-qs6-b49,-70.750453,42.143603,813110
zzy-222@62j-qsf-fs5,-70.92493,42.216193,813110
zzy-222@62j-qsz-sdv,-70.852467,42.15778,813110
zzy-222@62j-rcr-qj9,-71.322115,42.884516,813110
zzy-222@62j-rg5-6hq,-71.340923,42.898701,813110
zzy-222@62j-rgz-nkf,-71.204825,42.707878,813110
zzy-222@62j-rk5-z75,-71.174821,42.696884,813110
zzy-222@62j-rk8-8gk,-71.157971,42.687778,813110
zzy-222@62j-rkc-vmk,-71.161783,42.726195,813110
zzy-222@62j-rkt-v4v,-71.262847,42.811021,813110
zzy-222@62j-rvf-rx5,-71.201968,42.983859,813110
zzy-222@62j-rvf-rzf,-71.202211,42.983041,813110
zzy-222@62j-rvv-q9f,-71.187488,42.927619,813110
zzy-222@62j-rxj-2p9,-71.131578,42.986418,813110
zzy-222@62j-ryz-swk,-71.108279,42.800466,813110
zzy-222@62j-rz2-wtv,-71.086512,42.772569,813110
zzy-222@62j-s2f-p7q,-71.065234,42.867263,813110
zzy-222@62j-s32-6p9,-71.045481,42.852309,813110
zzy-222@62j-s35-xnq,-71.122234,42.916481,813110
zzy-222@62j-scf-ty9,-71.196968,42.42398,813110
zzy-222@62j-scg-7nq,-71.207251,42.428917,813110
zzy-222@62j-sd4-52k,-71.303178,42.427818,813110
zzy-222@62j-sf4-xkf,-71.162543,42.423205,813110
zzy-222@62j-sff-tgk,-71.218873,42.505404,813110
zzy-222@62j-sgh-jy9,-71.086797,42.336148,813110
zzy-222@62j-sgh-mc5,-71.09337,42.336621,813110
zzy-222@62j-sgj-kfz,-71.14261,42.34059,813110
zzy-222@62j-sgn-kpv,-71.10807,42.270878,813110
zzy-222@62j-sgt-qj9,-71.115205,42.250656,813110
zzy-222@62j-sgv-ghq,-71.092107,42.281395,813110
zzy-222@62j-sgv-hqz,-71.097661,42.282921,813110
zzy-222@62j-sgx-sbk,-71.069648,42.274344,813110
zzy-222@62j-sh4-389,-71.192969,42.357692,813110
zzy-222@62j-sh7-9mk,-71.227187,42.348978,813110
zzy-222@62j-shc-3bk,-71.184774,42.353203,813110
zzy-222@62j-shh-75z,-71.185688,42.290139,813110
zzy-222@62j-shz-3h5,-71.059717,42.356363,813110
zzy-222@62j-sj3-sdv,-71.076667,42.343099,813110
zzy-222@62j-sj4-nqz,-71.064255,42.348806,813110
zzy-222@62j-sj5-vcq,-71.039056,42.390856,813110
zzy-222@62j-sj8-dn5,-71.080328,42.381884,813110
zzy-222@62j-sjh-wtv,-71.079102,42.296806,813110
zzy-222@62j-sjp-8d9,-71.068323,42.323042,813110
zzy-222@62j-sjt-mkz,-71.120137,42.370172,813110
zzy-222@62j-sjy-mrk,-71.158689,42.375212,813110
zzy-222@62j-sjz-yn5,-71.117861,42.401396,813110
zzy-222@62j-sq5-p5f,-71.374599,42.321099,813110
zzy-222@62j-srd-6kz,-71.401609,42.274122,813110
zzy-222@62j-srg-tgk,-71.418834,42.278208,813110
zzy-222@62j-srr-zvf,-71.270073,42.377023,813110
zzy-222@62j-ss2-59f,-71.257252,42.370238,813110
zzy-222@62j-sth-qxq,-71.101657,42.572204,813110
zzy-222@62j-sv2-m8v,-71.127265,42.511881,813110
zzy-222@62j-sv5-skf,-71.088788,42.539094,813110
zzy-222@62j-sym-vpv,-71.022872,42.427314,813110
zzy-222@62j-syq-dy9,-71.09879,42.48288,813110
zzy-222@62j-syr-28v,-71.099426,42.480939,813110
zzy-222@62j-sz8-jn5,-71.10981,42.41423,813110
zzy-222@62j-szb-gc5,-71.099773,42.401626,813110
zzy-222@62j-szt-cwk,-70.936782,42.525758,813110
zzy-222@62j-t23-nbk,-70.911852,42.420864,813110
zzy-222@62j-t25-fxq,-70.974471,42.455828,813110
zzy-222@62j-t27-p9z,-70.937358,42.46855,813110
zzy-222@62j-wgy-gp9,-70.765823,43.05974,813110
zzy-222@62j-wkv-h5z,-71.009263,43.124377,813110
zzy-222@62j-wmd-xkf,-71.151045,43.194165,813110
zzy-222@62j-wnt-3t9,-71.075179,43.008432,813110
zzy-222@62j-wpp-52k,-70.940669,43.036416,813110
zzy-222@62j-wst-k9f,-70.820228,43.235879,813110
zzy-222@62j-wzx-9j9,-71.00602,43.215373,813110
zzy-222@62j-x32-wrk,-70.937825,43.285369,813110
zzy-222@62j-x37-qxq,-70.952651,43.321015,813110
zzy-222@62j-x3g-vvf,-70.92227,43.224714,813110
zzy-222@62k-26r-nt9,-70.664982,41.955468,813110
zzy-222@62k-26r-t35,-70.673707,41.962728,813110
zzy-222@62k-273-bkz,-70.687502,41.979086,813110
zzy-222@62k-284-ks5,-70.552486,41.911344,813110
zzy-222@62k-2jt-pvz,-70.658573,41.745004,813110
zzy-222@62k-2k2-p9z,-70.765133,41.799594,813110
zzy-222@62k-2xc-pn5,-70.809993,42.071873,813110
zzy-222@62k-2xw-bc5,-70.737343,42.032115,813110
zzy-222@62k-2y7-wc5,-70.646358,42.092501,813110
zzy-222@62k-3yb-zvf,-70.650163,41.74246,813110
zzy-222@62k-dyj-rkz,-71.652586,42.571672,813110
zzy-222@62k-ff5-4gk,-71.702601,42.665012,813110
zzy-222@62k-fj4-vmk,-71.62499,42.60259,813110
zzy-222@62k-fjn-59f,-71.648429,42.54364,813110
zzy-222@62k-fkp-2c5,-71.476247,42.5913,813110
zzy-222@62k-fpw-7kf,-71.818805,42.677928,813110
zzy-222@62k-ns7-rff,-71.098108,42.129635,813110
zzy-222@62k-nsb-9vf,-71.060316,42.046634,813110
zzy-222@62k-nsk-b8v,-71.041727,42.074965,813110
zzy-222@62k-nwn-3bk,-70.976622,41.989375,813110
zzy-222@62k-nzk-btv,-71.38744,42.035046,813110
zzy-222@62k-p8k-975,-70.945546,42.242795,813110
zzy-222@62k-p9m-j7q,-71.019941,42.262819,813110
zzy-222@62k-pd6-hkf,-70.845258,42.115636,813110
zzy-222@62k-pdf-t35,-70.843807,42.033417,813110
zzy-222@62k-pf3-tgk,-70.912341,42.129407,813110
zzy-222@62k-pgb-26k,-71.216649,42.160595,813110
zzy-222@62k-ph9-cqz,-71.303419,42.185507,813110
zzy-222@62k-q8d-7nq,-70.893904,41.782454,813110
zzy-222@62k-qc8-snq,-70.769013,41.70827,813110
zzy-222@62k-qdf-djv,-70.848223,41.744552,813110
zzy-222@62k-qqs-2tv,-71.56538,42.238384,813110
zzy-222@62k-r5s-73q,-71.557574,42.347089,813110
zzy-222@62k-r5s-9s5,-71.573013,42.354391,813110
zzy-222@62k-r79-rkz,-71.512918,42.343822,813110
zzy-222@62k-r9k-5pv,-71.394995,42.141699,813110
zzy-222@62m-dbj-87q,-71.280803,43.073127,813110
zzy-222@62m-jg3-dvz,-71.068131,43.39019,813110
zzy-222@62m-jg4-7h5,-71.060308,43.388754,813110
zzy-223@62j-sg8-wzf,-71.114953,42.308842,813110
zzy-223@62j-shz-3t9,-71.058495,42.357042,813110
zzy-223@62j-sj2-kj9,-71.101892,42.373565,813110
zzy-223@62j-sj5-v2k,-71.039593,42.394264,813110
zzy-223@62j-sjc-p5f,-71.062048,42.308195,813110
zzy-223@62j-ss2-2tv,-71.257017,42.368091,813110
zzy-223@62j-sv2-m8v,-71.127254,42.511874,813110
zzy-223@62j-t3m-4n5,-71.357502,42.615103,813110
zzy-223@62j-t5m-5fz,-71.26452,42.553641,813110
zzy-223@62k-r79-jy9,-71.509992,42.348764,813110
zzy-223@62m-j7x-rc5,-70.989435,43.4097,813110
zzy-224@62j-pfx-kxq,-70.877895,42.716239,813110
zzy-224@62j-shz-3h5,-71.05959,42.355895,813110
zzy-224@62j-sj4-8y9,-71.086301,42.345141,813110
zzy-224@62j-ss2-cbk,-71.258506,42.365807,813110
zzy-224@62j-wmd-xkf,-71.151042,43.194141,813110
zzy-224@62j-wx5-djv,-70.757324,43.077602,813110
zzy-226@62j-wmd-xkf,-71.151075,43.194134,813110
zzy-229@62j-shz-52k,-71.060938,42.355319,813110
zzy-22b@62j-shz-52k,-71.060575,42.355663,813110
