condition,status,GEOID,low_income_pct,lower_middle_income_pct,upper_middle_income_pct,high_income_pct
No regularization,adjusted,250092501001,0.6901639344262295,0.1983606557377049,0.080327868852459,0.0311475409836065
No regularization,adjusted,250173141013,0.1883408071748878,0.1040358744394618,0.3210762331838565,0.3865470852017937
No regularization,adjusted,250092544021,0.0,0.1230502599653379,0.3015597920277296,0.5753899480069324
No regularization,adjusted,250092544022,0.0293501048218029,0.1708595387840671,0.1666666666666666,0.6331236897274634
No regularization,adjusted,250092544024,0.0446428571428571,0.0752551020408163,0.2130102040816326,0.6670918367346939
No regularization,adjusted,250092544023,0.0301418439716312,0.0585106382978723,0.1489361702127659,0.7624113475177305
No regularization,adjusted,250092544031,0.0389321468298109,0.0756395995550611,0.1457174638487208,0.7397107897664071
No regularization,adjusted,250092544032,0.0,0.0,0.2072538860103626,0.7927461139896373
No regularization,adjusted,250214228001,0.1973827699018538,0.0981461286804798,0.2486368593238822,0.4558342420937841
No regularization,adjusted,250173567011,0.0899830220713073,0.066213921901528,0.2071307300509338,0.6366723259762309
No regularization,adjusted,250173737004,0.0,0.0344827586206896,0.2068965517241379,0.7586206896551724
No regularization,adjusted,250173311022,0.0527182866556836,0.085667215815486,0.3558484349258649,0.5057660626029654
No regularization,adjusted,250173311024,0.0458452722063037,0.0744985673352435,0.0515759312320916,0.828080229226361
No regularization,adjusted,250214142002,0.0,0.021566401816118,0.2111237230419977,0.7673098751418842
No regularization,adjusted,250173352001,0.0395778364116095,0.1477572559366754,0.0844327176781002,0.7282321899736148
No regularization,adjusted,250250920002,0.1792717086834734,0.088235294117647,0.4131652661064425,0.3193277310924369
No regularization,adjusted,250235091012,0.130820399113082,0.1441241685144124,0.0864745011086474,0.6385809312638581
No regularization,adjusted,250173352002,0.0,0.1069364161849711,0.3265895953757225,0.5664739884393064
No regularization,adjusted,250235261005,0.0,0.0593607305936073,0.2115677321156773,0.7290715372907154
No regularization,adjusted,250214226001,0.0807291666666666,0.09375,0.1041666666666666,0.7213541666666666
No regularization,adjusted,250173223002,0.0966257668711656,0.2898773006134969,0.2484662576687116,0.3650306748466257
No regularization,adjusted,250092114011,0.0542372881355932,0.1830508474576271,0.3299435028248587,0.4327683615819209
No regularization,adjusted,250092071002,0.0636132315521628,0.2162849872773536,0.3893129770992366,0.3307888040712468
No regularization,adjusted,250173735002,0.0284552845528455,0.0873983739837398,0.1056910569105691,0.7784552845528455
No regularization,adjusted,250251004001,0.5134706814580031,0.0538827258320126,0.1521394611727416,0.2805071315372425
No regularization,adjusted,250173563003,0.059171597633136,0.0,0.2011834319526627,0.7396449704142012
No regularization,adjusted,250173733001,0.1354166666666666,0.0729166666666666,0.0572916666666666,0.734375
No regularization,adjusted,250092069002,0.4016973125884017,0.272984441301273,0.1768033946251768,0.1485148514851485
No regularization,adjusted,250251002002,0.4666666666666667,0.1142857142857142,0.2238095238095238,0.1952380952380952
No regularization,adjusted,250214181022,0.1063157894736842,0.091578947368421,0.2936842105263157,0.508421052631579
No regularization,adjusted,250235001011,0.1338709677419355,0.05,0.1967741935483871,0.6193548387096774
No regularization,adjusted,250235001013,0.116030534351145,0.1175572519083969,0.2152671755725191,0.5511450381679389
No regularization,adjusted,250173731001,0.050179211469534,0.057347670250896,0.1254480286738351,0.7670250896057348
No regularization,adjusted,250173731005,0.0264765784114052,0.0346232179226069,0.1670061099796334,0.7718940936863544
No regularization,adjusted,250173731004,0.0426229508196721,0.1147540983606557,0.0360655737704918,0.8065573770491803
No regularization,adjusted,250173731003,0.0,0.0634517766497461,0.583756345177665,0.3527918781725888
No regularization,adjusted,330150650052,0.1542857142857142,0.1314285714285714,0.3714285714285714,0.3428571428571428
No regularization,adjusted,330151031002,0.082375478927203,0.1034482758620689,0.2260536398467433,0.5881226053639846
No regularization,adjusted,250092108003,0.2284122562674094,0.1323119777158774,0.4958217270194986,0.1434540389972144
No regularization,adjusted,250092151011,0.0515463917525773,0.2048969072164948,0.2023195876288659,0.5412371134020618
No regularization,adjusted,250092065002,0.0970873786407767,0.4805825242718446,0.2491909385113268,0.1731391585760517
No regularization,adjusted,250092065003,0.7837837837837838,0.036036036036036,0.1148648648648648,0.0653153153153153
No regularization,adjusted,250092022004,0.0695443645083932,0.0,0.1798561151079136,0.750599520383693
No regularization,adjusted,250173344001,0.0,0.0,0.1365638766519823,0.8634361233480177
No regularization,adjusted,250173344004,0.0153482880755608,0.1227863046044864,0.2066115702479339,0.6552538370720189
No regularization,adjusted,330150560001,0.108153078202995,0.1181364392678868,0.3410981697171381,0.43261231281198
No regularization,adjusted,250092661001,0.0357142857142857,0.1071428571428571,0.1468253968253968,0.7103174603174603
No regularization,adjusted,250092106001,0.1491344873501997,0.081225033288948,0.3501997336884154,0.4194407456724368
No regularization,adjusted,250092106002,0.1778455284552845,0.1585365853658536,0.2713414634146341,0.3922764227642276
No regularization,adjusted,250092063002,0.0104529616724738,0.367595818815331,0.4738675958188153,0.1480836236933798
No regularization,adjusted,250173385001,0.0169851380042462,0.0339702760084925,0.1231422505307855,0.8259023354564756
No regularization,adjusted,250092233002,0.0440304826418289,0.0330228619813717,0.1795088907705334,0.7434377646062659
No regularization,adjusted,250173385003,0.0,0.0199004975124378,0.0497512437810945,0.9303482587064676
No regularization,adjusted,250092532012,0.17,0.1116666666666666,0.17,0.5483333333333333
No regularization,adjusted,250092532032,0.0666666666666666,0.0433333333333333,0.0583333333333333,0.8316666666666667
No regularization,adjusted,250235251012,0.0839303991811668,0.0962128966223132,0.2917093142272262,0.5281473899692938
No regularization,adjusted,250092532051,0.026284348864994,0.016726403823178,0.0908004778972521,0.8661887694145759
No regularization,adjusted,250092532052,0.0,0.0826446280991735,0.128099173553719,0.7892561983471075
No regularization,adjusted,250173383001,0.0,0.0707070707070707,0.2222222222222222,0.7070707070707071
No regularization,adjusted,250173383002,0.1291448516579406,0.1657940663176265,0.0715532286212914,0.6335078534031413
No regularization,adjusted,250092059001,0.2229007633587786,0.0503816793893129,0.3190839694656489,0.4076335877862595
No regularization,adjusted,250173381001,0.0396659707724425,0.0626304801670146,0.045929018789144,0.8517745302713987
No regularization,adjusted,250173381002,0.082942097026604,0.1533646322378716,0.1408450704225352,0.622848200312989
No regularization,adjusted,250173125013,0.1277108433734939,0.1975903614457831,0.2927710843373494,0.3819277108433735
No regularization,adjusted,250092057002,0.1236203090507726,0.1390728476821192,0.3267108167770419,0.4105960264900662
No regularization,adjusted,250092057005,0.024,0.148,0.418,0.41
No regularization,adjusted,250092526011,0.1605902777777778,0.1310763888888889,0.3133680555555556,0.3949652777777778
No regularization,adjusted,250092526023,0.0352112676056338,0.1584507042253521,0.2658450704225352,0.5404929577464789
No regularization,adjusted,250092141001,0.0,0.1118530884808013,0.1786310517529215,0.7095158597662772
No regularization,adjusted,250092141002,0.0924528301886792,0.030188679245283,0.1358490566037735,0.7415094339622641
No regularization,adjusted,250092141003,0.1635916359163591,0.1070110701107011,0.2017220172201722,0.5276752767527675
No regularization,adjusted,250092610002,0.0205371248025276,0.2037914691943128,0.4628751974723539,0.3127962085308057
No regularization,adjusted,250092610003,0.0649895178197065,0.1949685534591195,0.2180293501048218,0.5220125786163522
No regularization,adjusted,250173164004,0.0116959064327485,0.0160818713450292,0.3684210526315789,0.6038011695906432
No regularization,adjusted,250235202023,0.2644341801385681,0.0704387990762124,0.1547344110854503,0.5103926096997691
No regularization,adjusted,250173334002,0.0669456066945606,0.104602510460251,0.3305439330543933,0.497907949790795
No regularization,adjusted,250173547001,0.1411530815109344,0.0417495029821073,0.1212723658051689,0.6958250497017893
No regularization,adjusted,330150550011,0.1031073446327683,0.2344632768361582,0.2528248587570621,0.4096045197740113
No regularization,adjusted,250214081023,0.2527173913043478,0.1630434782608695,0.1277173913043478,0.4565217391304347
No regularization,adjusted,250092651012,0.0956937799043062,0.138755980861244,0.2296650717703349,0.5358851674641149
No regularization,adjusted,250092053001,0.1078431372549019,0.1456582633053221,0.1162464985994397,0.6302521008403361
No regularization,adjusted,250092651021,0.0175824175824175,0.1472527472527472,0.2637362637362637,0.5714285714285714
No regularization,adjusted,250235114001,0.0,0.1015228426395939,0.7715736040609137,0.1269035532994923
No regularization,adjusted,250173162022,0.0545454545454545,0.0654545454545454,0.2,0.68
No regularization,adjusted,250214421032,0.0789473684210526,0.0478468899521531,0.1100478468899521,0.7631578947368421
No regularization,adjusted,250250814001,0.3767605633802817,0.2183098591549295,0.1514084507042253,0.2535211267605634
No regularization,adjusted,250092606002,0.237037037037037,0.1037037037037037,0.1654320987654321,0.4938271604938271
No regularization,adjusted,250235071032,0.1097256857855361,0.084788029925187,0.0448877805486284,0.7605985037406484
No regularization,adjusted,250092051001,0.3136915077989601,0.1507798960138648,0.292894280762565,0.24263431542461
No regularization,adjusted,250092051003,0.1005917159763313,0.1538461538461538,0.2899408284023668,0.4556213017751479
No regularization,adjusted,250092051004,0.0,0.0915887850467289,0.2654205607476635,0.6429906542056075
No regularization,adjusted,250092051002,0.0,0.1095334685598377,0.5943204868154158,0.2961460446247465
No regularization,adjusted,250173373001,0.1098039215686274,0.088235294117647,0.3627450980392157,0.4392156862745098
No regularization,adjusted,250092221002,0.0484848484848484,0.1454545454545454,0.2545454545454545,0.5515151515151515
No regularization,adjusted,250173373002,0.1814814814814815,0.0,0.1962962962962963,0.6222222222222222
No regularization,adjusted,250173373003,0.1314741035856573,0.2151394422310757,0.2450199203187251,0.4083665338645418
No regularization,adjusted,250092221001,0.0989583333333333,0.0546875,0.2838541666666667,0.5625
No regularization,adjusted,250250003022,0.070528967254408,0.0629722921914357,0.3488664987405541,0.517632241813602
No regularization,adjusted,250092221003,0.0922098569157392,0.205087440381558,0.0906200317965023,0.6120826709062003
No regularization,adjusted,250214034003,0.0659340659340659,0.0402930402930402,0.0,0.8937728937728938
No regularization,adjusted,250173586004,0.1152263374485596,0.0,0.2880658436213992,0.5967078189300411
No regularization,adjusted,250092092002,0.0251798561151079,0.1618705035971223,0.1276978417266187,0.685251798561151
No regularization,adjusted,250092518003,0.0753138075313807,0.2644351464435146,0.2158995815899581,0.4443514644351464
No regularization,adjusted,250092518004,0.0675883256528417,0.1351766513056835,0.3010752688172043,0.4961597542242703
No regularization,adjusted,250214161013,0.0849056603773584,0.0,0.1084905660377358,0.8066037735849056
No regularization,adjusted,250173584004,0.0539083557951482,0.0485175202156334,0.059299191374663,0.8382749326145552
No regularization,adjusted,250092219012,0.0127737226277372,0.1642335766423357,0.3010948905109489,0.5218978102189781
No regularization,adjusted,250251707023,0.0991735537190082,0.1384297520661157,0.3822314049586777,0.3801652892561983
No regularization,adjusted,250092219022,0.0168539325842696,0.1938202247191011,0.3117977528089887,0.4775280898876404
No regularization,adjusted,250251707022,0.2872727272727273,0.1690909090909091,0.2036363636363636,0.34
No regularization,adjusted,250092516001,0.2069536423841059,0.1556291390728476,0.314569536423841,0.3228476821192053
No regularization,adjusted,250092516002,0.25,0.0992268041237113,0.5128865979381443,0.1378865979381443
No regularization,adjusted,250092047012,0.2448453608247422,0.172680412371134,0.2938144329896907,0.2886597938144329
No regularization,adjusted,250092047011,0.0,0.1326732673267326,0.0891089108910891,0.7782178217821782
No regularization,adjusted,250092047013,0.3428246013667426,0.0592255125284738,0.4738041002277904,0.1241457858769931
No regularization,adjusted,250092217002,0.0883116883116883,0.2376623376623376,0.2688311688311688,0.4051948051948052
No regularization,adjusted,250235022002,0.1885098743267504,0.052064631956912,0.3806104129263913,0.3788150807899461
No regularization,adjusted,250092131001,0.0,0.0338164251207729,0.1674718196457326,0.7987117552334944
No regularization,adjusted,250092131003,0.0,0.1331484049930651,0.0180305131761442,0.8488210818307905
No regularization,adjusted,250251705022,0.4799465240641711,0.28475935828877,0.1377005347593582,0.0975935828877005
No regularization,adjusted,250092514002,0.1508771929824561,0.1473684210526315,0.3508771929824561,0.3508771929824561
No regularization,adjusted,250235106003,0.0165975103734439,0.0850622406639004,0.2427385892116182,0.6556016597510373
No regularization,adjusted,250092215002,0.1708229426433915,0.1396508728179551,0.2668329177057356,0.4226932668329177
No regularization,adjusted,250173154011,0.0362400906002265,0.0815402038505096,0.4088335220838052,0.4733861834654587
No regularization,adjusted,250251404001,0.6657754010695187,0.0454545454545454,0.1390374331550802,0.1497326203208556
No regularization,adjusted,330150540002,0.082437275985663,0.1015531660692951,0.2461170848267622,0.5698924731182796
No regularization,adjusted,250173281002,0.0681198910081744,0.1362397820163488,0.1662125340599455,0.6294277929155313
No regularization,adjusted,250092172011,0.0289389067524115,0.135048231511254,0.180064308681672,0.6559485530546624
No regularization,adjusted,250092172012,0.1213832039520113,0.1263232180663373,0.2519407198306281,0.5003528581510233
No regularization,adjusted,250092172021,0.2229508196721311,0.140983606557377,0.0786885245901639,0.5573770491803278
No regularization,adjusted,250092172023,0.025735294117647,0.1470588235294117,0.3529411764705882,0.4742647058823529
No regularization,adjusted,250250507001,0.0935374149659864,0.2482993197278911,0.4744897959183674,0.1836734693877551
No regularization,adjusted,250214112004,0.1352657004830917,0.0410628019323671,0.2439613526570048,0.5797101449275363
No regularization,adjusted,250235108003,0.6728395061728395,0.2037037037037037,0.1234567901234567,0.0
No regularization,adjusted,250173748002,0.0412757973733583,0.0318949343339587,0.2720450281425891,0.6547842401500938
No regularization,adjusted,250251103011,0.0298507462686567,0.1318407960199005,0.5671641791044776,0.2711442786069651
No regularization,adjusted,250251402022,0.1411764705882353,0.2529411764705882,0.3137254901960784,0.292156862745098
No regularization,adjusted,250235102004,0.132829373650108,0.1339092872570194,0.357451403887689,0.3758099352051836
No regularization,adjusted,250092211001,0.2035928143712574,0.0344311377245509,0.3248502994011976,0.437125748502994
No regularization,adjusted,250173363003,0.0546075085324232,0.0870307167235494,0.1040955631399317,0.7542662116040956
No regularization,adjusted,250092041022,0.1392070484581497,0.2237885462555066,0.320704845814978,0.3162995594713656
No regularization,adjusted,250173363006,0.0,0.0,0.1468682505399568,0.8531317494600432
No regularization,adjusted,250173832001,0.3883357041251778,0.3485064011379801,0.1436699857752489,0.1194879089615931
No regularization,adjusted,250092082001,0.0,0.1348314606741573,0.4531835205992509,0.4119850187265917
No regularization,adjusted,250092082002,0.0325443786982248,0.0384615384615384,0.2248520710059171,0.7041420118343196
No regularization,adjusted,250092082003,0.3030612244897959,0.2724489795918367,0.2081632653061224,0.2163265306122449
No regularization,adjusted,250173746001,0.0,0.0092165898617511,0.1490015360983103,0.8417818740399385
No regularization,adjusted,250092506003,0.2719449225473322,0.423407917383821,0.1549053356282272,0.1497418244406196
No regularization,adjusted,250173871004,0.082004555808656,0.1548974943052392,0.3234624145785877,0.4396355353075171
No regularization,adjusted,250173871003,0.0271186440677966,0.0610169491525423,0.1932203389830508,0.7186440677966102
No regularization,adjusted,330151001001,0.065359477124183,0.059912854030501,0.2657952069716776,0.6089324618736384
No regularization,adjusted,250235012011,0.1157635467980295,0.0985221674876847,0.0886699507389162,0.6970443349753694
No regularization,adjusted,250235012012,0.066047471620227,0.0082559339525283,0.067079463364293,0.8586171310629515
No regularization,adjusted,330151001003,0.1236111111111111,0.0333333333333333,0.2097222222222222,0.6333333333333333
No regularization,adjusted,250173742003,0.0,0.1111111111111111,0.0202020202020202,0.8686868686868687
No regularization,adjusted,250173400002,0.173780487804878,0.1097560975609756,0.1341463414634146,0.5823170731707317
No regularization,adjusted,250251011024,0.316017316017316,0.341991341991342,0.0692640692640692,0.2727272727272727
No regularization,adjusted,250235309021,0.0634146341463414,0.1024390243902439,0.1963414634146341,0.6378048780487805
No regularization,adjusted,250235309022,0.0232288037166085,0.1300813008130081,0.389082462253194,0.4576074332171893
No regularization,adjusted,250214061023,0.0,0.0512048192771084,0.0421686746987951,0.9066265060240964
No regularization,adjusted,250173740001,0.1340996168582375,0.0153256704980842,0.2126436781609195,0.6379310344827587
No regularization,adjusted,250173740002,0.1160990712074303,0.1811145510835913,0.0913312693498452,0.6114551083591331
No regularization,adjusted,250092502001,0.1895861148197596,0.1829105473965287,0.3658210947930574,0.2616822429906542
No regularization,adjusted,250173738001,0.0237037037037037,0.0192592592592592,0.1111111111111111,0.845925925925926
No regularization,adjusted,250235221012,0.1341772151898734,0.0810126582278481,0.0784810126582278,0.7063291139240506
No regularization,adjusted,250214143003,0.0,0.0,0.1029702970297029,0.897029702970297
No regularization,adjusted,250235221022,0.1046698872785829,0.1417069243156199,0.1368760064412238,0.6167471819645732
No regularization,adjusted,250092543011,0.0630372492836676,0.0329512893982808,0.0931232091690544,0.8108882521489972
No regularization,adjusted,250092543012,0.0328358208955223,0.0164179104477611,0.1104477611940298,0.8402985074626865
No regularization,adjusted,250235305005,0.1424460431654676,0.1309352517985611,0.2676258992805755,0.4589928057553957
No regularization,adjusted,250092543022,0.023728813559322,0.0440677966101694,0.1050847457627118,0.8271186440677966
No regularization,adjusted,250173822002,0.0789946140035906,0.0179533213644524,0.1418312387791741,0.7612208258527827
No regularization,adjusted,250173353011,0.1711491442542787,0.0782396088019559,0.1540342298288508,0.5965770171149144
No regularization,adjusted,250173353021,0.2039660056657223,0.0198300283286118,0.2662889518413597,0.509915014164306
No regularization,adjusted,250173353022,0.0253968253968253,0.1428571428571428,0.2476190476190476,0.5841269841269842
No regularization,adjusted,250092541003,0.0960163432073544,0.1378958120531154,0.0602655771195097,0.7058222676200204
No regularization,adjusted,250092541004,0.0869565217391304,0.0652173913043478,0.2154150197628458,0.6324110671936759
No regularization,adjusted,250092541005,0.0,0.0582191780821917,0.1027397260273972,0.839041095890411
No regularization,adjusted,250251005005,0.2081545064377682,0.3497854077253219,0.1909871244635193,0.2510729613733906
No regularization,adjusted,250214141004,0.0487062404870624,0.0776255707762557,0.1491628614916286,0.7245053272450532
No regularization,adjusted,250173181004,0.0,0.0375375375375375,0.2762762762762762,0.6861861861861862
No regularization,adjusted,250173351002,0.0754716981132075,0.080188679245283,0.2594339622641509,0.5849056603773585
No regularization,adjusted,250173564006,0.1041666666666666,0.0,0.0859375,0.8098958333333334
No regularization,adjusted,250173564007,0.0486111111111111,0.125,0.1458333333333333,0.6805555555555556
No regularization,adjusted,250173564008,0.1049822064056939,0.0676156583629893,0.1530249110320284,0.6743772241992882
No regularization,adjusted,250092113001,0.0561797752808988,0.0948813982521847,0.097378277153558,0.7515605493133583
No regularization,adjusted,250173734001,0.10375,0.13,0.0725,0.69375
No regularization,adjusted,250214225012,0.2305529522024367,0.1836925960637301,0.2924086223055295,0.2933458294283037
No regularization,adjusted,250173392006,0.0,0.1376404494382022,0.1629213483146067,0.699438202247191
No regularization,adjusted,250092111001,0.25,0.2709923664122137,0.1679389312977099,0.3110687022900763
No regularization,adjusted,250173732003,0.0504451038575667,0.0474777448071216,0.1958456973293768,0.7062314540059347
No regularization,adjusted,250214051001,0.0161943319838056,0.0701754385964912,0.0512820512820512,0.8623481781376519
No regularization,adjusted,250214221001,0.0942307692307692,0.1826923076923076,0.273076923076923,0.45
No regularization,adjusted,250092109001,0.0818181818181818,0.2727272727272727,0.2836363636363636,0.3618181818181818
No regularization,adjusted,250092621003,0.2166666666666666,0.2740740740740741,0.224074074074074,0.2851851851851852
No regularization,adjusted,250092621001,0.0,0.5153846153846153,0.2538461538461538,0.2307692307692307
No regularization,adjusted,250250104032,0.4293680297397769,0.3401486988847583,0.1654275092936803,0.0650557620817843
No regularization,adjusted,250214178021,0.1691542288557214,0.2172470978441127,0.3366500829187396,0.2769485903814262
No regularization,adjusted,250092107002,0.1896551724137931,0.4236453201970443,0.3423645320197044,0.0443349753694581
No regularization,adjusted,250214561022,0.0705052878965922,0.1586368977673325,0.2843713278495887,0.4864864864864865
No regularization,adjusted,250235082001,0.0161290322580645,0.1359447004608295,0.1152073732718894,0.7327188940092166
No regularization,adjusted,250092021011,0.0375426621160409,0.2969283276450511,0.2218430034129692,0.4436860068259385
No regularization,adjusted,250092021012,0.0198019801980198,0.0759075907590759,0.2475247524752475,0.6567656765676567
No regularization,adjusted,250214176022,0.1854460093896713,0.1443661971830986,0.1431924882629108,0.5269953051643192
No regularization,adjusted,250214176023,0.3480791618160652,0.1350407450523865,0.189755529685681,0.3271245634458672
No regularization,adjusted,250173343001,0.0216049382716049,0.0617283950617283,0.125,0.7916666666666666
No regularization,adjusted,250173343002,0.0393939393939393,0.0848484848484848,0.1727272727272727,0.703030303030303
No regularization,adjusted,250173343003,0.1199400299850075,0.0779610194902548,0.1409295352323838,0.6611694152923538
No regularization,adjusted,250173173021,0.1403508771929824,0.0733652312599681,0.2727272727272727,0.5135566188197768
No regularization,adjusted,250092062001,0.0398406374501992,0.0358565737051792,0.5856573705179283,0.3386454183266932
No regularization,adjusted,250173683004,0.0315398886827458,0.1094619666048237,0.424860853432282,0.4341372912801484
No regularization,adjusted,250173384001,0.0146520146520146,0.0329670329670329,0.0549450549450549,0.8974358974358975
No regularization,adjusted,250173384002,0.0,0.0,0.0652173913043478,0.9347826086956522
No regularization,adjusted,250173341001,0.0536912751677852,0.1463087248322147,0.1422818791946308,0.6577181208053692
No regularization,adjusted,250173341003,0.0,0.0914076782449725,0.1663619744058501,0.7422303473491774
No regularization,adjusted,250235252042,0.0190114068441064,0.0570342205323193,0.3517110266159696,0.5722433460076045
No regularization,adjusted,250235252041,0.0144,0.0128,0.1344,0.8384
No regularization,adjusted,250092101001,0.0791304347826087,0.1165217391304347,0.2565217391304348,0.5478260869565217
No regularization,adjusted,250092101004,0.0,0.032258064516129,0.1915322580645161,0.7762096774193549
No regularization,adjusted,250250821003,0.4271457085828343,0.1946107784431137,0.1736526946107784,0.2045908183632734
No regularization,adjusted,250092058002,0.2852233676975945,0.1752577319587628,0.2405498281786941,0.2989690721649484
No regularization,adjusted,250092058003,0.1919831223628691,0.2362869198312236,0.2848101265822785,0.2869198312236287
No regularization,adjusted,250092056001,0.4593175853018372,0.3149606299212598,0.0971128608923884,0.1286089238845144
No regularization,adjusted,250173165004,0.064516129032258,0.2379032258064516,0.3870967741935484,0.3104838709677419
No regularization,adjusted,250235117011,0.1652892561983471,0.0991735537190082,0.2438016528925619,0.4917355371900826
No regularization,adjusted,250092525012,0.1719298245614035,0.287719298245614,0.1543859649122807,0.3859649122807017
No regularization,adjusted,250092525011,0.1020642201834862,0.1892201834862385,0.3807339449541284,0.3279816513761467
No regularization,adjusted,250251202012,0.3125,0.1282894736842105,0.1644736842105263,0.3947368421052631
No regularization,adjusted,250235031013,0.1106941838649155,0.0,0.150093808630394,0.7392120075046904
No regularization,adjusted,250235201001,0.0884450784593438,0.1925820256776034,0.1198288159771754,0.5991440798858774
No regularization,adjusted,250092609003,0.2886075949367088,0.3493670886075949,0.1848101265822785,0.1772151898734177
No regularization,adjusted,250235031022,0.037109375,0.02734375,0.08984375,0.845703125
No regularization,adjusted,250235031023,0.0,0.0293040293040293,0.1098901098901098,0.8608058608058609
No regularization,adjusted,250092054003,0.0405982905982906,0.1089743589743589,0.1581196581196581,0.6923076923076923
No regularization,adjusted,250173335021,0.1017173051519154,0.3381770145310436,0.2417437252311756,0.3183619550858652
No regularization,adjusted,250092011001,0.0512129380053908,0.1563342318059299,0.2048517520215633,0.5876010781671159
No regularization,adjusted,250173163005,0.0,0.0,0.3235955056179775,0.6764044943820224
No regularization,adjusted,250214123001,0.1151079136690647,0.0402877697841726,0.0906474820143884,0.753956834532374
No regularization,adjusted,250092181004,0.0746634026927784,0.0379436964504283,0.1395348837209302,0.7478580171358629
No regularization,adjusted,250092181001,0.0,0.0100250626566416,0.1654135338345864,0.8245614035087719
No regularization,adjusted,250092607001,0.1892147587511826,0.2544938505203405,0.2923368022705771,0.2639545884578997
No regularization,adjusted,330151061021,0.056772100567721,0.0381184103811841,0.2206001622060016,0.6845093268450932
No regularization,adjusted,250092052002,0.0820895522388059,0.0373134328358208,0.2412935323383084,0.6393034825870647
No regularization,adjusted,250092052005,0.0641025641025641,0.0,0.5683760683760684,0.3675213675213675
No regularization,adjusted,250250004011,0.0,0.0494623655913978,0.5494623655913978,0.4010752688172043
No regularization,adjusted,250214121003,0.0406290956749672,0.0327653997378768,0.0602883355176933,0.8663171690694627
No regularization,adjusted,250235113013,0.059171597633136,0.378698224852071,0.2402366863905325,0.3218934911242603
No regularization,adjusted,250250004023,0.0477941176470588,0.025735294117647,0.2867647058823529,0.6397058823529411
No regularization,adjusted,250092521021,0.0185185185185185,0.037037037037037,0.2407407407407407,0.7037037037037037
No regularization,adjusted,250092521023,0.0135135135135135,0.1756756756756756,0.3074324324324324,0.5033783783783784
No regularization,adjusted,250092605002,0.032258064516129,0.0403225806451612,0.3306451612903225,0.5967741935483871
No regularization,adjusted,250235111001,0.0553097345132743,0.1725663716814159,0.5033185840707964,0.2688053097345133
No regularization,adjusted,250251708004,0.21580547112462,0.1489361702127659,0.4194528875379939,0.21580547112462
No regularization,adjusted,250173372012,0.0515463917525773,0.0412371134020618,0.190721649484536,0.7164948453608248
No regularization,adjusted,250173372021,0.0261682242990654,0.1644859813084112,0.1327102803738317,0.6766355140186916
No regularization,adjusted,250092091003,0.0565068493150684,0.1232876712328767,0.148972602739726,0.6712328767123288
No regularization,adjusted,250092517001,0.0619578686493184,0.1648079306071871,0.1945477075588599,0.5786864931846345
No regularization,adjusted,250214203023,0.0688405797101449,0.25,0.3768115942028985,0.3043478260869565
No regularization,adjusted,330150670001,0.0437158469945355,0.0846994535519125,0.1038251366120218,0.76775956284153
No regularization,adjusted,250092046002,0.0651801029159519,0.0651801029159519,0.3447684391080617,0.5248713550600344
No regularization,adjusted,250173155005,0.0799220272904483,0.1773879142300194,0.1773879142300194,0.5653021442495126
No regularization,adjusted,250173837001,0.1618122977346278,0.2168284789644013,0.0388349514563106,0.5825242718446602
No regularization,adjusted,250092173002,0.261501210653753,0.1694915254237288,0.1210653753026634,0.4479418886198547
No regularization,adjusted,250173581003,0.0148975791433892,0.0,0.0782122905027933,0.9068901303538176
No regularization,adjusted,250173411021,0.3029100529100529,0.1402116402116402,0.1865079365079365,0.3703703703703703
No regularization,adjusted,250235021011,0.0891530460624071,0.075780089153046,0.2080237741456166,0.6270430906389302
No regularization,adjusted,250235021021,0.0401188707280832,0.1203566121842496,0.2362555720653789,0.6032689450222882
No regularization,adjusted,250092044001,0.1052631578947368,0.097165991902834,0.3562753036437247,0.4412955465587044
No regularization,adjusted,250173323001,0.0286624203821656,0.0,0.1656050955414012,0.8057324840764332
No regularization,adjusted,250173323003,0.0798319327731092,0.1491596638655462,0.203781512605042,0.5672268907563025
No regularization,adjusted,250173323004,0.1617418351477449,0.1073094867807153,0.093312597200622,0.6376360808709176
No regularization,adjusted,330151051004,0.0905882352941176,0.1070588235294117,0.3152941176470588,0.4870588235294117
No regularization,adjusted,250251403006,0.3023872679045092,0.0185676392572944,0.6790450928381963,0.0
No regularization,adjusted,250173835013,0.0643564356435643,0.0742574257425742,0.2599009900990099,0.6014851485148515
No regularization,adjusted,250214412041,0.0444162436548223,0.0583756345177665,0.2246192893401015,0.6725888324873096
No regularization,adjusted,250214197002,0.1408573928258967,0.1006124234470691,0.0936132983377077,0.6649168853893264
No regularization,adjusted,250092042003,0.0737951807228915,0.1506024096385542,0.4051204819277108,0.3704819277108434
No regularization,adjusted,250251106072,0.0495626822157434,0.0510204081632653,0.2099125364431487,0.6895043731778425
No regularization,adjusted,250173833002,0.1106500691562932,0.0442600276625172,0.326417704011065,0.5186721991701245
No regularization,adjusted,250173364024,0.1453590192644483,0.138353765323993,0.0227670753064798,0.6935201401050788
No regularization,adjusted,250214195001,0.0470219435736677,0.1253918495297805,0.231974921630094,0.5956112852664577
No regularization,adjusted,250214195002,0.0682926829268292,0.0646341463414634,0.1378048780487805,0.7292682926829268
No regularization,adjusted,250251401021,0.2288329519450801,0.137299771167048,0.1624713958810068,0.4713958810068649
No regularization,adjusted,250235101001,0.1669865642994241,0.1477927063339731,0.2476007677543186,0.437619961612284
No regularization,adjusted,250173661004,0.1912087912087912,0.0681318681318681,0.0,0.7406593406593407
No regularization,adjusted,250251401051,0.1818181818181818,0.0973111395646607,0.3252240717029449,0.3956466069142125
No regularization,adjusted,250173106021,0.0775656324582338,0.0214797136038186,0.4009546539379475,0.5
No regularization,adjusted,250235441001,0.1402985074626865,0.1522388059701492,0.2567164179104477,0.4507462686567164
No regularization,adjusted,250250801001,0.3925,0.3025,0.1175,0.1875
No regularization,adjusted,250173745003,0.0981818181818181,0.0,0.1563636363636363,0.7454545454545455
No regularization,adjusted,250235441003,0.0641791044776119,0.108955223880597,0.4104477611940298,0.4164179104477612
No regularization,adjusted,250092081011,0.1484375,0.1796875,0.2942708333333333,0.3776041666666667
No regularization,adjusted,250092081013,0.0307262569832402,0.1927374301675977,0.2402234636871508,0.5363128491620112
No regularization,adjusted,250092081014,0.0681818181818181,0.0700757575757575,0.2954545454545454,0.5662878787878788
No regularization,adjusted,250092081012,0.2063732928679817,0.1760242792109256,0.2655538694992412,0.3520485584218513
No regularization,adjusted,250092081021,0.0542168674698795,0.144578313253012,0.3373493975903614,0.463855421686747
No regularization,adjusted,250173573002,0.1362799263351749,0.0736648250460405,0.2025782688766114,0.5874769797421732
No regularization,adjusted,330151002003,0.0930232558139534,0.3054263565891473,0.2263565891472868,0.3751937984496124
No regularization,adjusted,250214191001,0.146,0.172,0.112,0.57
No regularization,adjusted,250214021022,0.2022471910112359,0.0876404494382022,0.3707865168539326,0.3393258426966292
No regularization,adjusted,250092505003,0.2576687116564417,0.2494887525562372,0.492842535787321,0.0
No regularization,adjusted,250235011013,0.0790960451977401,0.2231638418079096,0.019774011299435,0.6779661016949152
No regularization,adjusted,250235011023,0.0179257362355953,0.0704225352112676,0.0448143405889884,0.8668373879641486
No regularization,adjusted,250235011024,0.0646698434309053,0.0585432266848196,0.2716133424098025,0.6051735874744725
No regularization,adjusted,250251010011,0.0,0.0609756097560975,0.3373983739837398,0.6016260162601627
No regularization,adjusted,250251010013,0.3296213808463251,0.1759465478841871,0.4142538975501114,0.0801781737193764
No regularization,adjusted,250251010016,0.0139616055846422,0.2321116928446771,0.1553228621291448,0.5986038394415357
No regularization,adjusted,250250924001,0.0859375,0.33984375,0.29296875,0.28125
No regularization,adjusted,250173143011,0.1057367829021372,0.2395950506186726,0.2103487064116985,0.4443194600674915
No regularization,adjusted,250173143013,0.0344827586206896,0.0702917771883289,0.2055702917771883,0.6896551724137931
No regularization,adjusted,250173143015,0.1077844311377245,0.2904191616766467,0.1027944111776447,0.499001996007984
No regularization,unadjusted,250251008001,0.1013215859030837,0.2599118942731278,0.2951541850220264,0.3436123348017621
No regularization,unadjusted,250251008002,0.0332225913621262,0.0996677740863787,0.3006644518272425,0.5664451827242525
No regularization,unadjusted,250092032002,0.0,0.0934579439252336,0.3052959501557632,0.6012461059190031
No regularization,unadjusted,330170880001,0.1269349845201238,0.1486068111455108,0.2755417956656347,0.4489164086687306
No regularization,unadjusted,250251008005,0.1458885941644562,0.1803713527851458,0.246684350132626,0.4270557029177719
No regularization,unadjusted,250251008006,0.227176220806794,0.3375796178343949,0.1210191082802547,0.3142250530785562
No regularization,unadjusted,330170880003,0.0851581508515815,0.1277372262773722,0.2956204379562044,0.4914841849148418
No regularization,unadjusted,250214101001,0.2331691297208538,0.1280788177339901,0.2052545155993431,0.4334975369458128
No regularization,unadjusted,250092544011,0.0,0.1581632653061224,0.1607142857142857,0.6811224489795918
No regularization,unadjusted,250214101002,0.1603053435114503,0.1017811704834605,0.4173027989821883,0.3206106870229007
No regularization,unadjusted,250250922001,0.0716723549488054,0.1331058020477815,0.2320819112627986,0.5631399317406144
No regularization,unadjusted,250173354002,0.0314049586776859,0.171900826446281,0.2115702479338843,0.5851239669421487
No regularization,unadjusted,250250922003,0.1759259259259259,0.1388888888888889,0.2530864197530864,0.4320987654320987
No regularization,unadjusted,250250922004,0.1810344827586207,0.3232758620689655,0.3534482758620689,0.1422413793103448
No regularization,unadjusted,250173354001,0.032258064516129,0.1397849462365591,0.0875576036866359,0.7403993855606759
No regularization,unadjusted,250235306004,0.0601001669449081,0.1168614357262103,0.2303839732888147,0.5926544240400667
No regularization,unadjusted,330150697003,0.0329113924050632,0.1215189873417721,0.2354430379746835,0.610126582278481
No regularization,unadjusted,250092542001,0.1892857142857142,0.1285714285714285,0.3035714285714285,0.3785714285714285
No regularization,unadjusted,250092542002,0.2681940700808625,0.0471698113207547,0.1886792452830188,0.4959568733153638
No regularization,unadjusted,250251006014,0.3234672304439746,0.0,0.2188160676532769,0.4577167019027484
No regularization,unadjusted,250235091011,0.0119880119880119,0.4375624375624375,0.1268731268731268,0.4235764235764235
No regularization,unadjusted,250250920003,0.0561797752808988,0.1573033707865168,0.2584269662921348,0.5280898876404494
No regularization,unadjusted,250235261003,0.1399491094147582,0.1017811704834605,0.4758269720101781,0.2824427480916031
No regularization,unadjusted,250235261004,0.320839580209895,0.1904047976011994,0.2338830584707646,0.2548725637181409
No regularization,unadjusted,250251004002,0.2031662269129287,0.1319261213720316,0.1662269129287599,0.4986807387862796
No regularization,unadjusted,250251004003,0.1951219512195122,0.0619136960600375,0.2120075046904315,0.5309568480300187
No regularization,unadjusted,250251004004,0.1070559610705596,0.2335766423357664,0.1776155717761557,0.4817518248175182
No regularization,unadjusted,250092114021,0.031578947368421,0.0631578947368421,0.1488721804511278,0.7563909774436091
No regularization,unadjusted,250092114022,0.0904761904761904,0.1952380952380952,0.3892857142857143,0.325
No regularization,unadjusted,250092114024,0.0,0.0462046204620462,0.396039603960396,0.5577557755775577
No regularization,unadjusted,250235601001,0.0729783037475345,0.1715976331360946,0.2366863905325443,0.5187376725838264
No regularization,unadjusted,250235601002,0.0,0.0,0.7905138339920948,0.2094861660079051
No regularization,unadjusted,250235601003,0.0184397163120567,0.2297872340425532,0.1602836879432624,0.5914893617021276
No regularization,unadjusted,250235601005,0.1136363636363636,0.0454545454545454,0.0454545454545454,0.7954545454545454
No regularization,unadjusted,250235601006,0.025695931477516,0.0171306209850107,0.5139186295503212,0.443254817987152
No regularization,unadjusted,250250918001,0.4388111888111888,0.1590909090909091,0.1835664335664335,0.2185314685314685
No regularization,unadjusted,250173733003,0.0215311004784689,0.0813397129186602,0.1961722488038277,0.7009569377990431
No regularization,unadjusted,250250916001,0.1792294807370184,0.0251256281407035,0.4271356783919598,0.3685092127303183
No regularization,unadjusted,330150691002,0.0276752767527675,0.0977859778597785,0.3007380073800738,0.5738007380073801
No regularization,unadjusted,330150691003,0.2874015748031496,0.1377952755905512,0.2303149606299212,0.3444881889763779
No regularization,unadjusted,250092067004,0.3942307692307692,0.2836538461538461,0.2003205128205128,0.1217948717948717
No regularization,unadjusted,330151074001,0.0526315789473684,0.1473684210526315,0.2473684210526315,0.5526315789473685
No regularization,unadjusted,330151074002,0.0612244897959183,0.0530612244897959,0.3265306122448979,0.5591836734693878
No regularization,unadjusted,250235001043,0.0,0.1685082872928177,0.5,0.3314917127071823
No regularization,unadjusted,250092108002,0.2258566978193146,0.1853582554517134,0.4454828660436137,0.1433021806853582
No regularization,unadjusted,250092022001,0.0,0.0492957746478873,0.2112676056338028,0.7394366197183099
No regularization,unadjusted,250092022002,0.0375203915171288,0.0244698205546492,0.3262642740619902,0.6117455138662317
No regularization,unadjusted,250092022003,0.0578512396694214,0.0,0.3429752066115702,0.5991735537190083
No regularization,unadjusted,250173686005,0.0678260869565217,0.1252173913043478,0.128695652173913,0.6782608695652174
No regularization,unadjusted,250092022006,0.1415770609318996,0.1075268817204301,0.1057347670250896,0.6451612903225806
No regularization,unadjusted,250173344002,0.1344307270233196,0.1083676268861454,0.2304526748971193,0.5267489711934157
No regularization,unadjusted,250173344003,0.0919037199124726,0.161925601750547,0.3522975929978118,0.3938730853391685
No regularization,unadjusted,250214091022,0.0385093167701863,0.008695652173913,0.1838509316770186,0.768944099378882
No regularization,unadjusted,250092532011,0.0575916230366492,0.2408376963350785,0.212914485165794,0.4886561954624782
No regularization,unadjusted,250173342001,0.0440771349862259,0.0440771349862259,0.1955922865013774,0.7162534435261708
No regularization,unadjusted,250173342002,0.0476190476190476,0.1079365079365079,0.3015873015873015,0.5428571428571428
No regularization,unadjusted,250235081012,0.0,0.1219512195121951,0.0842572062084257,0.7937915742793792
No regularization,unadjusted,250173342004,0.1393442622950819,0.0942622950819672,0.2377049180327868,0.5286885245901639
No regularization,unadjusted,250235081014,0.0429752066115702,0.0892561983471074,0.1074380165289256,0.7603305785123967
No regularization,unadjusted,250235081015,0.0422885572139303,0.0895522388059701,0.263681592039801,0.6044776119402985
No regularization,unadjusted,250092532024,0.1448275862068965,0.1387931034482758,0.4275862068965517,0.2887931034482758
No regularization,unadjusted,250092532023,0.4472573839662447,0.040084388185654,0.0316455696202531,0.4810126582278481
No regularization,unadjusted,250235081021,0.0397805212620027,0.0589849108367626,0.2976680384087791,0.6035665294924554
No regularization,unadjusted,250092532031,0.0804597701149425,0.1685823754789272,0.0651340996168582,0.685823754789272
No regularization,unadjusted,250092532041,0.0929095354523227,0.0366748166259168,0.1662591687041564,0.7041564792176039
No regularization,unadjusted,250092532042,0.1886792452830188,0.0440251572327044,0.1635220125786163,0.6037735849056604
No regularization,unadjusted,250092532043,0.1142191142191142,0.0209790209790209,0.1981351981351981,0.6666666666666666
No regularization,unadjusted,250092061002,0.2248157248157248,0.2113022113022113,0.3992628992628992,0.1646191646191646
No regularization,unadjusted,250235421012,0.0139458572600492,0.2969647251845775,0.2846595570139458,0.4044298605414274
No regularization,unadjusted,250173383003,0.2777777777777778,0.0268199233716475,0.1034482758620689,0.5919540229885057
No regularization,unadjusted,250092102002,0.0648148148148148,0.074074074074074,0.2037037037037037,0.6574074074074074
No regularization,unadjusted,250092102003,0.0241116751269035,0.1269035532994923,0.182741116751269,0.666243654822335
No regularization,unadjusted,250092059002,0.261455525606469,0.1913746630727762,0.4070080862533692,0.1401617250673854
No regularization,unadjusted,250092059003,0.2772925764192139,0.1877729257641921,0.2816593886462882,0.2532751091703056
No regularization,unadjusted,250251801013,0.5510688836104513,0.0356294536817102,0.1306413301662707,0.2826603325415677
No regularization,unadjusted,250173123003,0.1017369727047146,0.0769230769230769,0.575682382133995,0.2456575682382134
No regularization,unadjusted,250173422011,0.1877828054298642,0.2149321266968326,0.3438914027149321,0.253393665158371
No regularization,unadjusted,250173422012,0.1789709172259508,0.1521252796420581,0.6196868008948546,0.0492170022371364
No regularization,unadjusted,250250904002,0.3830734966592428,0.0979955456570155,0.2249443207126948,0.2939866369710467
No regularization,unadjusted,330151064002,0.0944963655244029,0.1235721703011422,0.3738317757009345,0.4080996884735202
No regularization,unadjusted,250092055001,0.1863636363636363,0.1693181818181818,0.2613636363636363,0.3829545454545454
No regularization,unadjusted,330170860002,0.0556309362279511,0.0881953867028493,0.2510176390773406,0.6051560379918589
No regularization,unadjusted,330151062001,0.1365914786967418,0.2468671679197994,0.4711779448621553,0.1453634085213032
No regularization,unadjusted,250173334003,0.0649350649350649,0.0,0.262987012987013,0.672077922077922
No regularization,unadjusted,330151062003,0.1544117647058823,0.3088235294117647,0.2696078431372549,0.267156862745098
No regularization,unadjusted,250173334005,0.0,0.0354609929078014,0.4964539007092198,0.4680851063829787
No regularization,unadjusted,330151062002,0.0677966101694915,0.1016949152542373,0.1728813559322033,0.6576271186440678
No regularization,unadjusted,330151062004,0.2478991596638655,0.2626050420168067,0.2710084033613445,0.2184873949579832
No regularization,unadjusted,330150038011,0.0,0.0549273021001615,0.258481421647819,0.6865912762520194
No regularization,unadjusted,250214081022,0.0264623955431754,0.1142061281337047,0.2855153203342618,0.5738161559888579
No regularization,unadjusted,250092608001,0.2870264064293915,0.2835820895522388,0.2411021814006888,0.1882893226176808
No regularization,unadjusted,330150038021,0.0237825594563986,0.101925254813137,0.232163080407701,0.6421291053227633
No regularization,unadjusted,250092053002,0.0900621118012422,0.1925465838509316,0.2204968944099379,0.4968944099378882
No regularization,unadjusted,250173418001,0.192,0.056,0.4586666666666666,0.2933333333333333
No regularization,unadjusted,250235114002,0.1878980891719745,0.1273885350318471,0.5286624203821656,0.1560509554140127
No regularization,unadjusted,250214421012,0.020297699594046,0.0378890392422192,0.155615696887686,0.7861975642760487
No regularization,unadjusted,250173119002,0.5748930099857347,0.1968616262482168,0.1440798858773181,0.0841654778887303
No regularization,unadjusted,250092522012,0.0171990171990172,0.242014742014742,0.3071253071253071,0.4336609336609336
No regularization,unadjusted,250173332001,0.0563583815028901,0.1228323699421965,0.2138728323699422,0.6069364161849711
No regularization,unadjusted,250173332004,0.1963302752293578,0.1192660550458715,0.1412844036697247,0.5431192660550459
No regularization,unadjusted,250235071013,0.0578661844484629,0.0940325497287522,0.0560578661844484,0.7920433996383364
No regularization,unadjusted,250092522021,0.0268987341772151,0.0284810126582278,0.2626582278481013,0.6819620253164557
No regularization,unadjusted,250092522022,0.0476190476190476,0.2653061224489796,0.1802721088435374,0.5068027210884354
No regularization,unadjusted,250235454003,0.0672268907563025,0.1974789915966386,0.4747899159663865,0.2605042016806723
No regularization,unadjusted,250235454004,0.4600484261501211,0.1016949152542373,0.397094430992736,0.0411622276029055
No regularization,unadjusted,250235454005,0.1651612903225806,0.3883870967741935,0.2761290322580645,0.1703225806451613
No regularization,unadjusted,250235411001,0.010062893081761,0.0729559748427673,0.3358490566037735,0.5811320754716981
No regularization,unadjusted,250235411003,0.0676855895196506,0.0393013100436681,0.3733624454148471,0.519650655021834
No regularization,unadjusted,250235071041,0.0436974789915966,0.0436974789915966,0.1596638655462184,0.7529411764705882
No regularization,unadjusted,250173416003,0.0659793814432989,0.1092783505154639,0.1958762886597938,0.6288659793814433
No regularization,unadjusted,250250003014,0.0474683544303797,0.0822784810126582,0.2816455696202531,0.5886075949367089
No regularization,unadjusted,250250003021,0.0508806262230919,0.1526418786692759,0.2798434442270058,0.5166340508806262
No regularization,unadjusted,250235452003,0.1165865384615384,0.2668269230769231,0.235576923076923,0.3810096153846153
No regularization,unadjusted,250092092004,0.0,0.0319829424307036,0.1023454157782516,0.8656716417910447
No regularization,unadjusted,250235452004,0.2021621621621621,0.2864864864864865,0.254054054054054,0.2572972972972973
No regularization,unadjusted,250235452002,0.1141226818830242,0.0485021398002853,0.4236804564907275,0.4136947218259629
No regularization,unadjusted,250173414002,0.0,0.3264462809917355,0.2355371900826446,0.4380165289256198
No regularization,unadjusted,250092604022,0.0458333333333333,0.2333333333333333,0.2083333333333333,0.5125
No regularization,unadjusted,250235110002,0.3464696223316913,0.277504105090312,0.2791461412151067,0.0968801313628899
No regularization,unadjusted,250173883001,0.7151979565772669,0.1583652618135377,0.1264367816091954,0.0
No regularization,unadjusted,250173584002,0.1037344398340249,0.0809128630705394,0.2385892116182572,0.5767634854771784
No regularization,unadjusted,250173584003,0.0833333333333333,0.0721153846153846,0.1137820512820512,0.7307692307692307
No regularization,unadjusted,250173371011,0.0504201680672268,0.0525210084033613,0.1491596638655462,0.7478991596638656
No regularization,unadjusted,250092219011,0.1981651376146789,0.0862385321100917,0.2807339449541284,0.4348623853211009
No regularization,unadjusted,250173371022,0.0766062602965403,0.1112026359143327,0.2611202635914332,0.5510708401976936
No regularization,unadjusted,250251707025,0.5325884543761639,0.2290502793296089,0.0633147113594041,0.1750465549348231
No regularization,unadjusted,250092602001,0.1524663677130044,0.4409566517189835,0.2137518684603886,0.1928251121076233
No regularization,unadjusted,250251707024,0.0454545454545454,0.2210743801652892,0.5082644628099173,0.2252066115702479
No regularization,unadjusted,250250511011,0.0431547619047619,0.1875,0.3571428571428571,0.4122023809523809
No regularization,unadjusted,250214202023,0.0801033591731266,0.1085271317829457,0.2751937984496124,0.5361757105943152
No regularization,unadjusted,250235108006,0.011686143572621,0.2287145242070117,0.4958263772954925,0.2637729549248748
No regularization,unadjusted,250173113001,0.270516717325228,0.1641337386018237,0.4802431610942249,0.0851063829787234
No regularization,unadjusted,250173113002,0.163135593220339,0.1652542372881356,0.2817796610169492,0.3898305084745763
No regularization,unadjusted,250235108005,0.382716049382716,0.0329218106995884,0.5102880658436214,0.074074074074074
No regularization,unadjusted,250235108004,0.0494233937397034,0.385502471169687,0.3476112026359143,0.2174629324546952
No regularization,unadjusted,250092047022,0.1936936936936936,0.3536036036036036,0.1328828828828828,0.3198198198198198
No regularization,unadjusted,250173838003,0.0,0.0796703296703296,0.2005494505494505,0.7197802197802198
No regularization,unadjusted,250173838005,0.0,0.1208053691275167,0.2080536912751678,0.6711409395973155
No regularization,unadjusted,250250808012,0.4579172610556348,0.1269614835948644,0.2667617689015691,0.1483594864479315
No regularization,unadjusted,250250509011,0.0349040139616055,0.2146596858638743,0.2774869109947644,0.4729493891797556
No regularization,unadjusted,250250509012,0.0612244897959183,0.0326530612244898,0.4122448979591837,0.4938775510204081
No regularization,unadjusted,250092514003,0.2197802197802197,0.36996336996337,0.2637362637362637,0.1465201465201465
No regularization,unadjusted,250173111002,0.1384615384615384,0.1738461538461538,0.3553846153846154,0.3323076923076923
No regularization,unadjusted,330150540001,0.0374531835205992,0.0898876404494382,0.2784019975031211,0.5942571785268415
No regularization,unadjusted,250173836003,0.1018957345971564,0.183649289099526,0.25,0.4644549763033175
No regularization,unadjusted,250173836004,0.0294573643410852,0.0868217054263565,0.4031007751937984,0.4806201550387597
No regularization,unadjusted,250173154022,0.0367231638418079,0.134180790960452,0.327683615819209,0.501412429378531
No regularization,unadjusted,250173836001,0.0077220077220077,0.0617760617760617,0.2754182754182754,0.6550836550836551
No regularization,unadjusted,250251404003,0.3850746268656716,0.1731343283582089,0.0,0.4417910447761194
No regularization,unadjusted,250251105012,0.0710900473933649,0.1911532385466035,0.1453396524486571,0.5924170616113744
No regularization,unadjusted,250250507002,0.1140684410646387,0.2015209125475285,0.4866920152091255,0.1977186311787072
No regularization,unadjusted,250250507003,0.065040650406504,0.2256097560975609,0.2276422764227642,0.4817073170731707
No regularization,unadjusted,250092043002,0.5062146892655367,0.2598870056497175,0.1344632768361582,0.0994350282485875
No regularization,unadjusted,250251105022,0.2130518234165067,0.0998080614203454,0.1852207293666027,0.5019193857965452
No regularization,unadjusted,250235108002,0.2454545454545454,0.0,0.2863636363636364,0.4681818181818182
No regularization,unadjusted,250092213001,0.0,0.2465897166841553,0.3200419727177335,0.4333683105981112
No regularization,unadjusted,250235061022,0.0405405405405405,0.0,0.2297297297297297,0.7297297297297297
No regularization,unadjusted,250250505001,0.049,0.223,0.271,0.457
No regularization,unadjusted,330170846001,0.2321285140562249,0.072289156626506,0.3502008032128514,0.3453815261044177
No regularization,unadjusted,250173363001,0.1274509803921568,0.0,0.0457516339869281,0.826797385620915
No regularization,unadjusted,250173662012,0.1236363636363636,0.0,0.1454545454545454,0.730909090909091
No regularization,unadjusted,250235401021,0.0782064650677789,0.0917622523461939,0.2523461939520334,0.5776850886339937
No regularization,unadjusted,250092041021,0.0993449781659388,0.2041484716157205,0.1713973799126637,0.5251091703056768
No regularization,unadjusted,250092211002,0.0446735395189003,0.1116838487972508,0.2989690721649484,0.5446735395189003
No regularization,unadjusted,250173662022,0.0,0.0553977272727272,0.1193181818181818,0.8252840909090909
No regularization,unadjusted,250092082004,0.0654205607476635,0.0397196261682243,0.4369158878504673,0.4579439252336448
No regularization,unadjusted,250173746004,0.0978835978835978,0.0661375661375661,0.1984126984126984,0.6375661375661376
No regularization,unadjusted,250250503001,0.1522491349480969,0.0813148788927335,0.3875432525951557,0.3788927335640138
No regularization,unadjusted,250250503002,0.2730923694779116,0.1405622489959839,0.4859437751004016,0.1004016064257028
No regularization,unadjusted,330150620001,0.1443914081145584,0.1443914081145584,0.2159904534606205,0.4952267303102625
No regularization,unadjusted,330170844003,0.0492307692307692,0.3384615384615385,0.4507692307692307,0.1615384615384615
No regularization,unadjusted,330170801002,0.0260663507109004,0.1492890995260663,0.2085308056872037,0.6161137440758294
No regularization,unadjusted,250173361002,0.1832760595647193,0.2474226804123711,0.120274914089347,0.4490263459335624
No regularization,unadjusted,250173361003,0.0,0.0559210526315789,0.0427631578947368,0.9013157894736842
No regularization,unadjusted,250250501013,0.0707803992740471,0.1161524500907441,0.3593466424682395,0.4537205081669691
No regularization,unadjusted,250173103002,0.2522996057818659,0.2956636005256242,0.3981603153745072,0.0538764783180026
No regularization,unadjusted,250173103003,0.2586206896551724,0.293103448275862,0.3419540229885057,0.1063218390804597
No regularization,unadjusted,250214104001,0.2408759124087591,0.052919708029197,0.1076642335766423,0.5985401459854015
No regularization,unadjusted,250214104002,0.1869918699186991,0.1192411924119241,0.3170731707317073,0.3766937669376693
No regularization,unadjusted,250214104003,0.2297417631344612,0.2226179875333927,0.3490650044523598,0.1985752448797862
No regularization,unadjusted,250251011012,0.0751341681574239,0.220035778175313,0.3130590339892665,0.3917710196779964
No regularization,unadjusted,250251011013,0.2790055248618784,0.2596685082872928,0.0883977900552486,0.3729281767955801
No regularization,unadjusted,250214104004,0.0,0.0945017182130584,0.1993127147766323,0.7061855670103093
No regularization,unadjusted,250092631003,0.0097765363128491,0.1005586592178771,0.1187150837988826,0.770949720670391
No regularization,unadjusted,250173142001,0.2472783825816485,0.1166407465007776,0.2737169517884914,0.3623639191290824
No regularization,unadjusted,250173142002,0.1659663865546218,0.1449579831932773,0.4117647058823529,0.2773109243697479
No regularization,unadjusted,250173142003,0.0637362637362637,0.2164835164835165,0.2769230769230769,0.4428571428571428
No regularization,unadjusted,250235307002,0.1510373443983402,0.1045643153526971,0.3087136929460581,0.4356846473029045
No regularization,unadjusted,250250923003,0.1271551724137931,0.3620689655172414,0.2478448275862069,0.2629310344827586
No regularization,unadjusted,250092033021,0.0848484848484848,0.0545454545454545,0.1681818181818181,0.6924242424242424
No regularization,unadjusted,250092033022,0.1520190023752969,0.1068883610451306,0.4465558194774346,0.2945368171021377
No regularization,unadjusted,250173824002,0.0574948665297741,0.1108829568788501,0.2689938398357289,0.5626283367556468
No regularization,unadjusted,250235051023,0.0,0.1200787401574803,0.2401574803149606,0.639763779527559
No regularization,unadjusted,250235051024,0.0,0.0,0.134375,0.865625
No regularization,unadjusted,250235221013,0.0761904761904762,0.1365079365079365,0.2476190476190476,0.5396825396825397
No regularization,unadjusted,250251605015,0.2150943396226415,0.1433962264150943,0.4452830188679245,0.1962264150943396
No regularization,unadjusted,250092031006,0.0,0.0446096654275092,0.2156133828996282,0.7397769516728625
No regularization,unadjusted,250092031007,0.1553030303030303,0.0378787878787878,0.106060606060606,0.7007575757575758
No regularization,unadjusted,250092543021,0.0120218579234972,0.0459016393442622,0.1770491803278688,0.7650273224043715
No regularization,unadjusted,250173652013,0.0280112044817927,0.0,0.1176470588235294,0.8543417366946778
No regularization,unadjusted,250173353012,0.06006006006006,0.1141141141141141,0.3633633633633634,0.4624624624624625
No regularization,unadjusted,250092201012,0.0406698564593301,0.2033492822966507,0.1578947368421052,0.5980861244019139
No regularization,unadjusted,250092201014,0.0769230769230769,0.1523668639053254,0.4319526627218935,0.3387573964497041
No regularization,unadjusted,250250921015,0.3230337078651685,0.0917602996254681,0.3773408239700374,0.2078651685393258
No regularization,unadjusted,250251603001,0.2578616352201258,0.0849056603773584,0.2389937106918239,0.4182389937106918
No regularization,unadjusted,250251603002,0.3436853002070393,0.1407867494824016,0.1563146997929606,0.3592132505175983
No regularization,unadjusted,250173353023,0.0918367346938775,0.0,0.2176870748299319,0.6904761904761905
No regularization,unadjusted,250092072002,0.544766708701135,0.2269861286254728,0.1715006305170239,0.0567465321563682
No regularization,unadjusted,250092541001,0.0915178571428571,0.1071428571428571,0.1584821428571428,0.6428571428571429
No regularization,unadjusted,250092541002,0.0409207161125319,0.2071611253196931,0.268542199488491,0.4833759590792839
No regularization,unadjusted,250251005004,0.4760765550239234,0.0909090909090909,0.1435406698564593,0.2894736842105263
No regularization,unadjusted,250251005001,0.530718954248366,0.1607843137254902,0.0849673202614379,0.2235294117647059
No regularization,unadjusted,250251005002,0.1030042918454935,0.0708154506437768,0.1459227467811159,0.6802575107296137
No regularization,unadjusted,250251005003,0.2924901185770751,0.1403162055335968,0.2312252964426877,0.3359683794466403
No regularization,unadjusted,250250919002,0.2338709677419354,0.5443548387096774,0.0,0.2217741935483871
No regularization,unadjusted,250250919003,0.2924187725631769,0.1823104693140794,0.3194945848375451,0.2057761732851985
No regularization,unadjusted,330150610013,0.0621827411167512,0.1015228426395939,0.2030456852791878,0.633248730964467
No regularization,unadjusted,330150610012,0.0823170731707317,0.1209349593495935,0.4441056910569105,0.3526422764227642
No regularization,unadjusted,330150610011,0.1982570806100217,0.05119825708061,0.2113289760348584,0.5392156862745098
No regularization,unadjusted,250173564005,0.0745341614906832,0.0,0.3105590062111801,0.6149068322981367
No regularization,unadjusted,250092113003,0.0577663671373555,0.1745827984595635,0.1155327342747111,0.6521181001283697
No regularization,unadjusted,250092070001,0.6326219512195121,0.1783536585365853,0.1387195121951219,0.0503048780487804
No regularization,unadjusted,250251302003,0.1257396449704142,0.0384615384615384,0.3284023668639053,0.507396449704142
No regularization,unadjusted,250251003001,0.2300380228136882,0.2319391634980988,0.2205323193916349,0.3174904942965779
No regularization,unadjusted,250251003003,0.380281690140845,0.0929577464788732,0.1774647887323943,0.3492957746478873
No regularization,unadjusted,250251304061,0.2982086406743941,0.375131717597471,0.1780821917808219,0.1485774499473129
No regularization,unadjusted,250235301002,0.1378466557911908,0.2088091353996737,0.2243066884176182,0.4290375203915171
No regularization,unadjusted,250173861002,0.0272108843537414,0.1346938775510204,0.0721088435374149,0.7659863945578231
No regularization,unadjusted,250092111002,0.0813397129186602,0.3205741626794258,0.2822966507177033,0.3157894736842105
No regularization,unadjusted,250173732001,0.1246246246246246,0.2462462462462462,0.2087087087087087,0.4204204204204204
No regularization,unadjusted,250092068001,0.3672787979966611,0.1552587646076794,0.2821368948247078,0.1953255425709515
No regularization,unadjusted,250092068002,0.5134865134865135,0.2407592407592407,0.1218781218781218,0.1238761238761238
No regularization,unadjusted,330150692002,0.028169014084507,0.1854460093896713,0.4741784037558685,0.312206572769953
No regularization,unadjusted,250251001002,0.3220338983050847,0.4788135593220339,0.1186440677966101,0.0805084745762711
No regularization,unadjusted,250251001003,0.1684210526315789,0.4,0.1052631578947368,0.3263157894736842
No regularization,unadjusted,250251001004,0.1799307958477508,0.0830449826989619,0.3114186851211072,0.4256055363321799
No regularization,unadjusted,250251001005,0.2787610619469026,0.3274336283185841,0.1548672566371681,0.2389380530973451
No regularization,unadjusted,250251001007,0.1749174917491749,0.1386138613861386,0.4389438943894389,0.2475247524752475
No regularization,unadjusted,330151075002,0.1149553571428571,0.1127232142857142,0.0814732142857142,0.6908482142857143
No regularization,unadjusted,330170830015,0.1690140845070422,0.0591549295774647,0.3859154929577464,0.3859154929577464
No regularization,unadjusted,250092109003,0.2823529411764706,0.1241830065359477,0.2379084967320261,0.3555555555555555
No regularization,unadjusted,250092621002,0.0279269602577873,0.075187969924812,0.2105263157894736,0.686358754027927
No regularization,unadjusted,250092066001,0.3327102803738317,0.205607476635514,0.2,0.2616822429906542
No regularization,unadjusted,250250104041,0.302158273381295,0.1151079136690647,0.4172661870503597,0.1654676258992805
No regularization,unadjusted,250235041011,0.047361299052774,0.0568335588633288,0.1069012178619756,0.7889039242219216
No regularization,unadjusted,250235041012,0.1352112676056338,0.0338028169014084,0.2154929577464788,0.6154929577464788
No regularization,unadjusted,250235041013,0.0646067415730337,0.148876404494382,0.199438202247191,0.5870786516853933
No regularization,unadjusted,250092107001,0.0824742268041237,0.2135493372606774,0.4933726067746686,0.2106038291605302
No regularization,unadjusted,250092107003,0.3554603854389722,0.2312633832976445,0.2505353319057816,0.1627408993576017
No regularization,unadjusted,250235041021,0.0362903225806451,0.0483870967741935,0.1310483870967742,0.7842741935483871
No regularization,unadjusted,250235041022,0.0,0.0,0.0673400673400673,0.9326599326599326
No regularization,unadjusted,250235041023,0.0144144144144144,0.0468468468468468,0.1585585585585585,0.7801801801801802
No regularization,unadjusted,250092064004,0.080188679245283,0.2594339622641509,0.375,0.285377358490566
No regularization,unadjusted,250235082002,0.1336283185840708,0.1495575221238938,0.1849557522123893,0.531858407079646
No regularization,unadjusted,250173173011,0.0772357723577235,0.0948509485094851,0.2777777777777778,0.5501355013550135
No regularization,unadjusted,250173343004,0.054054054054054,0.055055055055055,0.1971971971971972,0.6936936936936937
No regularization,unadjusted,250092105001,0.1242105263157894,0.0989473684210526,0.4568421052631579,0.32
No regularization,unadjusted,250092105002,0.0622710622710622,0.0647130647130647,0.2918192918192918,0.5811965811965812
No regularization,unadjusted,250092105003,0.0,0.1330049261083744,0.0788177339901477,0.7881773399014779
No regularization,unadjusted,250092105004,0.2648148148148148,0.15,0.2314814814814814,0.3537037037037037
No regularization,unadjusted,250173513001,0.1273148148148148,0.0983796296296296,0.1261574074074074,0.6481481481481481
No regularization,unadjusted,250092531004,0.158273381294964,0.145083932853717,0.2446043165467626,0.4520383693045564
No regularization,unadjusted,250173171011,0.0,0.0447552447552447,0.3146853146853147,0.6405594405594406
No regularization,unadjusted,250173384004,0.0409982174688057,0.0588235294117647,0.106951871657754,0.7932263814616756
No regularization,unadjusted,330150600001,0.0421940928270042,0.0436005625879043,0.2362869198312236,0.6779184247538678
No regularization,unadjusted,330150600002,0.050632911392405,0.0291139240506329,0.1645569620253164,0.7556962025316456
No regularization,unadjusted,250173341002,0.0687203791469194,0.2393364928909952,0.3175355450236967,0.3744075829383886
No regularization,unadjusted,250173171021,0.0616438356164383,0.0154109589041095,0.2825342465753425,0.6404109589041096
No regularization,unadjusted,250173382001,0.1326860841423948,0.0679611650485436,0.1941747572815534,0.6051779935275081
No regularization,unadjusted,250092101002,0.1911764705882352,0.0,0.2588235294117647,0.55
No regularization,unadjusted,250092101003,0.0306306306306306,0.0576576576576576,0.2648648648648649,0.6468468468468469
No regularization,unadjusted,250251802001,0.0819397993311036,0.088628762541806,0.3795986622073579,0.4498327759197324
No regularization,unadjusted,250092056003,0.1608247422680412,0.1938144329896907,0.2783505154639175,0.3670103092783505
No regularization,unadjusted,250092056004,0.1643835616438356,0.1050228310502283,0.3150684931506849,0.4155251141552511
No regularization,unadjusted,250092611012,0.1016166281755196,0.2009237875288683,0.2217090069284064,0.4757505773672055
No regularization,unadjusted,250092611013,0.082210242587601,0.0444743935309973,0.192722371967655,0.6805929919137467
No regularization,unadjusted,250173122001,0.1462544589774078,0.1854934601664684,0.4613555291319857,0.2068965517241379
No regularization,unadjusted,250092525023,0.0543806646525679,0.1782477341389728,0.0966767371601208,0.6706948640483383
No regularization,unadjusted,250250604001,0.1059027777777777,0.0434027777777777,0.1753472222222222,0.6753472222222222
No regularization,unadjusted,250235031011,0.1529562982005141,0.0668380462724935,0.2275064267352185,0.5526992287917738
No regularization,unadjusted,250235031012,0.0,0.0917602996254681,0.1535580524344569,0.7546816479400749
No regularization,unadjusted,250173335013,0.1253443526170798,0.1611570247933884,0.1680440771349862,0.5454545454545454
No regularization,unadjusted,250173335012,0.0807881773399014,0.1330049261083744,0.2197044334975369,0.5665024630541872
No regularization,unadjusted,250092609001,0.1497584541062802,0.072463768115942,0.3019323671497584,0.4758454106280193
No regularization,unadjusted,250092609002,0.1728045325779036,0.3172804532577903,0.121813031161473,0.3881019830028329
No regularization,unadjusted,250235031021,0.0868421052631579,0.0342105263157894,0.1,0.7789473684210526
No regularization,unadjusted,250235031024,0.4489247311827957,0.0,0.1102150537634408,0.4408602150537634
No regularization,unadjusted,250235031025,0.1183431952662721,0.0792899408284023,0.1704142011834319,0.6319526627218935
No regularization,unadjusted,250092054001,0.0896637608966376,0.1569115815691158,0.2926525529265255,0.460772104607721
No regularization,unadjusted,250092054002,0.0157342657342657,0.0769230769230769,0.25,0.6573426573426573
No regularization,unadjusted,250092523002,0.3333333333333333,0.1277258566978193,0.3239875389408099,0.2149532710280373
No regularization,unadjusted,250092523003,0.2711198428290766,0.1277013752455795,0.2023575638506876,0.3988212180746562
No regularization,unadjusted,250214422011,0.1481994459833795,0.0997229916897507,0.2437673130193905,0.5083102493074793
No regularization,unadjusted,250214422012,0.050351288056206,0.0199063231850117,0.1557377049180328,0.7740046838407494
No regularization,unadjusted,250173120002,0.1780538302277432,0.3291925465838509,0.2339544513457556,0.2587991718426501
No regularization,unadjusted,250173333001,0.0323275862068965,0.3534482758620689,0.3297413793103448,0.2844827586206896
No regularization,unadjusted,250173333002,0.252129471890971,0.0834752981260647,0.2044293015332197,0.4599659284497445
No regularization,unadjusted,250173333003,0.1391129032258064,0.0423387096774193,0.4294354838709677,0.3891129032258064
No regularization,unadjusted,250092181003,0.1818181818181818,0.1136363636363636,0.0805785123966942,0.6239669421487604
No regularization,unadjusted,330150037011,0.1212976022566995,0.0747531734837799,0.4203102961918195,0.383638928067701
No regularization,unadjusted,250092607002,0.1318016928657799,0.181378476420798,0.1898428053204353,0.4969770253929867
No regularization,unadjusted,250173503001,0.0794117647058823,0.0705882352941176,0.2852941176470588,0.5647058823529412
No regularization,unadjusted,330150037031,0.0,0.2684703433922997,0.1945889698231009,0.5369406867845994
No regularization,unadjusted,330150037032,0.0440097799511002,0.0586797066014669,0.2127139364303178,0.684596577017115
No regularization,unadjusted,250173118002,0.3469721767594108,0.0572831423895253,0.3175122749590834,0.2782324058919803
No regularization,unadjusted,330150590002,0.0276854928017718,0.1029900332225913,0.4086378737541528,0.4606866002214839
No regularization,unadjusted,330150590003,0.106523534269199,0.0495458298926507,0.4062758051197357,0.4376548307184145
No regularization,unadjusted,250235113011,0.2423714036617262,0.2371403661726242,0.1586748038360941,0.3618134263295554
No regularization,unadjusted,250173331001,0.1564625850340136,0.2755102040816326,0.2108843537414966,0.3571428571428571
No regularization,unadjusted,250173587002,0.0168421052631578,0.0463157894736842,0.0147368421052631,0.9221052631578948
No regularization,unadjusted,250173331003,0.0108803165182987,0.1167161226508407,0.2601384767556874,0.6122650840751731
No regularization,unadjusted,250173331005,0.2097264437689969,0.1337386018237082,0.2887537993920973,0.3677811550151976
No regularization,unadjusted,250092521022,0.0417335473515248,0.0272873194221508,0.1589085072231139,0.7720706260032103
No regularization,unadjusted,250235453001,0.249185667752443,0.2703583061889251,0.1547231270358306,0.3257328990228013
No regularization,unadjusted,250235453002,0.1673728813559322,0.1440677966101695,0.5317796610169492,0.1567796610169491
No regularization,unadjusted,250092605001,0.0515806988352745,0.0632279534109817,0.4193011647254576,0.4658901830282861
No regularization,unadjusted,250214162006,0.0745501285347043,0.0694087403598971,0.1619537275064267,0.6940874035989717
No regularization,unadjusted,250214162007,0.1629502572898799,0.078902229845626,0.1749571183533447,0.5831903945111492
No regularization,unadjusted,250173415003,0.0454545454545454,0.3146853146853147,0.3566433566433566,0.2832167832167832
No regularization,unadjusted,250173415004,0.239067055393586,0.1603498542274052,0.1632653061224489,0.4373177842565597
No regularization,unadjusted,250173415005,0.3071065989847715,0.0380710659898477,0.5101522842639594,0.1446700507614213
No regularization,unadjusted,250235111003,0.0360169491525423,0.0762711864406779,0.288135593220339,0.5995762711864406
No regularization,unadjusted,250173116001,0.0512820512820512,0.086080586080586,0.1556776556776556,0.706959706959707
No regularization,unadjusted,250173116002,0.1541666666666666,0.1645833333333333,0.325,0.35625
No regularization,unadjusted,250173116004,0.2459016393442623,0.0956284153005464,0.3825136612021858,0.2759562841530054
No regularization,unadjusted,250173585001,0.0473313192346425,0.0654582074521651,0.0775427995971802,0.8096676737160121
No regularization,unadjusted,250092091001,0.024263431542461,0.0831889081455806,0.1005199306759098,0.7920277296360485
No regularization,unadjusted,250092091002,0.1581395348837209,0.0697674418604651,0.3441860465116279,0.427906976744186
No regularization,unadjusted,250092091004,0.0127877237851662,0.0358056265984654,0.1227621483375959,0.8286445012787724
No regularization,unadjusted,250092091005,0.1773049645390071,0.3286052009456264,0.1182033096926714,0.375886524822695
No regularization,unadjusted,250235451001,0.2096256684491978,0.3262032085561497,0.3764705882352941,0.0877005347593583
No regularization,unadjusted,250235451002,0.1234177215189873,0.1550632911392405,0.2278481012658227,0.4936708860759494
No regularization,unadjusted,250235451004,0.1440501043841336,0.2922755741127348,0.2609603340292276,0.302713987473904
No regularization,unadjusted,250235451003,0.0310880829015544,0.0751295336787564,0.234887737478411,0.6588946459412781
No regularization,unadjusted,250250512002,0.225140712945591,0.1275797373358349,0.2870544090056285,0.3602251407129456
No regularization,unadjusted,250250512003,0.0425531914893617,0.0868794326241134,0.2677304964539007,0.6028368794326241
No regularization,unadjusted,250092603012,0.3333333333333333,0.0757575757575757,0.1893939393939394,0.4015151515151515
No regularization,unadjusted,250092603013,0.029143897996357,0.1930783242258652,0.2331511839708561,0.5446265938069217
No regularization,unadjusted,250235109002,0.4366471734892787,0.2553606237816764,0.2709551656920078,0.037037037037037
No regularization,unadjusted,250173114003,0.164,0.2946666666666667,0.3226666666666666,0.2186666666666666
No regularization,unadjusted,250092175003,0.0301724137931034,0.1077586206896551,0.2241379310344827,0.6379310344827587
No regularization,unadjusted,250092175004,0.1803607214428857,0.1122244488977955,0.25250501002004,0.4549098196392785
No regularization,unadjusted,250251706013,0.0465753424657534,0.1178082191780822,0.347945205479452,0.4876712328767123
No regularization,unadjusted,250092175005,0.2595936794582393,0.0857787810383747,0.2866817155756208,0.3679458239277652
No regularization,unadjusted,250092601001,0.169047619047619,0.35,0.3583333333333333,0.1226190476190476
No regularization,unadjusted,250092601002,0.6661392405063291,0.060126582278481,0.2515822784810126,0.0221518987341772
No regularization,unadjusted,250173839021,0.0154355016538037,0.1201764057331863,0.0804851157662624,0.7839029768467475
No regularization,unadjusted,250173839022,0.0196463654223968,0.0510805500982318,0.3104125736738703,0.618860510805501
No regularization,unadjusted,330150670002,0.1643543223052294,0.0672358591248666,0.2678762006403415,0.5005336179295624
No regularization,unadjusted,250250510003,0.0576441102756892,0.225563909774436,0.2807017543859649,0.4360902255639097
No regularization,unadjusted,330150670003,0.0,0.1796200345423143,0.1450777202072538,0.6753022452504318
No regularization,unadjusted,330150670004,0.0575601374570446,0.0472508591065292,0.211340206185567,0.6838487972508591
No regularization,unadjusted,250235107005,0.1112984822934232,0.0691399662731871,0.1365935919055649,0.6829679595278246
No regularization,unadjusted,250173112001,0.4311377245508982,0.3532934131736527,0.1841317365269461,0.0314371257485029
No regularization,unadjusted,250173112002,0.1914893617021276,0.2740926157697121,0.4130162703379224,0.1214017521902378
No regularization,unadjusted,250092216001,0.1841359773371104,0.2407932011331444,0.3427762039660056,0.2322946175637393
No regularization,unadjusted,250251704004,0.484251968503937,0.1299212598425196,0.3385826771653543,0.0472440944881889
No regularization,unadjusted,250173411013,0.0289855072463768,0.0676328502415458,0.3164251207729469,0.5869565217391305
No regularization,unadjusted,250173837004,0.1037463976945245,0.1440922190201729,0.2824207492795389,0.4697406340057637
No regularization,unadjusted,250173837003,0.1798365122615803,0.0772025431425976,0.2406902815622161,0.5022706630336058
No regularization,unadjusted,250092173005,0.2341356673960612,0.0853391684901531,0.2035010940919037,0.4770240700218818
No regularization,unadjusted,250235021012,0.0,0.05625,0.41875,0.525
No regularization,unadjusted,250235021014,0.1026894865525672,0.3410757946210269,0.1858190709046454,0.3704156479217604
No regularization,unadjusted,250251106011,0.0310492505353319,0.1552462526766595,0.2044967880085653,0.6092077087794433
No regularization,unadjusted,250235021023,0.3094339622641509,0.1150943396226415,0.2679245283018868,0.3075471698113207
No regularization,unadjusted,330150625002,0.0469416785206258,0.1024182076813655,0.2588904694167852,0.5917496443812233
No regularization,unadjusted,250092214001,0.1299826689774696,0.3084922010398613,0.4228769497400346,0.1386481802426343
No regularization,unadjusted,250251702004,0.2635294117647059,0.2470588235294117,0.2705882352941176,0.2188235294117647
No regularization,unadjusted,250214412021,0.0386904761904761,0.0357142857142857,0.1607142857142857,0.7648809523809523
No regularization,unadjusted,330151051002,0.1951640759930915,0.1174438687392055,0.160621761658031,0.5267702936096719
No regularization,unadjusted,250214412031,0.1002838221381267,0.0605487228003784,0.1986754966887417,0.6404919583727531
No regularization,unadjusted,250214412032,0.2032854209445585,0.1437371663244353,0.1232032854209445,0.5297741273100616
No regularization,unadjusted,250214113022,0.15359477124183,0.1601307189542483,0.3251633986928104,0.3611111111111111
No regularization,unadjusted,250251403001,0.2504638218923933,0.1057513914656771,0.4081632653061224,0.235621521335807
No regularization,unadjusted,250251403005,0.2768959435626102,0.1428571428571428,0.1798941798941798,0.400352733686067
No regularization,unadjusted,250173835012,0.5745454545454546,0.1939393939393939,0.0921212121212121,0.1393939393939394
No regularization,unadjusted,250235062021,0.1110083256244218,0.1008325624421831,0.1692876965772433,0.6188714153561518
No regularization,unadjusted,250214412042,0.0473684210526315,0.0666666666666666,0.2622807017543859,0.6236842105263158
No regularization,unadjusted,250251104011,0.161507402422611,0.1090174966352624,0.4387617765814266,0.2907133243606998
No regularization,unadjusted,250250506001,0.2048458149779735,0.0418502202643171,0.3348017621145374,0.4185022026431718
No regularization,unadjusted,250092042002,0.3663366336633663,0.2623762376237624,0.3613861386138614,0.0099009900990099
No regularization,unadjusted,250173321001,0.0,0.0373831775700934,0.2398753894080997,0.7227414330218068
No regularization,unadjusted,250173321002,0.0209698558322411,0.0799475753604194,0.073394495412844,0.8256880733944955
No regularization,unadjusted,250173833001,0.2789968652037617,0.1598746081504702,0.3401253918495298,0.2210031347962382
No regularization,unadjusted,250173364021,0.0352941176470588,0.1552941176470588,0.3529411764705882,0.4564705882352941
No regularization,unadjusted,250173364022,0.0666666666666666,0.1981481481481481,0.3111111111111111,0.424074074074074
No regularization,unadjusted,250173364023,0.334056399132321,0.158351409978308,0.0694143167028199,0.4381778741865509
No regularization,unadjusted,250251102011,0.2740899357601713,0.1680942184154175,0.2901498929336188,0.2676659528907923
No regularization,unadjusted,250173747002,0.1198501872659176,0.0636704119850187,0.146067415730337,0.6704119850187266
No regularization,unadjusted,250173747001,0.1819262782401902,0.0428061831153388,0.1510107015457788,0.6242568370986921
No regularization,unadjusted,250250504002,0.2300123001230012,0.078720787207872,0.2816728167281673,0.4095940959409594
No regularization,unadjusted,250173661001,0.0,0.0349344978165938,0.1179039301310043,0.8471615720524017
No regularization,unadjusted,250173106023,0.0,0.3152173913043478,0.5163043478260869,0.1684782608695652
No regularization,unadjusted,250173106024,0.0933609958506224,0.1369294605809128,0.2966804979253112,0.4730290456431535
No regularization,unadjusted,250173745004,0.2570532915360501,0.0313479623824451,0.2539184952978056,0.457680250783699
No regularization,unadjusted,250173745002,0.184070796460177,0.0584070796460177,0.1575221238938053,0.6
No regularization,unadjusted,250173831022,0.4347826086956521,0.2284921369102682,0.2312673450508788,0.1054579093432007
No regularization,unadjusted,250251401071,0.2209567198177676,0.1469248291571754,0.2164009111617312,0.4157175398633257
No regularization,unadjusted,250250502001,0.2647462277091906,0.1097393689986282,0.3374485596707819,0.2880658436213992
No regularization,unadjusted,250250502002,0.2028469750889679,0.1423487544483986,0.3149466192170818,0.3398576512455516
No regularization,unadjusted,250250502004,0.0166666666666666,0.3,0.5633333333333334,0.12
No regularization,unadjusted,330170802031,0.3452914798206278,0.4798206278026906,0.1300448430493273,0.0448430493273542
No regularization,unadjusted,250235611001,0.0684647302904564,0.0580912863070539,0.2551867219917012,0.6182572614107884
No regularization,unadjusted,250235611003,0.0821917808219178,0.0410958904109589,0.2493150684931507,0.6273972602739726
No regularization,unadjusted,250235611004,0.2428571428571428,0.0904761904761904,0.1571428571428571,0.5095238095238095
No regularization,unadjusted,330150570001,0.1032608695652173,0.1385869565217391,0.4239130434782608,0.3342391304347826
No regularization,unadjusted,330150660003,0.0524064171122994,0.0406417112299465,0.1914438502673796,0.7155080213903743
No regularization,unadjusted,330170841004,0.119140625,0.14453125,0.216796875,0.51953125
No regularization,unadjusted,250173102002,0.1808943089430894,0.0873983739837398,0.3434959349593496,0.3882113821138211
No regularization,unadjusted,250173741002,0.0371057513914656,0.0612244897959183,0.3302411873840445,0.5714285714285714
No regularization,unadjusted,250214103001,0.0060240963855421,0.1108433734939759,0.3927710843373494,0.4903614457831325
No regularization,unadjusted,250214103002,0.1219512195121951,0.0501355013550135,0.3387533875338753,0.489159891598916
No regularization,unadjusted,250250924003,0.3753581661891118,0.1489971346704871,0.1203438395415472,0.3553008595988539
No regularization,unadjusted,250251010021,0.5432432432432432,0.0,0.0621621621621621,0.3945945945945946
No regularization,unadjusted,250092161002,0.0618556701030927,0.0910652920962199,0.1426116838487972,0.7044673539518901
No regularization,unadjusted,250235308011,0.0748379493223335,0.1508544490276959,0.1850324101355333,0.5892751915144372
No regularization,unadjusted,250235308012,0.08375,0.02,0.1775,0.71875
No regularization,unadjusted,250235308023,0.0608856088560885,0.1660516605166051,0.2693726937269373,0.503690036900369
Behavioral anchoring,adjusted,250092501001,0.6901639344262295,0.1983606557377049,0.080327868852459,0.0311475409836065
Behavioral anchoring,adjusted,250173141013,0.1883408071748878,0.1040358744394618,0.3210762331838565,0.3865470852017937
Behavioral anchoring,adjusted,250092544021,0.0,0.1230502599653379,0.3015597920277296,0.5753899480069324
Behavioral anchoring,adjusted,250092544022,0.0293501048218029,0.1708595387840671,0.1666666666666666,0.6331236897274634
Behavioral anchoring,adjusted,250092544024,0.0446428571428571,0.0752551020408163,0.2130102040816326,0.6670918367346939
Behavioral anchoring,adjusted,250092544023,0.0301418439716312,0.0585106382978723,0.1489361702127659,0.7624113475177305
Behavioral anchoring,adjusted,250235306004,0.0601001669449081,0.1168614357262103,0.2303839732888147,0.5926544240400667
Behavioral anchoring,adjusted,250092544032,0.0,0.0,0.2072538860103626,0.7927461139896373
Behavioral anchoring,adjusted,250214228001,0.1973827699018538,0.0981461286804798,0.2486368593238822,0.4558342420937841
Behavioral anchoring,adjusted,250173567011,0.0899830220713073,0.066213921901528,0.2071307300509338,0.6366723259762309
Behavioral anchoring,adjusted,250173737004,0.0,0.0344827586206896,0.2068965517241379,0.7586206896551724
Behavioral anchoring,adjusted,250173311022,0.0527182866556836,0.085667215815486,0.3558484349258649,0.5057660626029654
Behavioral anchoring,adjusted,250173311024,0.0458452722063037,0.0744985673352435,0.0515759312320916,0.828080229226361
Behavioral anchoring,adjusted,250214142002,0.0,0.021566401816118,0.2111237230419977,0.7673098751418842
Behavioral anchoring,adjusted,250173352001,0.0395778364116095,0.1477572559366754,0.0844327176781002,0.7282321899736148
Behavioral anchoring,adjusted,250250920002,0.1792717086834734,0.088235294117647,0.4131652661064425,0.3193277310924369
Behavioral anchoring,adjusted,250235091012,0.130820399113082,0.1441241685144124,0.0864745011086474,0.6385809312638581
Behavioral anchoring,adjusted,250173352002,0.0,0.1069364161849711,0.3265895953757225,0.5664739884393064
Behavioral anchoring,adjusted,250235261005,0.0,0.0593607305936073,0.2115677321156773,0.7290715372907154
Behavioral anchoring,adjusted,250214226001,0.0807291666666666,0.09375,0.1041666666666666,0.7213541666666666
Behavioral anchoring,adjusted,250173223002,0.0966257668711656,0.2898773006134969,0.2484662576687116,0.3650306748466257
Behavioral anchoring,adjusted,250092114011,0.0542372881355932,0.1830508474576271,0.3299435028248587,0.4327683615819209
Behavioral anchoring,adjusted,250092071002,0.0636132315521628,0.2162849872773536,0.3893129770992366,0.3307888040712468
Behavioral anchoring,adjusted,250173735002,0.0284552845528455,0.0873983739837398,0.1056910569105691,0.7784552845528455
Behavioral anchoring,adjusted,250251004001,0.5134706814580031,0.0538827258320126,0.1521394611727416,0.2805071315372425
Behavioral anchoring,adjusted,250173563003,0.059171597633136,0.0,0.2011834319526627,0.7396449704142012
Behavioral anchoring,adjusted,250092069002,0.4016973125884017,0.272984441301273,0.1768033946251768,0.1485148514851485
Behavioral anchoring,adjusted,250251002002,0.4666666666666667,0.1142857142857142,0.2238095238095238,0.1952380952380952
Behavioral anchoring,adjusted,250214181022,0.1063157894736842,0.091578947368421,0.2936842105263157,0.508421052631579
Behavioral anchoring,adjusted,250235001011,0.1338709677419355,0.05,0.1967741935483871,0.6193548387096774
Behavioral anchoring,adjusted,250235001013,0.116030534351145,0.1175572519083969,0.2152671755725191,0.5511450381679389
Behavioral anchoring,adjusted,250173731001,0.050179211469534,0.057347670250896,0.1254480286738351,0.7670250896057348
Behavioral anchoring,adjusted,250092067004,0.3942307692307692,0.2836538461538461,0.2003205128205128,0.1217948717948717
Behavioral anchoring,adjusted,250173731005,0.0264765784114052,0.0346232179226069,0.1670061099796334,0.7718940936863544
Behavioral anchoring,adjusted,250173731004,0.0426229508196721,0.1147540983606557,0.0360655737704918,0.8065573770491803
Behavioral anchoring,adjusted,330150650052,0.1542857142857142,0.1314285714285714,0.3714285714285714,0.3428571428571428
Behavioral anchoring,adjusted,330151031002,0.082375478927203,0.1034482758620689,0.2260536398467433,0.5881226053639846
Behavioral anchoring,adjusted,250092108002,0.2258566978193146,0.1853582554517134,0.4454828660436137,0.1433021806853582
Behavioral anchoring,adjusted,250092108003,0.2284122562674094,0.1323119777158774,0.4958217270194986,0.1434540389972144
Behavioral anchoring,adjusted,250092151011,0.0515463917525773,0.2048969072164948,0.2023195876288659,0.5412371134020618
Behavioral anchoring,adjusted,250092065002,0.0970873786407767,0.4805825242718446,0.2491909385113268,0.1731391585760517
Behavioral anchoring,adjusted,250092065003,0.7837837837837838,0.036036036036036,0.1148648648648648,0.0653153153153153
Behavioral anchoring,adjusted,250092022004,0.0695443645083932,0.0,0.1798561151079136,0.750599520383693
Behavioral anchoring,adjusted,250173344001,0.0,0.0,0.1365638766519823,0.8634361233480177
Behavioral anchoring,adjusted,330150560001,0.108153078202995,0.1181364392678868,0.3410981697171381,0.43261231281198
Behavioral anchoring,adjusted,250092661001,0.0357142857142857,0.1071428571428571,0.1468253968253968,0.7103174603174603
Behavioral anchoring,adjusted,250092106001,0.1491344873501997,0.081225033288948,0.3501997336884154,0.4194407456724368
Behavioral anchoring,adjusted,250092106002,0.1778455284552845,0.1585365853658536,0.2713414634146341,0.3922764227642276
Behavioral anchoring,adjusted,250092063002,0.0104529616724738,0.367595818815331,0.4738675958188153,0.1480836236933798
Behavioral anchoring,adjusted,250173385001,0.0169851380042462,0.0339702760084925,0.1231422505307855,0.8259023354564756
Behavioral anchoring,adjusted,250092233002,0.0440304826418289,0.0330228619813717,0.1795088907705334,0.7434377646062659
Behavioral anchoring,adjusted,250173385003,0.0,0.0199004975124378,0.0497512437810945,0.9303482587064676
Behavioral anchoring,adjusted,250092532012,0.17,0.1116666666666666,0.17,0.5483333333333333
Behavioral anchoring,adjusted,250092532032,0.0666666666666666,0.0433333333333333,0.0583333333333333,0.8316666666666667
Behavioral anchoring,adjusted,250235251012,0.0839303991811668,0.0962128966223132,0.2917093142272262,0.5281473899692938
Behavioral anchoring,adjusted,250092532051,0.026284348864994,0.016726403823178,0.0908004778972521,0.8661887694145759
Behavioral anchoring,adjusted,250092532052,0.0,0.0826446280991735,0.128099173553719,0.7892561983471075
Behavioral anchoring,adjusted,250173383001,0.0,0.0707070707070707,0.2222222222222222,0.7070707070707071
Behavioral anchoring,adjusted,250092059001,0.2229007633587786,0.0503816793893129,0.3190839694656489,0.4076335877862595
Behavioral anchoring,adjusted,250173381001,0.0396659707724425,0.0626304801670146,0.045929018789144,0.8517745302713987
Behavioral anchoring,adjusted,250173125013,0.1277108433734939,0.1975903614457831,0.2927710843373494,0.3819277108433735
Behavioral anchoring,adjusted,250092057002,0.1236203090507726,0.1390728476821192,0.3267108167770419,0.4105960264900662
Behavioral anchoring,adjusted,250092057005,0.024,0.148,0.418,0.41
Behavioral anchoring,adjusted,250092526011,0.1605902777777778,0.1310763888888889,0.3133680555555556,0.3949652777777778
Behavioral anchoring,adjusted,250173422012,0.1789709172259508,0.1521252796420581,0.6196868008948546,0.0492170022371364
Behavioral anchoring,adjusted,250092526023,0.0352112676056338,0.1584507042253521,0.2658450704225352,0.5404929577464789
Behavioral anchoring,adjusted,250092141001,0.0,0.1118530884808013,0.1786310517529215,0.7095158597662772
Behavioral anchoring,adjusted,250092141003,0.1635916359163591,0.1070110701107011,0.2017220172201722,0.5276752767527675
Behavioral anchoring,adjusted,250092610002,0.0205371248025276,0.2037914691943128,0.4628751974723539,0.3127962085308057
Behavioral anchoring,adjusted,250092610003,0.0649895178197065,0.1949685534591195,0.2180293501048218,0.5220125786163522
Behavioral anchoring,adjusted,250173164004,0.0116959064327485,0.0160818713450292,0.3684210526315789,0.6038011695906432
Behavioral anchoring,adjusted,250235202023,0.2644341801385681,0.0704387990762124,0.1547344110854503,0.5103926096997691
Behavioral anchoring,adjusted,250173334002,0.0669456066945606,0.104602510460251,0.3305439330543933,0.497907949790795
Behavioral anchoring,adjusted,250173547001,0.1411530815109344,0.0417495029821073,0.1212723658051689,0.6958250497017893
Behavioral anchoring,adjusted,330150550011,0.1031073446327683,0.2344632768361582,0.2528248587570621,0.4096045197740113
Behavioral anchoring,adjusted,250214081023,0.2527173913043478,0.1630434782608695,0.1277173913043478,0.4565217391304347
Behavioral anchoring,adjusted,250092651012,0.0956937799043062,0.138755980861244,0.2296650717703349,0.5358851674641149
Behavioral anchoring,adjusted,250092053001,0.1078431372549019,0.1456582633053221,0.1162464985994397,0.6302521008403361
Behavioral anchoring,adjusted,250092651021,0.0175824175824175,0.1472527472527472,0.2637362637362637,0.5714285714285714
Behavioral anchoring,adjusted,250173162022,0.0545454545454545,0.0654545454545454,0.2,0.68
Behavioral anchoring,adjusted,250214421032,0.0789473684210526,0.0478468899521531,0.1100478468899521,0.7631578947368421
Behavioral anchoring,adjusted,250250814001,0.3767605633802817,0.2183098591549295,0.1514084507042253,0.2535211267605634
Behavioral anchoring,adjusted,250092606002,0.237037037037037,0.1037037037037037,0.1654320987654321,0.4938271604938271
Behavioral anchoring,adjusted,250092051001,0.3136915077989601,0.1507798960138648,0.292894280762565,0.24263431542461
Behavioral anchoring,adjusted,250092051003,0.1005917159763313,0.1538461538461538,0.2899408284023668,0.4556213017751479
Behavioral anchoring,adjusted,250092051004,0.0,0.0915887850467289,0.2654205607476635,0.6429906542056075
Behavioral anchoring,adjusted,250092051002,0.0,0.1095334685598377,0.5943204868154158,0.2961460446247465
Behavioral anchoring,adjusted,250173373001,0.1098039215686274,0.088235294117647,0.3627450980392157,0.4392156862745098
Behavioral anchoring,adjusted,250092221002,0.0484848484848484,0.1454545454545454,0.2545454545454545,0.5515151515151515
Behavioral anchoring,adjusted,250173373002,0.1814814814814815,0.0,0.1962962962962963,0.6222222222222222
Behavioral anchoring,adjusted,250173373003,0.1314741035856573,0.2151394422310757,0.2450199203187251,0.4083665338645418
Behavioral anchoring,adjusted,250092221001,0.0989583333333333,0.0546875,0.2838541666666667,0.5625
Behavioral anchoring,adjusted,250092221003,0.0922098569157392,0.205087440381558,0.0906200317965023,0.6120826709062003
Behavioral anchoring,adjusted,250214034003,0.0659340659340659,0.0402930402930402,0.0,0.8937728937728938
Behavioral anchoring,adjusted,250173586004,0.1152263374485596,0.0,0.2880658436213992,0.5967078189300411
Behavioral anchoring,adjusted,250092092002,0.0251798561151079,0.1618705035971223,0.1276978417266187,0.685251798561151
Behavioral anchoring,adjusted,250235452002,0.1141226818830242,0.0485021398002853,0.4236804564907275,0.4136947218259629
Behavioral anchoring,adjusted,250092518003,0.0753138075313807,0.2644351464435146,0.2158995815899581,0.4443514644351464
Behavioral anchoring,adjusted,250214161013,0.0849056603773584,0.0,0.1084905660377358,0.8066037735849056
Behavioral anchoring,adjusted,250173584004,0.0539083557951482,0.0485175202156334,0.059299191374663,0.8382749326145552
Behavioral anchoring,adjusted,250092219012,0.0127737226277372,0.1642335766423357,0.3010948905109489,0.5218978102189781
Behavioral anchoring,adjusted,250251707023,0.0991735537190082,0.1384297520661157,0.3822314049586777,0.3801652892561983
Behavioral anchoring,adjusted,250092219022,0.0168539325842696,0.1938202247191011,0.3117977528089887,0.4775280898876404
Behavioral anchoring,adjusted,250251707022,0.2872727272727273,0.1690909090909091,0.2036363636363636,0.34
Behavioral anchoring,adjusted,250092516002,0.25,0.0992268041237113,0.5128865979381443,0.1378865979381443
Behavioral anchoring,adjusted,250092047012,0.2448453608247422,0.172680412371134,0.2938144329896907,0.2886597938144329
Behavioral anchoring,adjusted,250092047011,0.0,0.1326732673267326,0.0891089108910891,0.7782178217821782
Behavioral anchoring,adjusted,250092047013,0.3428246013667426,0.0592255125284738,0.4738041002277904,0.1241457858769931
Behavioral anchoring,adjusted,250092217002,0.0883116883116883,0.2376623376623376,0.2688311688311688,0.4051948051948052
Behavioral anchoring,adjusted,250235108005,0.382716049382716,0.0329218106995884,0.5102880658436214,0.074074074074074
Behavioral anchoring,adjusted,250235022002,0.1885098743267504,0.052064631956912,0.3806104129263913,0.3788150807899461
Behavioral anchoring,adjusted,250092131001,0.0,0.0338164251207729,0.1674718196457326,0.7987117552334944
Behavioral anchoring,adjusted,250092131003,0.0,0.1331484049930651,0.0180305131761442,0.8488210818307905
Behavioral anchoring,adjusted,250251705022,0.4799465240641711,0.28475935828877,0.1377005347593582,0.0975935828877005
Behavioral anchoring,adjusted,250092514002,0.1508771929824561,0.1473684210526315,0.3508771929824561,0.3508771929824561
Behavioral anchoring,adjusted,250235106003,0.0165975103734439,0.0850622406639004,0.2427385892116182,0.6556016597510373
Behavioral anchoring,adjusted,250092215002,0.1708229426433915,0.1396508728179551,0.2668329177057356,0.4226932668329177
Behavioral anchoring,adjusted,330150540002,0.082437275985663,0.1015531660692951,0.2461170848267622,0.5698924731182796
Behavioral anchoring,adjusted,250173281002,0.0681198910081744,0.1362397820163488,0.1662125340599455,0.6294277929155313
Behavioral anchoring,adjusted,250092172011,0.0289389067524115,0.135048231511254,0.180064308681672,0.6559485530546624
Behavioral anchoring,adjusted,250251105012,0.0710900473933649,0.1911532385466035,0.1453396524486571,0.5924170616113744
Behavioral anchoring,adjusted,250250507001,0.0935374149659864,0.2482993197278911,0.4744897959183674,0.1836734693877551
Behavioral anchoring,adjusted,250235108002,0.2454545454545454,0.0,0.2863636363636364,0.4681818181818182
Behavioral anchoring,adjusted,250214112004,0.1352657004830917,0.0410628019323671,0.2439613526570048,0.5797101449275363
Behavioral anchoring,adjusted,250235108003,0.6728395061728395,0.2037037037037037,0.1234567901234567,0.0
Behavioral anchoring,adjusted,250251103011,0.0298507462686567,0.1318407960199005,0.5671641791044776,0.2711442786069651
Behavioral anchoring,adjusted,250251402022,0.1411764705882353,0.2529411764705882,0.3137254901960784,0.292156862745098
Behavioral anchoring,adjusted,250235102004,0.132829373650108,0.1339092872570194,0.357451403887689,0.3758099352051836
Behavioral anchoring,adjusted,250092211001,0.2035928143712574,0.0344311377245509,0.3248502994011976,0.437125748502994
Behavioral anchoring,adjusted,250173363003,0.0546075085324232,0.0870307167235494,0.1040955631399317,0.7542662116040956
Behavioral anchoring,adjusted,250092041022,0.1392070484581497,0.2237885462555066,0.320704845814978,0.3162995594713656
Behavioral anchoring,adjusted,250092082001,0.0,0.1348314606741573,0.4531835205992509,0.4119850187265917
Behavioral anchoring,adjusted,250092082003,0.3030612244897959,0.2724489795918367,0.2081632653061224,0.2163265306122449
Behavioral anchoring,adjusted,250173746001,0.0,0.0092165898617511,0.1490015360983103,0.8417818740399385
Behavioral anchoring,adjusted,250092506003,0.2719449225473322,0.423407917383821,0.1549053356282272,0.1497418244406196
Behavioral anchoring,adjusted,250173871004,0.082004555808656,0.1548974943052392,0.3234624145785877,0.4396355353075171
Behavioral anchoring,adjusted,250173871003,0.0271186440677966,0.0610169491525423,0.1932203389830508,0.7186440677966102
Behavioral anchoring,adjusted,330151001001,0.065359477124183,0.059912854030501,0.2657952069716776,0.6089324618736384
Behavioral anchoring,adjusted,250235012012,0.066047471620227,0.0082559339525283,0.067079463364293,0.8586171310629515
Behavioral anchoring,adjusted,330151001003,0.1236111111111111,0.0333333333333333,0.2097222222222222,0.6333333333333333
Behavioral anchoring,adjusted,250173742003,0.0,0.1111111111111111,0.0202020202020202,0.8686868686868687
Behavioral anchoring,adjusted,250173400002,0.173780487804878,0.1097560975609756,0.1341463414634146,0.5823170731707317
Behavioral anchoring,adjusted,250251011024,0.316017316017316,0.341991341991342,0.0692640692640692,0.2727272727272727
Behavioral anchoring,adjusted,250235309021,0.0634146341463414,0.1024390243902439,0.1963414634146341,0.6378048780487805
Behavioral anchoring,adjusted,250235309022,0.0232288037166085,0.1300813008130081,0.389082462253194,0.4576074332171893
Behavioral anchoring,adjusted,250214061023,0.0,0.0512048192771084,0.0421686746987951,0.9066265060240964
Behavioral anchoring,adjusted,250173740001,0.1340996168582375,0.0153256704980842,0.2126436781609195,0.6379310344827587
Behavioral anchoring,adjusted,250173740002,0.1160990712074303,0.1811145510835913,0.0913312693498452,0.6114551083591331
Behavioral anchoring,adjusted,250092502001,0.1895861148197596,0.1829105473965287,0.3658210947930574,0.2616822429906542
Behavioral anchoring,adjusted,250173738001,0.0237037037037037,0.0192592592592592,0.1111111111111111,0.845925925925926
Behavioral anchoring,adjusted,250214143003,0.0,0.0,0.1029702970297029,0.897029702970297
Behavioral anchoring,adjusted,250235221022,0.1046698872785829,0.1417069243156199,0.1368760064412238,0.6167471819645732
Behavioral anchoring,adjusted,250092543012,0.0328358208955223,0.0164179104477611,0.1104477611940298,0.8402985074626865
Behavioral anchoring,adjusted,250235305005,0.1424460431654676,0.1309352517985611,0.2676258992805755,0.4589928057553957
Behavioral anchoring,adjusted,250173822002,0.0789946140035906,0.0179533213644524,0.1418312387791741,0.7612208258527827
Behavioral anchoring,adjusted,250173353011,0.1711491442542787,0.0782396088019559,0.1540342298288508,0.5965770171149144
Behavioral anchoring,adjusted,250173353021,0.2039660056657223,0.0198300283286118,0.2662889518413597,0.509915014164306
Behavioral anchoring,adjusted,250173353022,0.0253968253968253,0.1428571428571428,0.2476190476190476,0.5841269841269842
Behavioral anchoring,adjusted,250092541005,0.0,0.0582191780821917,0.1027397260273972,0.839041095890411
Behavioral anchoring,adjusted,250251005005,0.2081545064377682,0.3497854077253219,0.1909871244635193,0.2510729613733906
Behavioral anchoring,adjusted,250214141004,0.0487062404870624,0.0776255707762557,0.1491628614916286,0.7245053272450532
Behavioral anchoring,adjusted,250173181004,0.0,0.0375375375375375,0.2762762762762762,0.6861861861861862
Behavioral anchoring,adjusted,250173351002,0.0754716981132075,0.080188679245283,0.2594339622641509,0.5849056603773585
Behavioral anchoring,adjusted,250173564006,0.1041666666666666,0.0,0.0859375,0.8098958333333334
Behavioral anchoring,adjusted,250173564008,0.1049822064056939,0.0676156583629893,0.1530249110320284,0.6743772241992882
Behavioral anchoring,adjusted,250092113001,0.0561797752808988,0.0948813982521847,0.097378277153558,0.7515605493133583
Behavioral anchoring,adjusted,250214225012,0.2305529522024367,0.1836925960637301,0.2924086223055295,0.2933458294283037
Behavioral anchoring,adjusted,250173392006,0.0,0.1376404494382022,0.1629213483146067,0.699438202247191
Behavioral anchoring,adjusted,250092111001,0.25,0.2709923664122137,0.1679389312977099,0.3110687022900763
Behavioral anchoring,adjusted,250092068002,0.5134865134865135,0.2407592407592407,0.1218781218781218,0.1238761238761238
Behavioral anchoring,adjusted,250214051001,0.0161943319838056,0.0701754385964912,0.0512820512820512,0.8623481781376519
Behavioral anchoring,adjusted,250214221001,0.0942307692307692,0.1826923076923076,0.273076923076923,0.45
Behavioral anchoring,adjusted,250092109001,0.0818181818181818,0.2727272727272727,0.2836363636363636,0.3618181818181818
Behavioral anchoring,adjusted,250092621003,0.2166666666666666,0.2740740740740741,0.224074074074074,0.2851851851851852
Behavioral anchoring,adjusted,250092109003,0.2823529411764706,0.1241830065359477,0.2379084967320261,0.3555555555555555
Behavioral anchoring,adjusted,250092621001,0.0,0.5153846153846153,0.2538461538461538,0.2307692307692307
Behavioral anchoring,adjusted,250250104032,0.4293680297397769,0.3401486988847583,0.1654275092936803,0.0650557620817843
Behavioral anchoring,adjusted,250214178021,0.1691542288557214,0.2172470978441127,0.3366500829187396,0.2769485903814262
Behavioral anchoring,adjusted,250092107001,0.0824742268041237,0.2135493372606774,0.4933726067746686,0.2106038291605302
Behavioral anchoring,adjusted,250092107002,0.1896551724137931,0.4236453201970443,0.3423645320197044,0.0443349753694581
Behavioral anchoring,adjusted,250214561022,0.0705052878965922,0.1586368977673325,0.2843713278495887,0.4864864864864865
Behavioral anchoring,adjusted,250235082001,0.0161290322580645,0.1359447004608295,0.1152073732718894,0.7327188940092166
Behavioral anchoring,adjusted,250092021011,0.0375426621160409,0.2969283276450511,0.2218430034129692,0.4436860068259385
Behavioral anchoring,adjusted,250092021012,0.0198019801980198,0.0759075907590759,0.2475247524752475,0.6567656765676567
Behavioral anchoring,adjusted,250214176022,0.1854460093896713,0.1443661971830986,0.1431924882629108,0.5269953051643192
Behavioral anchoring,adjusted,250214176023,0.3480791618160652,0.1350407450523865,0.189755529685681,0.3271245634458672
Behavioral anchoring,adjusted,250173343002,0.0393939393939393,0.0848484848484848,0.1727272727272727,0.703030303030303
Behavioral anchoring,adjusted,250173343003,0.1199400299850075,0.0779610194902548,0.1409295352323838,0.6611694152923538
Behavioral anchoring,adjusted,250173173021,0.1403508771929824,0.0733652312599681,0.2727272727272727,0.5135566188197768
Behavioral anchoring,adjusted,250092105003,0.0,0.1330049261083744,0.0788177339901477,0.7881773399014779
Behavioral anchoring,adjusted,250173513001,0.1273148148148148,0.0983796296296296,0.1261574074074074,0.6481481481481481
Behavioral anchoring,adjusted,250092062001,0.0398406374501992,0.0358565737051792,0.5856573705179283,0.3386454183266932
Behavioral anchoring,adjusted,250173683004,0.0315398886827458,0.1094619666048237,0.424860853432282,0.4341372912801484
Behavioral anchoring,adjusted,250173384001,0.0146520146520146,0.0329670329670329,0.0549450549450549,0.8974358974358975
Behavioral anchoring,adjusted,250173384002,0.0,0.0,0.0652173913043478,0.9347826086956522
Behavioral anchoring,adjusted,250173341003,0.0,0.0914076782449725,0.1663619744058501,0.7422303473491774
Behavioral anchoring,adjusted,250235252042,0.0190114068441064,0.0570342205323193,0.3517110266159696,0.5722433460076045
Behavioral anchoring,adjusted,250235252041,0.0144,0.0128,0.1344,0.8384
Behavioral anchoring,adjusted,250092101001,0.0791304347826087,0.1165217391304347,0.2565217391304348,0.5478260869565217
Behavioral anchoring,adjusted,250092101004,0.0,0.032258064516129,0.1915322580645161,0.7762096774193549
Behavioral anchoring,adjusted,250250821003,0.4271457085828343,0.1946107784431137,0.1736526946107784,0.2045908183632734
Behavioral anchoring,adjusted,250092058002,0.2852233676975945,0.1752577319587628,0.2405498281786941,0.2989690721649484
Behavioral anchoring,adjusted,250092058003,0.1919831223628691,0.2362869198312236,0.2848101265822785,0.2869198312236287
Behavioral anchoring,adjusted,250092056001,0.4593175853018372,0.3149606299212598,0.0971128608923884,0.1286089238845144
Behavioral anchoring,adjusted,250092056003,0.1608247422680412,0.1938144329896907,0.2783505154639175,0.3670103092783505
Behavioral anchoring,adjusted,250092056004,0.1643835616438356,0.1050228310502283,0.3150684931506849,0.4155251141552511
Behavioral anchoring,adjusted,250173165004,0.064516129032258,0.2379032258064516,0.3870967741935484,0.3104838709677419
Behavioral anchoring,adjusted,250235117011,0.1652892561983471,0.0991735537190082,0.2438016528925619,0.4917355371900826
Behavioral anchoring,adjusted,250092525011,0.1020642201834862,0.1892201834862385,0.3807339449541284,0.3279816513761467
Behavioral anchoring,adjusted,250251202012,0.3125,0.1282894736842105,0.1644736842105263,0.3947368421052631
Behavioral anchoring,adjusted,250235201001,0.0884450784593438,0.1925820256776034,0.1198288159771754,0.5991440798858774
Behavioral anchoring,adjusted,250092609003,0.2886075949367088,0.3493670886075949,0.1848101265822785,0.1772151898734177
Behavioral anchoring,adjusted,250235031022,0.037109375,0.02734375,0.08984375,0.845703125
Behavioral anchoring,adjusted,250235031023,0.0,0.0293040293040293,0.1098901098901098,0.8608058608058609
Behavioral anchoring,adjusted,250092054003,0.0405982905982906,0.1089743589743589,0.1581196581196581,0.6923076923076923
Behavioral anchoring,adjusted,250173335021,0.1017173051519154,0.3381770145310436,0.2417437252311756,0.3183619550858652
Behavioral anchoring,adjusted,250092011001,0.0512129380053908,0.1563342318059299,0.2048517520215633,0.5876010781671159
Behavioral anchoring,adjusted,250173163005,0.0,0.0,0.3235955056179775,0.6764044943820224
Behavioral anchoring,adjusted,250214123001,0.1151079136690647,0.0402877697841726,0.0906474820143884,0.753956834532374
Behavioral anchoring,adjusted,250092181004,0.0746634026927784,0.0379436964504283,0.1395348837209302,0.7478580171358629
Behavioral anchoring,adjusted,250092181001,0.0,0.0100250626566416,0.1654135338345864,0.8245614035087719
Behavioral anchoring,adjusted,250092607001,0.1892147587511826,0.2544938505203405,0.2923368022705771,0.2639545884578997
Behavioral anchoring,adjusted,330151061021,0.056772100567721,0.0381184103811841,0.2206001622060016,0.6845093268450932
Behavioral anchoring,adjusted,250092052002,0.0820895522388059,0.0373134328358208,0.2412935323383084,0.6393034825870647
Behavioral anchoring,adjusted,250092052005,0.0641025641025641,0.0,0.5683760683760684,0.3675213675213675
Behavioral anchoring,adjusted,250250004011,0.0,0.0494623655913978,0.5494623655913978,0.4010752688172043
Behavioral anchoring,adjusted,250214121003,0.0406290956749672,0.0327653997378768,0.0602883355176933,0.8663171690694627
Behavioral anchoring,adjusted,250235113011,0.2423714036617262,0.2371403661726242,0.1586748038360941,0.3618134263295554
Behavioral anchoring,adjusted,250235113013,0.059171597633136,0.378698224852071,0.2402366863905325,0.3218934911242603
Behavioral anchoring,adjusted,250173587002,0.0168421052631578,0.0463157894736842,0.0147368421052631,0.9221052631578948
Behavioral anchoring,adjusted,250092521021,0.0185185185185185,0.037037037037037,0.2407407407407407,0.7037037037037037
Behavioral anchoring,adjusted,250092521023,0.0135135135135135,0.1756756756756756,0.3074324324324324,0.5033783783783784
Behavioral anchoring,adjusted,250092605002,0.032258064516129,0.0403225806451612,0.3306451612903225,0.5967741935483871
Behavioral anchoring,adjusted,250235111001,0.0553097345132743,0.1725663716814159,0.5033185840707964,0.2688053097345133
Behavioral anchoring,adjusted,250251708004,0.21580547112462,0.1489361702127659,0.4194528875379939,0.21580547112462
Behavioral anchoring,adjusted,250173372012,0.0515463917525773,0.0412371134020618,0.190721649484536,0.7164948453608248
Behavioral anchoring,adjusted,250173372021,0.0261682242990654,0.1644859813084112,0.1327102803738317,0.6766355140186916
Behavioral anchoring,adjusted,250092091003,0.0565068493150684,0.1232876712328767,0.148972602739726,0.6712328767123288
Behavioral anchoring,adjusted,250092517001,0.0619578686493184,0.1648079306071871,0.1945477075588599,0.5786864931846345
Behavioral anchoring,adjusted,250214203023,0.0688405797101449,0.25,0.3768115942028985,0.3043478260869565
Behavioral anchoring,adjusted,330150670001,0.0437158469945355,0.0846994535519125,0.1038251366120218,0.76775956284153
Behavioral anchoring,adjusted,330150670003,0.0,0.1796200345423143,0.1450777202072538,0.6753022452504318
Behavioral anchoring,adjusted,250092046002,0.0651801029159519,0.0651801029159519,0.3447684391080617,0.5248713550600344
Behavioral anchoring,adjusted,250173155005,0.0799220272904483,0.1773879142300194,0.1773879142300194,0.5653021442495126
Behavioral anchoring,adjusted,250235107005,0.1112984822934232,0.0691399662731871,0.1365935919055649,0.6829679595278246
Behavioral anchoring,adjusted,250173837001,0.1618122977346278,0.2168284789644013,0.0388349514563106,0.5825242718446602
Behavioral anchoring,adjusted,250092173002,0.261501210653753,0.1694915254237288,0.1210653753026634,0.4479418886198547
Behavioral anchoring,adjusted,250173581003,0.0148975791433892,0.0,0.0782122905027933,0.9068901303538176
Behavioral anchoring,adjusted,250173411021,0.3029100529100529,0.1402116402116402,0.1865079365079365,0.3703703703703703
Behavioral anchoring,adjusted,250251106011,0.0310492505353319,0.1552462526766595,0.2044967880085653,0.6092077087794433
Behavioral anchoring,adjusted,250173323003,0.0798319327731092,0.1491596638655462,0.203781512605042,0.5672268907563025
Behavioral anchoring,adjusted,250173323004,0.1617418351477449,0.1073094867807153,0.093312597200622,0.6376360808709176
Behavioral anchoring,adjusted,330151051004,0.0905882352941176,0.1070588235294117,0.3152941176470588,0.4870588235294117
Behavioral anchoring,adjusted,250251403006,0.3023872679045092,0.0185676392572944,0.6790450928381963,0.0
Behavioral anchoring,adjusted,250173835013,0.0643564356435643,0.0742574257425742,0.2599009900990099,0.6014851485148515
Behavioral anchoring,adjusted,250214412041,0.0444162436548223,0.0583756345177665,0.2246192893401015,0.6725888324873096
Behavioral anchoring,adjusted,250214197002,0.1408573928258967,0.1006124234470691,0.0936132983377077,0.6649168853893264
Behavioral anchoring,adjusted,250251104011,0.161507402422611,0.1090174966352624,0.4387617765814266,0.2907133243606998
Behavioral anchoring,adjusted,250092042003,0.0737951807228915,0.1506024096385542,0.4051204819277108,0.3704819277108434
Behavioral anchoring,adjusted,250251106072,0.0495626822157434,0.0510204081632653,0.2099125364431487,0.6895043731778425
Behavioral anchoring,adjusted,250173321001,0.0,0.0373831775700934,0.2398753894080997,0.7227414330218068
Behavioral anchoring,adjusted,250173833001,0.2789968652037617,0.1598746081504702,0.3401253918495298,0.2210031347962382
Behavioral anchoring,adjusted,250173833002,0.1106500691562932,0.0442600276625172,0.326417704011065,0.5186721991701245
Behavioral anchoring,adjusted,250173364024,0.1453590192644483,0.138353765323993,0.0227670753064798,0.6935201401050788
Behavioral anchoring,adjusted,250214195001,0.0470219435736677,0.1253918495297805,0.231974921630094,0.5956112852664577
Behavioral anchoring,adjusted,250214195002,0.0682926829268292,0.0646341463414634,0.1378048780487805,0.7292682926829268
Behavioral anchoring,adjusted,250251401021,0.2288329519450801,0.137299771167048,0.1624713958810068,0.4713958810068649
Behavioral anchoring,adjusted,250173661004,0.1912087912087912,0.0681318681318681,0.0,0.7406593406593407
Behavioral anchoring,adjusted,250251401051,0.1818181818181818,0.0973111395646607,0.3252240717029449,0.3956466069142125
Behavioral anchoring,adjusted,250173106021,0.0775656324582338,0.0214797136038186,0.4009546539379475,0.5
Behavioral anchoring,adjusted,250235441001,0.1402985074626865,0.1522388059701492,0.2567164179104477,0.4507462686567164
Behavioral anchoring,adjusted,250250801001,0.3925,0.3025,0.1175,0.1875
Behavioral anchoring,adjusted,250235441003,0.0641791044776119,0.108955223880597,0.4104477611940298,0.4164179104477612
Behavioral anchoring,adjusted,250092081011,0.1484375,0.1796875,0.2942708333333333,0.3776041666666667
Behavioral anchoring,adjusted,250092081013,0.0307262569832402,0.1927374301675977,0.2402234636871508,0.5363128491620112
Behavioral anchoring,adjusted,250092081014,0.0681818181818181,0.0700757575757575,0.2954545454545454,0.5662878787878788
Behavioral anchoring,adjusted,250092081012,0.2063732928679817,0.1760242792109256,0.2655538694992412,0.3520485584218513
Behavioral anchoring,adjusted,330170802031,0.3452914798206278,0.4798206278026906,0.1300448430493273,0.0448430493273542
Behavioral anchoring,adjusted,250092081021,0.0542168674698795,0.144578313253012,0.3373493975903614,0.463855421686747
Behavioral anchoring,adjusted,330151002003,0.0930232558139534,0.3054263565891473,0.2263565891472868,0.3751937984496124
Behavioral anchoring,adjusted,250214191001,0.146,0.172,0.112,0.57
Behavioral anchoring,adjusted,250214021022,0.2022471910112359,0.0876404494382022,0.3707865168539326,0.3393258426966292
Behavioral anchoring,adjusted,250092505003,0.2576687116564417,0.2494887525562372,0.492842535787321,0.0
Behavioral anchoring,adjusted,250235011013,0.0790960451977401,0.2231638418079096,0.019774011299435,0.6779661016949152
Behavioral anchoring,adjusted,250173741002,0.0371057513914656,0.0612244897959183,0.3302411873840445,0.5714285714285714
Behavioral anchoring,adjusted,250235011023,0.0179257362355953,0.0704225352112676,0.0448143405889884,0.8668373879641486
Behavioral anchoring,adjusted,250235011024,0.0646698434309053,0.0585432266848196,0.2716133424098025,0.6051735874744725
Behavioral anchoring,adjusted,250251010011,0.0,0.0609756097560975,0.3373983739837398,0.6016260162601627
Behavioral anchoring,adjusted,250251010013,0.3296213808463251,0.1759465478841871,0.4142538975501114,0.0801781737193764
Behavioral anchoring,adjusted,250250924001,0.0859375,0.33984375,0.29296875,0.28125
Behavioral anchoring,adjusted,250173143011,0.1057367829021372,0.2395950506186726,0.2103487064116985,0.4443194600674915
Behavioral anchoring,adjusted,250173143013,0.0344827586206896,0.0702917771883289,0.2055702917771883,0.6896551724137931
Behavioral anchoring,adjusted,250173143015,0.1077844311377245,0.2904191616766467,0.1027944111776447,0.499001996007984
Behavioral anchoring,unadjusted,250251008001,0.1013215859030837,0.2599118942731278,0.2951541850220264,0.3436123348017621
Behavioral anchoring,unadjusted,250251008002,0.0332225913621262,0.0996677740863787,0.3006644518272425,0.5664451827242525
Behavioral anchoring,unadjusted,250092032002,0.0,0.0934579439252336,0.3052959501557632,0.6012461059190031
Behavioral anchoring,unadjusted,330170880001,0.1269349845201238,0.1486068111455108,0.2755417956656347,0.4489164086687306
Behavioral anchoring,unadjusted,250251008005,0.1458885941644562,0.1803713527851458,0.246684350132626,0.4270557029177719
Behavioral anchoring,unadjusted,250251008006,0.227176220806794,0.3375796178343949,0.1210191082802547,0.3142250530785562
Behavioral anchoring,unadjusted,330170880003,0.0851581508515815,0.1277372262773722,0.2956204379562044,0.4914841849148418
Behavioral anchoring,unadjusted,250214101001,0.2331691297208538,0.1280788177339901,0.2052545155993431,0.4334975369458128
Behavioral anchoring,unadjusted,250092544011,0.0,0.1581632653061224,0.1607142857142857,0.6811224489795918
Behavioral anchoring,unadjusted,250214101002,0.1603053435114503,0.1017811704834605,0.4173027989821883,0.3206106870229007
Behavioral anchoring,unadjusted,250250922001,0.0716723549488054,0.1331058020477815,0.2320819112627986,0.5631399317406144
Behavioral anchoring,unadjusted,250173354002,0.0314049586776859,0.171900826446281,0.2115702479338843,0.5851239669421487
Behavioral anchoring,unadjusted,250250922003,0.1759259259259259,0.1388888888888889,0.2530864197530864,0.4320987654320987
Behavioral anchoring,unadjusted,250250922004,0.1810344827586207,0.3232758620689655,0.3534482758620689,0.1422413793103448
Behavioral anchoring,unadjusted,250173354001,0.032258064516129,0.1397849462365591,0.0875576036866359,0.7403993855606759
Behavioral anchoring,unadjusted,250092544031,0.0389321468298109,0.0756395995550611,0.1457174638487208,0.7397107897664071
Behavioral anchoring,unadjusted,330150697003,0.0329113924050632,0.1215189873417721,0.2354430379746835,0.610126582278481
Behavioral anchoring,unadjusted,250092542001,0.1892857142857142,0.1285714285714285,0.3035714285714285,0.3785714285714285
Behavioral anchoring,unadjusted,250092542002,0.2681940700808625,0.0471698113207547,0.1886792452830188,0.4959568733153638
Behavioral anchoring,unadjusted,250251006014,0.3234672304439746,0.0,0.2188160676532769,0.4577167019027484
Behavioral anchoring,unadjusted,250235091011,0.0119880119880119,0.4375624375624375,0.1268731268731268,0.4235764235764235
Behavioral anchoring,unadjusted,250250920003,0.0561797752808988,0.1573033707865168,0.2584269662921348,0.5280898876404494
Behavioral anchoring,unadjusted,250235261003,0.1399491094147582,0.1017811704834605,0.4758269720101781,0.2824427480916031
Behavioral anchoring,unadjusted,250235261004,0.320839580209895,0.1904047976011994,0.2338830584707646,0.2548725637181409
Behavioral anchoring,unadjusted,250251004002,0.2031662269129287,0.1319261213720316,0.1662269129287599,0.4986807387862796
Behavioral anchoring,unadjusted,250251004003,0.1951219512195122,0.0619136960600375,0.2120075046904315,0.5309568480300187
Behavioral anchoring,unadjusted,250251004004,0.1070559610705596,0.2335766423357664,0.1776155717761557,0.4817518248175182
Behavioral anchoring,unadjusted,250092114021,0.031578947368421,0.0631578947368421,0.1488721804511278,0.7563909774436091
Behavioral anchoring,unadjusted,250092114022,0.0904761904761904,0.1952380952380952,0.3892857142857143,0.325
Behavioral anchoring,unadjusted,250092114024,0.0,0.0462046204620462,0.396039603960396,0.5577557755775577
Behavioral anchoring,unadjusted,250235601001,0.0729783037475345,0.1715976331360946,0.2366863905325443,0.5187376725838264
Behavioral anchoring,unadjusted,250235601002,0.0,0.0,0.7905138339920948,0.2094861660079051
Behavioral anchoring,unadjusted,250235601003,0.0184397163120567,0.2297872340425532,0.1602836879432624,0.5914893617021276
Behavioral anchoring,unadjusted,250235601005,0.1136363636363636,0.0454545454545454,0.0454545454545454,0.7954545454545454
Behavioral anchoring,unadjusted,250235601006,0.025695931477516,0.0171306209850107,0.5139186295503212,0.443254817987152
Behavioral anchoring,unadjusted,250250918001,0.4388111888111888,0.1590909090909091,0.1835664335664335,0.2185314685314685
Behavioral anchoring,unadjusted,250173733001,0.1354166666666666,0.0729166666666666,0.0572916666666666,0.734375
Behavioral anchoring,unadjusted,250173733003,0.0215311004784689,0.0813397129186602,0.1961722488038277,0.7009569377990431
Behavioral anchoring,unadjusted,250250916001,0.1792294807370184,0.0251256281407035,0.4271356783919598,0.3685092127303183
Behavioral anchoring,unadjusted,330150691002,0.0276752767527675,0.0977859778597785,0.3007380073800738,0.5738007380073801
Behavioral anchoring,unadjusted,330150691003,0.2874015748031496,0.1377952755905512,0.2303149606299212,0.3444881889763779
Behavioral anchoring,unadjusted,250173731003,0.0,0.0634517766497461,0.583756345177665,0.3527918781725888
Behavioral anchoring,unadjusted,330151074001,0.0526315789473684,0.1473684210526315,0.2473684210526315,0.5526315789473685
Behavioral anchoring,unadjusted,330151074002,0.0612244897959183,0.0530612244897959,0.3265306122448979,0.5591836734693878
Behavioral anchoring,unadjusted,250235001043,0.0,0.1685082872928177,0.5,0.3314917127071823
Behavioral anchoring,unadjusted,250092022001,0.0,0.0492957746478873,0.2112676056338028,0.7394366197183099
Behavioral anchoring,unadjusted,250092022002,0.0375203915171288,0.0244698205546492,0.3262642740619902,0.6117455138662317
Behavioral anchoring,unadjusted,250092022003,0.0578512396694214,0.0,0.3429752066115702,0.5991735537190083
Behavioral anchoring,unadjusted,250173686005,0.0678260869565217,0.1252173913043478,0.128695652173913,0.6782608695652174
Behavioral anchoring,unadjusted,250092022006,0.1415770609318996,0.1075268817204301,0.1057347670250896,0.6451612903225806
Behavioral anchoring,unadjusted,250173344002,0.1344307270233196,0.1083676268861454,0.2304526748971193,0.5267489711934157
Behavioral anchoring,unadjusted,250173344003,0.0919037199124726,0.161925601750547,0.3522975929978118,0.3938730853391685
Behavioral anchoring,unadjusted,250173344004,0.0153482880755608,0.1227863046044864,0.2066115702479339,0.6552538370720189
Behavioral anchoring,unadjusted,250214091022,0.0385093167701863,0.008695652173913,0.1838509316770186,0.768944099378882
Behavioral anchoring,unadjusted,250092532011,0.0575916230366492,0.2408376963350785,0.212914485165794,0.4886561954624782
Behavioral anchoring,unadjusted,250173342001,0.0440771349862259,0.0440771349862259,0.1955922865013774,0.7162534435261708
Behavioral anchoring,unadjusted,250173342002,0.0476190476190476,0.1079365079365079,0.3015873015873015,0.5428571428571428
Behavioral anchoring,unadjusted,250235081012,0.0,0.1219512195121951,0.0842572062084257,0.7937915742793792
Behavioral anchoring,unadjusted,250173342004,0.1393442622950819,0.0942622950819672,0.2377049180327868,0.5286885245901639
Behavioral anchoring,unadjusted,250235081014,0.0429752066115702,0.0892561983471074,0.1074380165289256,0.7603305785123967
Behavioral anchoring,unadjusted,250235081015,0.0422885572139303,0.0895522388059701,0.263681592039801,0.6044776119402985
Behavioral anchoring,unadjusted,250092532024,0.1448275862068965,0.1387931034482758,0.4275862068965517,0.2887931034482758
Behavioral anchoring,unadjusted,250092532023,0.4472573839662447,0.040084388185654,0.0316455696202531,0.4810126582278481
Behavioral anchoring,unadjusted,250235081021,0.0397805212620027,0.0589849108367626,0.2976680384087791,0.6035665294924554
Behavioral anchoring,unadjusted,250092532031,0.0804597701149425,0.1685823754789272,0.0651340996168582,0.685823754789272
Behavioral anchoring,unadjusted,250092532041,0.0929095354523227,0.0366748166259168,0.1662591687041564,0.7041564792176039
Behavioral anchoring,unadjusted,250092532042,0.1886792452830188,0.0440251572327044,0.1635220125786163,0.6037735849056604
Behavioral anchoring,unadjusted,250092532043,0.1142191142191142,0.0209790209790209,0.1981351981351981,0.6666666666666666
Behavioral anchoring,unadjusted,250092061002,0.2248157248157248,0.2113022113022113,0.3992628992628992,0.1646191646191646
Behavioral anchoring,unadjusted,250235421012,0.0139458572600492,0.2969647251845775,0.2846595570139458,0.4044298605414274
Behavioral anchoring,unadjusted,250173383002,0.1291448516579406,0.1657940663176265,0.0715532286212914,0.6335078534031413
Behavioral anchoring,unadjusted,250173383003,0.2777777777777778,0.0268199233716475,0.1034482758620689,0.5919540229885057
Behavioral anchoring,unadjusted,250092102002,0.0648148148148148,0.074074074074074,0.2037037037037037,0.6574074074074074
Behavioral anchoring,unadjusted,250092102003,0.0241116751269035,0.1269035532994923,0.182741116751269,0.666243654822335
Behavioral anchoring,unadjusted,250092059002,0.261455525606469,0.1913746630727762,0.4070080862533692,0.1401617250673854
Behavioral anchoring,unadjusted,250092059003,0.2772925764192139,0.1877729257641921,0.2816593886462882,0.2532751091703056
Behavioral anchoring,unadjusted,250173381002,0.082942097026604,0.1533646322378716,0.1408450704225352,0.622848200312989
Behavioral anchoring,unadjusted,250251801013,0.5510688836104513,0.0356294536817102,0.1306413301662707,0.2826603325415677
Behavioral anchoring,unadjusted,250173123003,0.1017369727047146,0.0769230769230769,0.575682382133995,0.2456575682382134
Behavioral anchoring,unadjusted,250173422011,0.1877828054298642,0.2149321266968326,0.3438914027149321,0.253393665158371
Behavioral anchoring,unadjusted,250250904002,0.3830734966592428,0.0979955456570155,0.2249443207126948,0.2939866369710467
Behavioral anchoring,unadjusted,330151064002,0.0944963655244029,0.1235721703011422,0.3738317757009345,0.4080996884735202
Behavioral anchoring,unadjusted,250092141002,0.0924528301886792,0.030188679245283,0.1358490566037735,0.7415094339622641
Behavioral anchoring,unadjusted,250092055001,0.1863636363636363,0.1693181818181818,0.2613636363636363,0.3829545454545454
Behavioral anchoring,unadjusted,330170860002,0.0556309362279511,0.0881953867028493,0.2510176390773406,0.6051560379918589
Behavioral anchoring,unadjusted,330151062001,0.1365914786967418,0.2468671679197994,0.4711779448621553,0.1453634085213032
Behavioral anchoring,unadjusted,250173334003,0.0649350649350649,0.0,0.262987012987013,0.672077922077922
Behavioral anchoring,unadjusted,330151062003,0.1544117647058823,0.3088235294117647,0.2696078431372549,0.267156862745098
Behavioral anchoring,unadjusted,250173334005,0.0,0.0354609929078014,0.4964539007092198,0.4680851063829787
Behavioral anchoring,unadjusted,330151062002,0.0677966101694915,0.1016949152542373,0.1728813559322033,0.6576271186440678
Behavioral anchoring,unadjusted,330151062004,0.2478991596638655,0.2626050420168067,0.2710084033613445,0.2184873949579832
Behavioral anchoring,unadjusted,330150038011,0.0,0.0549273021001615,0.258481421647819,0.6865912762520194
Behavioral anchoring,unadjusted,250214081022,0.0264623955431754,0.1142061281337047,0.2855153203342618,0.5738161559888579
Behavioral anchoring,unadjusted,250092608001,0.2870264064293915,0.2835820895522388,0.2411021814006888,0.1882893226176808
Behavioral anchoring,unadjusted,330150038021,0.0237825594563986,0.101925254813137,0.232163080407701,0.6421291053227633
Behavioral anchoring,unadjusted,250092053002,0.0900621118012422,0.1925465838509316,0.2204968944099379,0.4968944099378882
Behavioral anchoring,unadjusted,250173418001,0.192,0.056,0.4586666666666666,0.2933333333333333
Behavioral anchoring,unadjusted,250235114001,0.0,0.1015228426395939,0.7715736040609137,0.1269035532994923
Behavioral anchoring,unadjusted,250235114002,0.1878980891719745,0.1273885350318471,0.5286624203821656,0.1560509554140127
Behavioral anchoring,unadjusted,250214421012,0.020297699594046,0.0378890392422192,0.155615696887686,0.7861975642760487
Behavioral anchoring,unadjusted,250173119002,0.5748930099857347,0.1968616262482168,0.1440798858773181,0.0841654778887303
Behavioral anchoring,unadjusted,250092522012,0.0171990171990172,0.242014742014742,0.3071253071253071,0.4336609336609336
Behavioral anchoring,unadjusted,250173332001,0.0563583815028901,0.1228323699421965,0.2138728323699422,0.6069364161849711
Behavioral anchoring,unadjusted,250173332004,0.1963302752293578,0.1192660550458715,0.1412844036697247,0.5431192660550459
Behavioral anchoring,unadjusted,250235071013,0.0578661844484629,0.0940325497287522,0.0560578661844484,0.7920433996383364
Behavioral anchoring,unadjusted,250092522021,0.0268987341772151,0.0284810126582278,0.2626582278481013,0.6819620253164557
Behavioral anchoring,unadjusted,250092522022,0.0476190476190476,0.2653061224489796,0.1802721088435374,0.5068027210884354
Behavioral anchoring,unadjusted,250235454003,0.0672268907563025,0.1974789915966386,0.4747899159663865,0.2605042016806723
Behavioral anchoring,unadjusted,250235454004,0.4600484261501211,0.1016949152542373,0.397094430992736,0.0411622276029055
Behavioral anchoring,unadjusted,250235454005,0.1651612903225806,0.3883870967741935,0.2761290322580645,0.1703225806451613
Behavioral anchoring,unadjusted,250235071032,0.1097256857855361,0.084788029925187,0.0448877805486284,0.7605985037406484
Behavioral anchoring,unadjusted,250235411001,0.010062893081761,0.0729559748427673,0.3358490566037735,0.5811320754716981
Behavioral anchoring,unadjusted,250235411003,0.0676855895196506,0.0393013100436681,0.3733624454148471,0.519650655021834
Behavioral anchoring,unadjusted,250235071041,0.0436974789915966,0.0436974789915966,0.1596638655462184,0.7529411764705882
Behavioral anchoring,unadjusted,250173416003,0.0659793814432989,0.1092783505154639,0.1958762886597938,0.6288659793814433
Behavioral anchoring,unadjusted,250250003014,0.0474683544303797,0.0822784810126582,0.2816455696202531,0.5886075949367089
Behavioral anchoring,unadjusted,250250003022,0.070528967254408,0.0629722921914357,0.3488664987405541,0.517632241813602
Behavioral anchoring,unadjusted,250250003021,0.0508806262230919,0.1526418786692759,0.2798434442270058,0.5166340508806262
Behavioral anchoring,unadjusted,250235452003,0.1165865384615384,0.2668269230769231,0.235576923076923,0.3810096153846153
Behavioral anchoring,unadjusted,250092092004,0.0,0.0319829424307036,0.1023454157782516,0.8656716417910447
Behavioral anchoring,unadjusted,250235452004,0.2021621621621621,0.2864864864864865,0.254054054054054,0.2572972972972973
Behavioral anchoring,unadjusted,250173414002,0.0,0.3264462809917355,0.2355371900826446,0.4380165289256198
Behavioral anchoring,unadjusted,250092518004,0.0675883256528417,0.1351766513056835,0.3010752688172043,0.4961597542242703
Behavioral anchoring,unadjusted,250092604022,0.0458333333333333,0.2333333333333333,0.2083333333333333,0.5125
Behavioral anchoring,unadjusted,250235110002,0.3464696223316913,0.277504105090312,0.2791461412151067,0.0968801313628899
Behavioral anchoring,unadjusted,250173883001,0.7151979565772669,0.1583652618135377,0.1264367816091954,0.0
Behavioral anchoring,unadjusted,250173584002,0.1037344398340249,0.0809128630705394,0.2385892116182572,0.5767634854771784
Behavioral anchoring,unadjusted,250173584003,0.0833333333333333,0.0721153846153846,0.1137820512820512,0.7307692307692307
Behavioral anchoring,unadjusted,250173371011,0.0504201680672268,0.0525210084033613,0.1491596638655462,0.7478991596638656
Behavioral anchoring,unadjusted,250092219011,0.1981651376146789,0.0862385321100917,0.2807339449541284,0.4348623853211009
Behavioral anchoring,unadjusted,250173371022,0.0766062602965403,0.1112026359143327,0.2611202635914332,0.5510708401976936
Behavioral anchoring,unadjusted,250251707025,0.5325884543761639,0.2290502793296089,0.0633147113594041,0.1750465549348231
Behavioral anchoring,unadjusted,250092602001,0.1524663677130044,0.4409566517189835,0.2137518684603886,0.1928251121076233
Behavioral anchoring,unadjusted,250251707024,0.0454545454545454,0.2210743801652892,0.5082644628099173,0.2252066115702479
Behavioral anchoring,unadjusted,250092516001,0.2069536423841059,0.1556291390728476,0.314569536423841,0.3228476821192053
Behavioral anchoring,unadjusted,250250511011,0.0431547619047619,0.1875,0.3571428571428571,0.4122023809523809
Behavioral anchoring,unadjusted,250214202023,0.0801033591731266,0.1085271317829457,0.2751937984496124,0.5361757105943152
Behavioral anchoring,unadjusted,250235108006,0.011686143572621,0.2287145242070117,0.4958263772954925,0.2637729549248748
Behavioral anchoring,unadjusted,250173113001,0.270516717325228,0.1641337386018237,0.4802431610942249,0.0851063829787234
Behavioral anchoring,unadjusted,250173113002,0.163135593220339,0.1652542372881356,0.2817796610169492,0.3898305084745763
Behavioral anchoring,unadjusted,250235108004,0.0494233937397034,0.385502471169687,0.3476112026359143,0.2174629324546952
Behavioral anchoring,unadjusted,250092047022,0.1936936936936936,0.3536036036036036,0.1328828828828828,0.3198198198198198
Behavioral anchoring,unadjusted,250173838003,0.0,0.0796703296703296,0.2005494505494505,0.7197802197802198
Behavioral anchoring,unadjusted,250173838005,0.0,0.1208053691275167,0.2080536912751678,0.6711409395973155
Behavioral anchoring,unadjusted,250250808012,0.4579172610556348,0.1269614835948644,0.2667617689015691,0.1483594864479315
Behavioral anchoring,unadjusted,250250509011,0.0349040139616055,0.2146596858638743,0.2774869109947644,0.4729493891797556
Behavioral anchoring,unadjusted,250250509012,0.0612244897959183,0.0326530612244898,0.4122448979591837,0.4938775510204081
Behavioral anchoring,unadjusted,250092514003,0.2197802197802197,0.36996336996337,0.2637362637362637,0.1465201465201465
Behavioral anchoring,unadjusted,250173154011,0.0362400906002265,0.0815402038505096,0.4088335220838052,0.4733861834654587
Behavioral anchoring,unadjusted,250173111002,0.1384615384615384,0.1738461538461538,0.3553846153846154,0.3323076923076923
Behavioral anchoring,unadjusted,250251404001,0.6657754010695187,0.0454545454545454,0.1390374331550802,0.1497326203208556
Behavioral anchoring,unadjusted,330150540001,0.0374531835205992,0.0898876404494382,0.2784019975031211,0.5942571785268415
Behavioral anchoring,unadjusted,250173836003,0.1018957345971564,0.183649289099526,0.25,0.4644549763033175
Behavioral anchoring,unadjusted,250173836004,0.0294573643410852,0.0868217054263565,0.4031007751937984,0.4806201550387597
Behavioral anchoring,unadjusted,250173154022,0.0367231638418079,0.134180790960452,0.327683615819209,0.501412429378531
Behavioral anchoring,unadjusted,250173836001,0.0077220077220077,0.0617760617760617,0.2754182754182754,0.6550836550836551
Behavioral anchoring,unadjusted,250251404003,0.3850746268656716,0.1731343283582089,0.0,0.4417910447761194
Behavioral anchoring,unadjusted,250092172012,0.1213832039520113,0.1263232180663373,0.2519407198306281,0.5003528581510233
Behavioral anchoring,unadjusted,250092172021,0.2229508196721311,0.140983606557377,0.0786885245901639,0.5573770491803278
Behavioral anchoring,unadjusted,250092172023,0.025735294117647,0.1470588235294117,0.3529411764705882,0.4742647058823529
Behavioral anchoring,unadjusted,250250507002,0.1140684410646387,0.2015209125475285,0.4866920152091255,0.1977186311787072
Behavioral anchoring,unadjusted,250250507003,0.065040650406504,0.2256097560975609,0.2276422764227642,0.4817073170731707
Behavioral anchoring,unadjusted,250092043002,0.5062146892655367,0.2598870056497175,0.1344632768361582,0.0994350282485875
Behavioral anchoring,unadjusted,250251105022,0.2130518234165067,0.0998080614203454,0.1852207293666027,0.5019193857965452
Behavioral anchoring,unadjusted,250092213001,0.0,0.2465897166841553,0.3200419727177335,0.4333683105981112
Behavioral anchoring,unadjusted,250235061022,0.0405405405405405,0.0,0.2297297297297297,0.7297297297297297
Behavioral anchoring,unadjusted,250173748002,0.0412757973733583,0.0318949343339587,0.2720450281425891,0.6547842401500938
Behavioral anchoring,unadjusted,250250505001,0.049,0.223,0.271,0.457
Behavioral anchoring,unadjusted,330170846001,0.2321285140562249,0.072289156626506,0.3502008032128514,0.3453815261044177
Behavioral anchoring,unadjusted,250173363001,0.1274509803921568,0.0,0.0457516339869281,0.826797385620915
Behavioral anchoring,unadjusted,250173662012,0.1236363636363636,0.0,0.1454545454545454,0.730909090909091
Behavioral anchoring,unadjusted,250235401021,0.0782064650677789,0.0917622523461939,0.2523461939520334,0.5776850886339937
Behavioral anchoring,unadjusted,250173363006,0.0,0.0,0.1468682505399568,0.8531317494600432
Behavioral anchoring,unadjusted,250092041021,0.0993449781659388,0.2041484716157205,0.1713973799126637,0.5251091703056768
Behavioral anchoring,unadjusted,250173832001,0.3883357041251778,0.3485064011379801,0.1436699857752489,0.1194879089615931
Behavioral anchoring,unadjusted,250092211002,0.0446735395189003,0.1116838487972508,0.2989690721649484,0.5446735395189003
Behavioral anchoring,unadjusted,250173662022,0.0,0.0553977272727272,0.1193181818181818,0.8252840909090909
Behavioral anchoring,unadjusted,250092082002,0.0325443786982248,0.0384615384615384,0.2248520710059171,0.7041420118343196
Behavioral anchoring,unadjusted,250092082004,0.0654205607476635,0.0397196261682243,0.4369158878504673,0.4579439252336448
Behavioral anchoring,unadjusted,250173746004,0.0978835978835978,0.0661375661375661,0.1984126984126984,0.6375661375661376
Behavioral anchoring,unadjusted,250250503001,0.1522491349480969,0.0813148788927335,0.3875432525951557,0.3788927335640138
Behavioral anchoring,unadjusted,250250503002,0.2730923694779116,0.1405622489959839,0.4859437751004016,0.1004016064257028
Behavioral anchoring,unadjusted,330150620001,0.1443914081145584,0.1443914081145584,0.2159904534606205,0.4952267303102625
Behavioral anchoring,unadjusted,330170844003,0.0492307692307692,0.3384615384615385,0.4507692307692307,0.1615384615384615
Behavioral anchoring,unadjusted,330170801002,0.0260663507109004,0.1492890995260663,0.2085308056872037,0.6161137440758294
Behavioral anchoring,unadjusted,250173361002,0.1832760595647193,0.2474226804123711,0.120274914089347,0.4490263459335624
Behavioral anchoring,unadjusted,250173361003,0.0,0.0559210526315789,0.0427631578947368,0.9013157894736842
Behavioral anchoring,unadjusted,250250501013,0.0707803992740471,0.1161524500907441,0.3593466424682395,0.4537205081669691
Behavioral anchoring,unadjusted,250173103002,0.2522996057818659,0.2956636005256242,0.3981603153745072,0.0538764783180026
Behavioral anchoring,unadjusted,250173103003,0.2586206896551724,0.293103448275862,0.3419540229885057,0.1063218390804597
Behavioral anchoring,unadjusted,250235012011,0.1157635467980295,0.0985221674876847,0.0886699507389162,0.6970443349753694
Behavioral anchoring,unadjusted,250214104001,0.2408759124087591,0.052919708029197,0.1076642335766423,0.5985401459854015
Behavioral anchoring,unadjusted,250214104002,0.1869918699186991,0.1192411924119241,0.3170731707317073,0.3766937669376693
Behavioral anchoring,unadjusted,250214104003,0.2297417631344612,0.2226179875333927,0.3490650044523598,0.1985752448797862
Behavioral anchoring,unadjusted,250251011012,0.0751341681574239,0.220035778175313,0.3130590339892665,0.3917710196779964
Behavioral anchoring,unadjusted,250251011013,0.2790055248618784,0.2596685082872928,0.0883977900552486,0.3729281767955801
Behavioral anchoring,unadjusted,250214104004,0.0,0.0945017182130584,0.1993127147766323,0.7061855670103093
Behavioral anchoring,unadjusted,250092631003,0.0097765363128491,0.1005586592178771,0.1187150837988826,0.770949720670391
Behavioral anchoring,unadjusted,250173142001,0.2472783825816485,0.1166407465007776,0.2737169517884914,0.3623639191290824
Behavioral anchoring,unadjusted,250173142002,0.1659663865546218,0.1449579831932773,0.4117647058823529,0.2773109243697479
Behavioral anchoring,unadjusted,250173142003,0.0637362637362637,0.2164835164835165,0.2769230769230769,0.4428571428571428
Behavioral anchoring,unadjusted,250235307002,0.1510373443983402,0.1045643153526971,0.3087136929460581,0.4356846473029045
Behavioral anchoring,unadjusted,250250923003,0.1271551724137931,0.3620689655172414,0.2478448275862069,0.2629310344827586
Behavioral anchoring,unadjusted,250092033021,0.0848484848484848,0.0545454545454545,0.1681818181818181,0.6924242424242424
Behavioral anchoring,unadjusted,250092033022,0.1520190023752969,0.1068883610451306,0.4465558194774346,0.2945368171021377
Behavioral anchoring,unadjusted,250173824002,0.0574948665297741,0.1108829568788501,0.2689938398357289,0.5626283367556468
Behavioral anchoring,unadjusted,250235051023,0.0,0.1200787401574803,0.2401574803149606,0.639763779527559
Behavioral anchoring,unadjusted,250235051024,0.0,0.0,0.134375,0.865625
Behavioral anchoring,unadjusted,250235221012,0.1341772151898734,0.0810126582278481,0.0784810126582278,0.7063291139240506
Behavioral anchoring,unadjusted,250235221013,0.0761904761904762,0.1365079365079365,0.2476190476190476,0.5396825396825397
Behavioral anchoring,unadjusted,250251605015,0.2150943396226415,0.1433962264150943,0.4452830188679245,0.1962264150943396
Behavioral anchoring,unadjusted,250092031006,0.0,0.0446096654275092,0.2156133828996282,0.7397769516728625
Behavioral anchoring,unadjusted,250092031007,0.1553030303030303,0.0378787878787878,0.106060606060606,0.7007575757575758
Behavioral anchoring,unadjusted,250092543011,0.0630372492836676,0.0329512893982808,0.0931232091690544,0.8108882521489972
Behavioral anchoring,unadjusted,250092543021,0.0120218579234972,0.0459016393442622,0.1770491803278688,0.7650273224043715
Behavioral anchoring,unadjusted,250092543022,0.023728813559322,0.0440677966101694,0.1050847457627118,0.8271186440677966
Behavioral anchoring,unadjusted,250173652013,0.0280112044817927,0.0,0.1176470588235294,0.8543417366946778
Behavioral anchoring,unadjusted,250173353012,0.06006006006006,0.1141141141141141,0.3633633633633634,0.4624624624624625
Behavioral anchoring,unadjusted,250092201012,0.0406698564593301,0.2033492822966507,0.1578947368421052,0.5980861244019139
Behavioral anchoring,unadjusted,250092201014,0.0769230769230769,0.1523668639053254,0.4319526627218935,0.3387573964497041
Behavioral anchoring,unadjusted,250250921015,0.3230337078651685,0.0917602996254681,0.3773408239700374,0.2078651685393258
Behavioral anchoring,unadjusted,250251603001,0.2578616352201258,0.0849056603773584,0.2389937106918239,0.4182389937106918
Behavioral anchoring,unadjusted,250251603002,0.3436853002070393,0.1407867494824016,0.1563146997929606,0.3592132505175983
Behavioral anchoring,unadjusted,250173353023,0.0918367346938775,0.0,0.2176870748299319,0.6904761904761905
Behavioral anchoring,unadjusted,250092072002,0.544766708701135,0.2269861286254728,0.1715006305170239,0.0567465321563682
Behavioral anchoring,unadjusted,250092541001,0.0915178571428571,0.1071428571428571,0.1584821428571428,0.6428571428571429
Behavioral anchoring,unadjusted,250092541002,0.0409207161125319,0.2071611253196931,0.268542199488491,0.4833759590792839
Behavioral anchoring,unadjusted,250092541003,0.0960163432073544,0.1378958120531154,0.0602655771195097,0.7058222676200204
Behavioral anchoring,unadjusted,250092541004,0.0869565217391304,0.0652173913043478,0.2154150197628458,0.6324110671936759
Behavioral anchoring,unadjusted,250251005004,0.4760765550239234,0.0909090909090909,0.1435406698564593,0.2894736842105263
Behavioral anchoring,unadjusted,250251005001,0.530718954248366,0.1607843137254902,0.0849673202614379,0.2235294117647059
Behavioral anchoring,unadjusted,250251005002,0.1030042918454935,0.0708154506437768,0.1459227467811159,0.6802575107296137
Behavioral anchoring,unadjusted,250251005003,0.2924901185770751,0.1403162055335968,0.2312252964426877,0.3359683794466403
Behavioral anchoring,unadjusted,250250919002,0.2338709677419354,0.5443548387096774,0.0,0.2217741935483871
Behavioral anchoring,unadjusted,250250919003,0.2924187725631769,0.1823104693140794,0.3194945848375451,0.2057761732851985
Behavioral anchoring,unadjusted,330150610013,0.0621827411167512,0.1015228426395939,0.2030456852791878,0.633248730964467
Behavioral anchoring,unadjusted,330150610012,0.0823170731707317,0.1209349593495935,0.4441056910569105,0.3526422764227642
Behavioral anchoring,unadjusted,330150610011,0.1982570806100217,0.05119825708061,0.2113289760348584,0.5392156862745098
Behavioral anchoring,unadjusted,250173564005,0.0745341614906832,0.0,0.3105590062111801,0.6149068322981367
Behavioral anchoring,unadjusted,250173564007,0.0486111111111111,0.125,0.1458333333333333,0.6805555555555556
Behavioral anchoring,unadjusted,250092113003,0.0577663671373555,0.1745827984595635,0.1155327342747111,0.6521181001283697
Behavioral anchoring,unadjusted,250173734001,0.10375,0.13,0.0725,0.69375
Behavioral anchoring,unadjusted,250092070001,0.6326219512195121,0.1783536585365853,0.1387195121951219,0.0503048780487804
Behavioral anchoring,unadjusted,250251302003,0.1257396449704142,0.0384615384615384,0.3284023668639053,0.507396449704142
Behavioral anchoring,unadjusted,250251003001,0.2300380228136882,0.2319391634980988,0.2205323193916349,0.3174904942965779
Behavioral anchoring,unadjusted,250251003003,0.380281690140845,0.0929577464788732,0.1774647887323943,0.3492957746478873
Behavioral anchoring,unadjusted,250251304061,0.2982086406743941,0.375131717597471,0.1780821917808219,0.1485774499473129
Behavioral anchoring,unadjusted,250235301002,0.1378466557911908,0.2088091353996737,0.2243066884176182,0.4290375203915171
Behavioral anchoring,unadjusted,250173861002,0.0272108843537414,0.1346938775510204,0.0721088435374149,0.7659863945578231
Behavioral anchoring,unadjusted,250092111002,0.0813397129186602,0.3205741626794258,0.2822966507177033,0.3157894736842105
Behavioral anchoring,unadjusted,250173732001,0.1246246246246246,0.2462462462462462,0.2087087087087087,0.4204204204204204
Behavioral anchoring,unadjusted,250092068001,0.3672787979966611,0.1552587646076794,0.2821368948247078,0.1953255425709515
Behavioral anchoring,unadjusted,250173732003,0.0504451038575667,0.0474777448071216,0.1958456973293768,0.7062314540059347
Behavioral anchoring,unadjusted,330150692002,0.028169014084507,0.1854460093896713,0.4741784037558685,0.312206572769953
Behavioral anchoring,unadjusted,250251001002,0.3220338983050847,0.4788135593220339,0.1186440677966101,0.0805084745762711
Behavioral anchoring,unadjusted,250251001003,0.1684210526315789,0.4,0.1052631578947368,0.3263157894736842
Behavioral anchoring,unadjusted,250251001004,0.1799307958477508,0.0830449826989619,0.3114186851211072,0.4256055363321799
Behavioral anchoring,unadjusted,250251001005,0.2787610619469026,0.3274336283185841,0.1548672566371681,0.2389380530973451
Behavioral anchoring,unadjusted,250251001007,0.1749174917491749,0.1386138613861386,0.4389438943894389,0.2475247524752475
Behavioral anchoring,unadjusted,330151075002,0.1149553571428571,0.1127232142857142,0.0814732142857142,0.6908482142857143
Behavioral anchoring,unadjusted,330170830015,0.1690140845070422,0.0591549295774647,0.3859154929577464,0.3859154929577464
Behavioral anchoring,unadjusted,250092621002,0.0279269602577873,0.075187969924812,0.2105263157894736,0.686358754027927
Behavioral anchoring,unadjusted,250092066001,0.3327102803738317,0.205607476635514,0.2,0.2616822429906542
Behavioral anchoring,unadjusted,250250104041,0.302158273381295,0.1151079136690647,0.4172661870503597,0.1654676258992805
Behavioral anchoring,unadjusted,250235041011,0.047361299052774,0.0568335588633288,0.1069012178619756,0.7889039242219216
Behavioral anchoring,unadjusted,250235041012,0.1352112676056338,0.0338028169014084,0.2154929577464788,0.6154929577464788
Behavioral anchoring,unadjusted,250235041013,0.0646067415730337,0.148876404494382,0.199438202247191,0.5870786516853933
Behavioral anchoring,unadjusted,250092107003,0.3554603854389722,0.2312633832976445,0.2505353319057816,0.1627408993576017
Behavioral anchoring,unadjusted,250235041021,0.0362903225806451,0.0483870967741935,0.1310483870967742,0.7842741935483871
Behavioral anchoring,unadjusted,250235041022,0.0,0.0,0.0673400673400673,0.9326599326599326
Behavioral anchoring,unadjusted,250235041023,0.0144144144144144,0.0468468468468468,0.1585585585585585,0.7801801801801802
Behavioral anchoring,unadjusted,250092064004,0.080188679245283,0.2594339622641509,0.375,0.285377358490566
Behavioral anchoring,unadjusted,250235082002,0.1336283185840708,0.1495575221238938,0.1849557522123893,0.531858407079646
Behavioral anchoring,unadjusted,250173173011,0.0772357723577235,0.0948509485094851,0.2777777777777778,0.5501355013550135
Behavioral anchoring,unadjusted,250173343001,0.0216049382716049,0.0617283950617283,0.125,0.7916666666666666
Behavioral anchoring,unadjusted,250173343004,0.054054054054054,0.055055055055055,0.1971971971971972,0.6936936936936937
Behavioral anchoring,unadjusted,250092105001,0.1242105263157894,0.0989473684210526,0.4568421052631579,0.32
Behavioral anchoring,unadjusted,250092105002,0.0622710622710622,0.0647130647130647,0.2918192918192918,0.5811965811965812
Behavioral anchoring,unadjusted,250092105004,0.2648148148148148,0.15,0.2314814814814814,0.3537037037037037
Behavioral anchoring,unadjusted,250092531004,0.158273381294964,0.145083932853717,0.2446043165467626,0.4520383693045564
Behavioral anchoring,unadjusted,250173171011,0.0,0.0447552447552447,0.3146853146853147,0.6405594405594406
Behavioral anchoring,unadjusted,250173384004,0.0409982174688057,0.0588235294117647,0.106951871657754,0.7932263814616756
Behavioral anchoring,unadjusted,330150600001,0.0421940928270042,0.0436005625879043,0.2362869198312236,0.6779184247538678
Behavioral anchoring,unadjusted,330150600002,0.050632911392405,0.0291139240506329,0.1645569620253164,0.7556962025316456
Behavioral anchoring,unadjusted,250173341001,0.0536912751677852,0.1463087248322147,0.1422818791946308,0.6577181208053692
Behavioral anchoring,unadjusted,250173341002,0.0687203791469194,0.2393364928909952,0.3175355450236967,0.3744075829383886
Behavioral anchoring,unadjusted,250173171021,0.0616438356164383,0.0154109589041095,0.2825342465753425,0.6404109589041096
Behavioral anchoring,unadjusted,250173382001,0.1326860841423948,0.0679611650485436,0.1941747572815534,0.6051779935275081
Behavioral anchoring,unadjusted,250092101002,0.1911764705882352,0.0,0.2588235294117647,0.55
Behavioral anchoring,unadjusted,250092101003,0.0306306306306306,0.0576576576576576,0.2648648648648649,0.6468468468468469
Behavioral anchoring,unadjusted,250251802001,0.0819397993311036,0.088628762541806,0.3795986622073579,0.4498327759197324
Behavioral anchoring,unadjusted,250092611012,0.1016166281755196,0.2009237875288683,0.2217090069284064,0.4757505773672055
Behavioral anchoring,unadjusted,250092611013,0.082210242587601,0.0444743935309973,0.192722371967655,0.6805929919137467
Behavioral anchoring,unadjusted,250173122001,0.1462544589774078,0.1854934601664684,0.4613555291319857,0.2068965517241379
Behavioral anchoring,unadjusted,250092525012,0.1719298245614035,0.287719298245614,0.1543859649122807,0.3859649122807017
Behavioral anchoring,unadjusted,250092525023,0.0543806646525679,0.1782477341389728,0.0966767371601208,0.6706948640483383
Behavioral anchoring,unadjusted,250250604001,0.1059027777777777,0.0434027777777777,0.1753472222222222,0.6753472222222222
Behavioral anchoring,unadjusted,250235031011,0.1529562982005141,0.0668380462724935,0.2275064267352185,0.5526992287917738
Behavioral anchoring,unadjusted,250235031012,0.0,0.0917602996254681,0.1535580524344569,0.7546816479400749
Behavioral anchoring,unadjusted,250235031013,0.1106941838649155,0.0,0.150093808630394,0.7392120075046904
Behavioral anchoring,unadjusted,250173335013,0.1253443526170798,0.1611570247933884,0.1680440771349862,0.5454545454545454
Behavioral anchoring,unadjusted,250173335012,0.0807881773399014,0.1330049261083744,0.2197044334975369,0.5665024630541872
Behavioral anchoring,unadjusted,250092609001,0.1497584541062802,0.072463768115942,0.3019323671497584,0.4758454106280193
Behavioral anchoring,unadjusted,250092609002,0.1728045325779036,0.3172804532577903,0.121813031161473,0.3881019830028329
Behavioral anchoring,unadjusted,250235031021,0.0868421052631579,0.0342105263157894,0.1,0.7789473684210526
Behavioral anchoring,unadjusted,250235031024,0.4489247311827957,0.0,0.1102150537634408,0.4408602150537634
Behavioral anchoring,unadjusted,250235031025,0.1183431952662721,0.0792899408284023,0.1704142011834319,0.6319526627218935
Behavioral anchoring,unadjusted,250092054001,0.0896637608966376,0.1569115815691158,0.2926525529265255,0.460772104607721
Behavioral anchoring,unadjusted,250092054002,0.0157342657342657,0.0769230769230769,0.25,0.6573426573426573
Behavioral anchoring,unadjusted,250092523002,0.3333333333333333,0.1277258566978193,0.3239875389408099,0.2149532710280373
Behavioral anchoring,unadjusted,250092523003,0.2711198428290766,0.1277013752455795,0.2023575638506876,0.3988212180746562
Behavioral anchoring,unadjusted,250214422011,0.1481994459833795,0.0997229916897507,0.2437673130193905,0.5083102493074793
Behavioral anchoring,unadjusted,250214422012,0.050351288056206,0.0199063231850117,0.1557377049180328,0.7740046838407494
Behavioral anchoring,unadjusted,250173120002,0.1780538302277432,0.3291925465838509,0.2339544513457556,0.2587991718426501
Behavioral anchoring,unadjusted,250173333001,0.0323275862068965,0.3534482758620689,0.3297413793103448,0.2844827586206896
Behavioral anchoring,unadjusted,250173333002,0.252129471890971,0.0834752981260647,0.2044293015332197,0.4599659284497445
Behavioral anchoring,unadjusted,250173333003,0.1391129032258064,0.0423387096774193,0.4294354838709677,0.3891129032258064
Behavioral anchoring,unadjusted,250092181003,0.1818181818181818,0.1136363636363636,0.0805785123966942,0.6239669421487604
Behavioral anchoring,unadjusted,330150037011,0.1212976022566995,0.0747531734837799,0.4203102961918195,0.383638928067701
Behavioral anchoring,unadjusted,250092607002,0.1318016928657799,0.181378476420798,0.1898428053204353,0.4969770253929867
Behavioral anchoring,unadjusted,250173503001,0.0794117647058823,0.0705882352941176,0.2852941176470588,0.5647058823529412
Behavioral anchoring,unadjusted,330150037031,0.0,0.2684703433922997,0.1945889698231009,0.5369406867845994
Behavioral anchoring,unadjusted,330150037032,0.0440097799511002,0.0586797066014669,0.2127139364303178,0.684596577017115
Behavioral anchoring,unadjusted,250173118002,0.3469721767594108,0.0572831423895253,0.3175122749590834,0.2782324058919803
Behavioral anchoring,unadjusted,330150590002,0.0276854928017718,0.1029900332225913,0.4086378737541528,0.4606866002214839
Behavioral anchoring,unadjusted,330150590003,0.106523534269199,0.0495458298926507,0.4062758051197357,0.4376548307184145
Behavioral anchoring,unadjusted,250250004023,0.0477941176470588,0.025735294117647,0.2867647058823529,0.6397058823529411
Behavioral anchoring,unadjusted,250173331001,0.1564625850340136,0.2755102040816326,0.2108843537414966,0.3571428571428571
Behavioral anchoring,unadjusted,250173331003,0.0108803165182987,0.1167161226508407,0.2601384767556874,0.6122650840751731
Behavioral anchoring,unadjusted,250173331005,0.2097264437689969,0.1337386018237082,0.2887537993920973,0.3677811550151976
Behavioral anchoring,unadjusted,250092521022,0.0417335473515248,0.0272873194221508,0.1589085072231139,0.7720706260032103
Behavioral anchoring,unadjusted,250235453001,0.249185667752443,0.2703583061889251,0.1547231270358306,0.3257328990228013
Behavioral anchoring,unadjusted,250235453002,0.1673728813559322,0.1440677966101695,0.5317796610169492,0.1567796610169491
Behavioral anchoring,unadjusted,250092605001,0.0515806988352745,0.0632279534109817,0.4193011647254576,0.4658901830282861
Behavioral anchoring,unadjusted,250214162006,0.0745501285347043,0.0694087403598971,0.1619537275064267,0.6940874035989717
Behavioral anchoring,unadjusted,250214162007,0.1629502572898799,0.078902229845626,0.1749571183533447,0.5831903945111492
Behavioral anchoring,unadjusted,250173415003,0.0454545454545454,0.3146853146853147,0.3566433566433566,0.2832167832167832
Behavioral anchoring,unadjusted,250173415004,0.239067055393586,0.1603498542274052,0.1632653061224489,0.4373177842565597
Behavioral anchoring,unadjusted,250173415005,0.3071065989847715,0.0380710659898477,0.5101522842639594,0.1446700507614213
Behavioral anchoring,unadjusted,250235111003,0.0360169491525423,0.0762711864406779,0.288135593220339,0.5995762711864406
Behavioral anchoring,unadjusted,250173116001,0.0512820512820512,0.086080586080586,0.1556776556776556,0.706959706959707
Behavioral anchoring,unadjusted,250173116002,0.1541666666666666,0.1645833333333333,0.325,0.35625
Behavioral anchoring,unadjusted,250173116004,0.2459016393442623,0.0956284153005464,0.3825136612021858,0.2759562841530054
Behavioral anchoring,unadjusted,250173585001,0.0473313192346425,0.0654582074521651,0.0775427995971802,0.8096676737160121
Behavioral anchoring,unadjusted,250092091001,0.024263431542461,0.0831889081455806,0.1005199306759098,0.7920277296360485
Behavioral anchoring,unadjusted,250092091002,0.1581395348837209,0.0697674418604651,0.3441860465116279,0.427906976744186
Behavioral anchoring,unadjusted,250092091004,0.0127877237851662,0.0358056265984654,0.1227621483375959,0.8286445012787724
Behavioral anchoring,unadjusted,250092091005,0.1773049645390071,0.3286052009456264,0.1182033096926714,0.375886524822695
Behavioral anchoring,unadjusted,250235451001,0.2096256684491978,0.3262032085561497,0.3764705882352941,0.0877005347593583
Behavioral anchoring,unadjusted,250235451002,0.1234177215189873,0.1550632911392405,0.2278481012658227,0.4936708860759494
Behavioral anchoring,unadjusted,250235451004,0.1440501043841336,0.2922755741127348,0.2609603340292276,0.302713987473904
Behavioral anchoring,unadjusted,250235451003,0.0310880829015544,0.0751295336787564,0.234887737478411,0.6588946459412781
Behavioral anchoring,unadjusted,250250512002,0.225140712945591,0.1275797373358349,0.2870544090056285,0.3602251407129456
Behavioral anchoring,unadjusted,250250512003,0.0425531914893617,0.0868794326241134,0.2677304964539007,0.6028368794326241
Behavioral anchoring,unadjusted,250092603012,0.3333333333333333,0.0757575757575757,0.1893939393939394,0.4015151515151515
Behavioral anchoring,unadjusted,250092603013,0.029143897996357,0.1930783242258652,0.2331511839708561,0.5446265938069217
Behavioral anchoring,unadjusted,250235109002,0.4366471734892787,0.2553606237816764,0.2709551656920078,0.037037037037037
Behavioral anchoring,unadjusted,250173114003,0.164,0.2946666666666667,0.3226666666666666,0.2186666666666666
Behavioral anchoring,unadjusted,250092175003,0.0301724137931034,0.1077586206896551,0.2241379310344827,0.6379310344827587
Behavioral anchoring,unadjusted,250092175004,0.1803607214428857,0.1122244488977955,0.25250501002004,0.4549098196392785
Behavioral anchoring,unadjusted,250251706013,0.0465753424657534,0.1178082191780822,0.347945205479452,0.4876712328767123
Behavioral anchoring,unadjusted,250092175005,0.2595936794582393,0.0857787810383747,0.2866817155756208,0.3679458239277652
Behavioral anchoring,unadjusted,250092601001,0.169047619047619,0.35,0.3583333333333333,0.1226190476190476
Behavioral anchoring,unadjusted,250092601002,0.6661392405063291,0.060126582278481,0.2515822784810126,0.0221518987341772
Behavioral anchoring,unadjusted,250173839021,0.0154355016538037,0.1201764057331863,0.0804851157662624,0.7839029768467475
Behavioral anchoring,unadjusted,250173839022,0.0196463654223968,0.0510805500982318,0.3104125736738703,0.618860510805501
Behavioral anchoring,unadjusted,330150670002,0.1643543223052294,0.0672358591248666,0.2678762006403415,0.5005336179295624
Behavioral anchoring,unadjusted,250250510003,0.0576441102756892,0.225563909774436,0.2807017543859649,0.4360902255639097
Behavioral anchoring,unadjusted,330150670004,0.0575601374570446,0.0472508591065292,0.211340206185567,0.6838487972508591
Behavioral anchoring,unadjusted,250173112001,0.4311377245508982,0.3532934131736527,0.1841317365269461,0.0314371257485029
Behavioral anchoring,unadjusted,250173112002,0.1914893617021276,0.2740926157697121,0.4130162703379224,0.1214017521902378
Behavioral anchoring,unadjusted,250092216001,0.1841359773371104,0.2407932011331444,0.3427762039660056,0.2322946175637393
Behavioral anchoring,unadjusted,250251704004,0.484251968503937,0.1299212598425196,0.3385826771653543,0.0472440944881889
Behavioral anchoring,unadjusted,250173411013,0.0289855072463768,0.0676328502415458,0.3164251207729469,0.5869565217391305
Behavioral anchoring,unadjusted,250173837004,0.1037463976945245,0.1440922190201729,0.2824207492795389,0.4697406340057637
Behavioral anchoring,unadjusted,250173837003,0.1798365122615803,0.0772025431425976,0.2406902815622161,0.5022706630336058
Behavioral anchoring,unadjusted,250092173005,0.2341356673960612,0.0853391684901531,0.2035010940919037,0.4770240700218818
Behavioral anchoring,unadjusted,250235021011,0.0891530460624071,0.075780089153046,0.2080237741456166,0.6270430906389302
Behavioral anchoring,unadjusted,250235021012,0.0,0.05625,0.41875,0.525
Behavioral anchoring,unadjusted,250235021014,0.1026894865525672,0.3410757946210269,0.1858190709046454,0.3704156479217604
Behavioral anchoring,unadjusted,250235021021,0.0401188707280832,0.1203566121842496,0.2362555720653789,0.6032689450222882
Behavioral anchoring,unadjusted,250235021023,0.3094339622641509,0.1150943396226415,0.2679245283018868,0.3075471698113207
Behavioral anchoring,unadjusted,250092044001,0.1052631578947368,0.097165991902834,0.3562753036437247,0.4412955465587044
Behavioral anchoring,unadjusted,330150625002,0.0469416785206258,0.1024182076813655,0.2588904694167852,0.5917496443812233
Behavioral anchoring,unadjusted,250092214001,0.1299826689774696,0.3084922010398613,0.4228769497400346,0.1386481802426343
Behavioral anchoring,unadjusted,250251702004,0.2635294117647059,0.2470588235294117,0.2705882352941176,0.2188235294117647
Behavioral anchoring,unadjusted,250214412021,0.0386904761904761,0.0357142857142857,0.1607142857142857,0.7648809523809523
Behavioral anchoring,unadjusted,250173323001,0.0286624203821656,0.0,0.1656050955414012,0.8057324840764332
Behavioral anchoring,unadjusted,330151051002,0.1951640759930915,0.1174438687392055,0.160621761658031,0.5267702936096719
Behavioral anchoring,unadjusted,250214412031,0.1002838221381267,0.0605487228003784,0.1986754966887417,0.6404919583727531
Behavioral anchoring,unadjusted,250214412032,0.2032854209445585,0.1437371663244353,0.1232032854209445,0.5297741273100616
Behavioral anchoring,unadjusted,250214113022,0.15359477124183,0.1601307189542483,0.3251633986928104,0.3611111111111111
Behavioral anchoring,unadjusted,250251403001,0.2504638218923933,0.1057513914656771,0.4081632653061224,0.235621521335807
Behavioral anchoring,unadjusted,250251403005,0.2768959435626102,0.1428571428571428,0.1798941798941798,0.400352733686067
Behavioral anchoring,unadjusted,250173835012,0.5745454545454546,0.1939393939393939,0.0921212121212121,0.1393939393939394
Behavioral anchoring,unadjusted,250235062021,0.1110083256244218,0.1008325624421831,0.1692876965772433,0.6188714153561518
Behavioral anchoring,unadjusted,250214412042,0.0473684210526315,0.0666666666666666,0.2622807017543859,0.6236842105263158
Behavioral anchoring,unadjusted,250250506001,0.2048458149779735,0.0418502202643171,0.3348017621145374,0.4185022026431718
Behavioral anchoring,unadjusted,250092042002,0.3663366336633663,0.2623762376237624,0.3613861386138614,0.0099009900990099
Behavioral anchoring,unadjusted,250173321002,0.0209698558322411,0.0799475753604194,0.073394495412844,0.8256880733944955
Behavioral anchoring,unadjusted,250173364021,0.0352941176470588,0.1552941176470588,0.3529411764705882,0.4564705882352941
Behavioral anchoring,unadjusted,250173364022,0.0666666666666666,0.1981481481481481,0.3111111111111111,0.424074074074074
Behavioral anchoring,unadjusted,250173364023,0.334056399132321,0.158351409978308,0.0694143167028199,0.4381778741865509
Behavioral anchoring,unadjusted,250251102011,0.2740899357601713,0.1680942184154175,0.2901498929336188,0.2676659528907923
Behavioral anchoring,unadjusted,250173747002,0.1198501872659176,0.0636704119850187,0.146067415730337,0.6704119850187266
Behavioral anchoring,unadjusted,250173747001,0.1819262782401902,0.0428061831153388,0.1510107015457788,0.6242568370986921
Behavioral anchoring,unadjusted,250250504002,0.2300123001230012,0.078720787207872,0.2816728167281673,0.4095940959409594
Behavioral anchoring,unadjusted,250173661001,0.0,0.0349344978165938,0.1179039301310043,0.8471615720524017
Behavioral anchoring,unadjusted,250235101001,0.1669865642994241,0.1477927063339731,0.2476007677543186,0.437619961612284
Behavioral anchoring,unadjusted,250173106023,0.0,0.3152173913043478,0.5163043478260869,0.1684782608695652
Behavioral anchoring,unadjusted,250173106024,0.0933609958506224,0.1369294605809128,0.2966804979253112,0.4730290456431535
Behavioral anchoring,unadjusted,250173745003,0.0981818181818181,0.0,0.1563636363636363,0.7454545454545455
Behavioral anchoring,unadjusted,250173745004,0.2570532915360501,0.0313479623824451,0.2539184952978056,0.457680250783699
Behavioral anchoring,unadjusted,250173745002,0.184070796460177,0.0584070796460177,0.1575221238938053,0.6
Behavioral anchoring,unadjusted,250173831022,0.4347826086956521,0.2284921369102682,0.2312673450508788,0.1054579093432007
Behavioral anchoring,unadjusted,250251401071,0.2209567198177676,0.1469248291571754,0.2164009111617312,0.4157175398633257
Behavioral anchoring,unadjusted,250250502001,0.2647462277091906,0.1097393689986282,0.3374485596707819,0.2880658436213992
Behavioral anchoring,unadjusted,250250502002,0.2028469750889679,0.1423487544483986,0.3149466192170818,0.3398576512455516
Behavioral anchoring,unadjusted,250250502004,0.0166666666666666,0.3,0.5633333333333334,0.12
Behavioral anchoring,unadjusted,250235611001,0.0684647302904564,0.0580912863070539,0.2551867219917012,0.6182572614107884
Behavioral anchoring,unadjusted,250235611003,0.0821917808219178,0.0410958904109589,0.2493150684931507,0.6273972602739726
Behavioral anchoring,unadjusted,250235611004,0.2428571428571428,0.0904761904761904,0.1571428571428571,0.5095238095238095
Behavioral anchoring,unadjusted,250173573002,0.1362799263351749,0.0736648250460405,0.2025782688766114,0.5874769797421732
Behavioral anchoring,unadjusted,330150570001,0.1032608695652173,0.1385869565217391,0.4239130434782608,0.3342391304347826
Behavioral anchoring,unadjusted,330150660003,0.0524064171122994,0.0406417112299465,0.1914438502673796,0.7155080213903743
Behavioral anchoring,unadjusted,330170841004,0.119140625,0.14453125,0.216796875,0.51953125
Behavioral anchoring,unadjusted,250173102002,0.1808943089430894,0.0873983739837398,0.3434959349593496,0.3882113821138211
Behavioral anchoring,unadjusted,250214103001,0.0060240963855421,0.1108433734939759,0.3927710843373494,0.4903614457831325
Behavioral anchoring,unadjusted,250214103002,0.1219512195121951,0.0501355013550135,0.3387533875338753,0.489159891598916
Behavioral anchoring,unadjusted,250251010016,0.0139616055846422,0.2321116928446771,0.1553228621291448,0.5986038394415357
Behavioral anchoring,unadjusted,250250924003,0.3753581661891118,0.1489971346704871,0.1203438395415472,0.3553008595988539
Behavioral anchoring,unadjusted,250251010021,0.5432432432432432,0.0,0.0621621621621621,0.3945945945945946
Behavioral anchoring,unadjusted,250092161002,0.0618556701030927,0.0910652920962199,0.1426116838487972,0.7044673539518901
Behavioral anchoring,unadjusted,250235308011,0.0748379493223335,0.1508544490276959,0.1850324101355333,0.5892751915144372
Behavioral anchoring,unadjusted,250235308012,0.08375,0.02,0.1775,0.71875
Behavioral anchoring,unadjusted,250235308023,0.0608856088560885,0.1660516605166051,0.2693726937269373,0.503690036900369
