GEOID,low_income_pct,lower_middle_income_pct,upper_middle_income_pct,high_income_pct
250092011001,0.05121293800539083,0.15633423180592992,0.20485175202156333,0.5876010781671159
250092011002,0.1835985312117503,0.11260709914320685,0.379436964504284,0.3243574051407589
250092011003,0.030612244897959183,0.15714285714285714,0.1510204081632653,0.6612244897959184
250092021011,0.03754266211604096,0.29692832764505117,0.22184300341296928,0.44368600682593856
250092021012,0.019801980198019802,0.07590759075907591,0.24752475247524752,0.6567656765676567
250092021013,0.014925373134328358,0.13432835820895522,0.4141791044776119,0.43656716417910446
250092021031,0.140893470790378,0.10481099656357389,0.23539518900343642,0.5189003436426117
250092021041,0.13808463251670378,0.1492204899777283,0.19376391982182628,0.5189309576837416
250092021042,0.14102564102564102,0.07948717948717948,0.41025641025641024,0.36923076923076925
250092021043,0.04081632653061224,0.03741496598639456,0.03741496598639456,0.8843537414965986
250092021044,0.271523178807947,0.16556291390728478,0.5198675496688742,0.04304635761589404
250092021045,0.4940021810250818,0.019629225736095966,0.17884405670665213,0.3075245365321701
250092022001,0.0,0.04929577464788732,0.2112676056338028,0.7394366197183099
250092022002,0.037520391517128875,0.024469820554649267,0.3262642740619902,0.6117455138662317
250092022003,0.05785123966942149,0.0,0.34297520661157027,0.5991735537190083
250092022004,0.06954436450839328,0.0,0.17985611510791366,0.750599520383693
250092022005,0.0,0.06167400881057269,0.14537444933920704,0.7929515418502202
250092022006,0.14157706093189965,0.10752688172043011,0.1057347670250896,0.6451612903225806
250092031001,0.0,0.03180212014134275,0.21908127208480566,0.7491166077738516
250092031002,0.16201117318435754,0.0335195530726257,0.19273743016759776,0.611731843575419
250092031003,0.0,0.20408163265306123,0.0,0.7959183673469388
250092031004,0.0,0.04985337243401759,0.187683284457478,0.7624633431085044
250092031005,0.0,0.01907356948228883,0.0,0.9809264305177112
250092031006,0.0,0.04460966542750929,0.21561338289962825,0.7397769516728625
250092031007,0.1553030303030303,0.03787878787878788,0.10606060606060606,0.7007575757575758
250092031008,0.0,0.0,0.11538461538461539,0.8846153846153846
250092032001,0.12797619047619047,0.22916666666666666,0.21726190476190477,0.4255952380952381
250092032002,0.0,0.09345794392523364,0.3052959501557632,0.6012461059190031
250092032003,0.01832460732984293,0.01832460732984293,0.21465968586387435,0.7486910994764397
250092032004,0.0,0.12763157894736843,0.09210526315789473,0.7802631578947369
250092033011,0.06936416184971098,0.28901734104046245,0.1676300578034682,0.47398843930635837
250092033012,0.060574948665297744,0.14271047227926079,0.1704312114989733,0.6262833675564682
250092033013,0.25308641975308643,0.09876543209876543,0.35185185185185186,0.2962962962962963
250092033014,0.05639097744360902,0.09022556390977443,0.16917293233082706,0.6842105263157895
250092033021,0.08484848484848485,0.05454545454545454,0.16818181818181818,0.6924242424242424
250092033022,0.15201900237529692,0.10688836104513064,0.44655581947743467,0.29453681710213775
250092033023,0.23193916349809887,0.18250950570342206,0.043726235741444866,0.5418250950570342
250092033024,0.02850877192982456,0.06140350877192982,0.09649122807017543,0.8135964912280702
250092041011,0.20597014925373133,0.09253731343283582,0.2701492537313433,0.43134328358208956
250092041012,0.06722689075630252,0.21008403361344538,0.45938375350140054,0.26330532212885155
250092041013,0.19141914191419143,0.18151815181518152,0.23432343234323433,0.3927392739273927
250092041014,0.0364741641337386,0.20972644376899696,0.13069908814589665,0.6231003039513677
250092041021,0.09934497816593886,0.20414847161572053,0.17139737991266377,0.5251091703056768
250092041022,0.13920704845814977,0.22378854625550662,0.320704845814978,0.3162995594713656
250092042001,0.5114854517611026,0.11332312404287902,0.14548238897396631,0.22970903522205208
250092042002,0.36633663366336633,0.2623762376237624,0.3613861386138614,0.009900990099009901
250092042003,0.07379518072289157,0.15060240963855423,0.40512048192771083,0.3704819277108434
250092042004,0.15026833631484796,0.24150268336314848,0.48300536672629696,0.1252236135957066
250092042005,0.035830618892508145,0.21498371335504887,0.2736156351791531,0.4755700325732899
250092043001,0.3068309070548712,0.1769316909294513,0.1959686450167973,0.3202687569988802
250092043002,0.5062146892655367,0.2598870056497175,0.1344632768361582,0.09943502824858758
250092043003,0.3691860465116279,0.14244186046511628,0.4273255813953488,0.061046511627906974
250092044001,0.10526315789473684,0.09716599190283401,0.3562753036437247,0.44129554655870445
250092044002,0.059154929577464786,0.08450704225352113,0.24507042253521127,0.6112676056338028
250092044003,0.40801186943620177,0.13204747774480713,0.14094955489614244,0.3189910979228487
250092044004,0.041237113402061855,0.15463917525773196,0.5463917525773195,0.25773195876288657
250092045001,0.04780876494023904,0.08167330677290836,0.2549800796812749,0.6155378486055777
250092045002,0.1928746928746929,0.2727272727272727,0.14864864864864866,0.3857493857493858
250092045003,0.18672199170124482,0.04979253112033195,0.3381742738589212,0.42531120331950206
250092046001,0.23172905525846701,0.1354723707664884,0.1657754010695187,0.46702317290552586
250092046002,0.06518010291595197,0.06518010291595197,0.34476843910806176,0.5248713550600344
250092046003,0.512987012987013,0.1590909090909091,0.16883116883116883,0.1590909090909091
250092046004,0.15789473684210525,0.09473684210526316,0.22105263157894736,0.5263157894736842
250092046005,0.03981264637002342,0.13817330210772832,0.2107728337236534,0.6112412177985949
250092047011,0.0,0.13267326732673268,0.0891089108910891,0.7782178217821782
250092047012,0.24484536082474226,0.17268041237113402,0.29381443298969073,0.28865979381443296
250092047013,0.3428246013667426,0.05922551252847381,0.47380410022779046,0.12414578587699317
250092047014,0.18462897526501768,0.07685512367491167,0.3551236749116608,0.3833922261484099
250092047021,0.35096153846153844,0.06009615384615385,0.3269230769230769,0.2620192307692308
250092047022,0.19369369369369369,0.3536036036036036,0.13288288288288289,0.31981981981981983
250092047023,0.15246636771300448,0.1905829596412556,0.37668161434977576,0.2802690582959641
250092047024,0.08612040133779264,0.20735785953177258,0.2617056856187291,0.44481605351170567
250092051001,0.31369150779896016,0.15077989601386482,0.292894280762565,0.24263431542461006
250092051002,0.0,0.10953346855983773,0.5943204868154158,0.2961460446247465
250092051003,0.10059171597633136,0.15384615384615385,0.28994082840236685,0.4556213017751479
250092051004,0.0,0.09158878504672897,0.26542056074766357,0.6429906542056075
250092051005,0.2131979695431472,0.03553299492385787,0.3553299492385787,0.39593908629441626
250092052001,0.2948717948717949,0.03418803418803419,0.5106837606837606,0.16025641025641027
250092052002,0.08208955223880597,0.03731343283582089,0.24129353233830847,0.6393034825870647
250092052003,0.0,0.4915254237288136,0.3248587570621469,0.18361581920903955
250092052004,0.15077989601386482,0.34488734835355284,0.08145580589254767,0.42287694974003465
250092052005,0.0641025641025641,0.0,0.5683760683760684,0.36752136752136755
250092053001,0.10784313725490197,0.14565826330532214,0.11624649859943978,0.6302521008403361
250092053002,0.09006211180124224,0.19254658385093168,0.2204968944099379,0.4968944099378882
250092053003,0.12,0.044,0.12,0.716
250092053004,0.11182108626198083,0.06070287539936102,0.3738019169329074,0.4536741214057508
250092054001,0.0896637608966376,0.1569115815691158,0.29265255292652553,0.46077210460772106
250092054002,0.015734265734265736,0.07692307692307693,0.25,0.6573426573426573
250092054003,0.0405982905982906,0.10897435897435898,0.1581196581196581,0.6923076923076923
250092055001,0.18636363636363637,0.1693181818181818,0.26136363636363635,0.38295454545454544
250092055002,0.18888888888888888,0.2740740740740741,0.3493827160493827,0.18765432098765433
250092056001,0.45931758530183725,0.31496062992125984,0.09711286089238845,0.12860892388451445
250092056002,0.3176470588235294,0.15588235294117647,0.1323529411764706,0.3941176470588235
250092056003,0.16082474226804125,0.19381443298969073,0.27835051546391754,0.3670103092783505
250092056004,0.1643835616438356,0.1050228310502283,0.3150684931506849,0.4155251141552511
250092057001,0.09349593495934959,0.028455284552845527,0.3130081300813008,0.5650406504065041
250092057002,0.12362030905077263,0.1390728476821192,0.32671081677704195,0.4105960264900662
250092057003,0.025540275049115914,0.4400785854616896,0.32220039292730845,0.21218074656188604
250092057004,0.0,0.059113300492610835,0.5714285714285714,0.3694581280788177
250092057005,0.024,0.148,0.418,0.41
250092058001,0.23964497041420119,0.3106508875739645,0.4467455621301775,0.0029585798816568047
250092058002,0.2852233676975945,0.17525773195876287,0.24054982817869416,0.29896907216494845
250092058003,0.19198312236286919,0.23628691983122363,0.2848101265822785,0.2869198312236287
250092059001,0.22290076335877862,0.050381679389312976,0.3190839694656489,0.4076335877862595
250092059002,0.261455525606469,0.19137466307277629,0.40700808625336926,0.14016172506738545
250092059003,0.27729257641921395,0.18777292576419213,0.2816593886462882,0.25327510917030566
250092060001,0.26439232409381663,0.26865671641791045,0.17697228144989338,0.2899786780383795
250092060002,0.17893217893217894,0.22510822510822512,0.43867243867243866,0.15728715728715728
250092061001,0.5112881806108898,0.2151394422310757,0.17795484727755645,0.09561752988047809
250092061002,0.22481572481572482,0.2113022113022113,0.39926289926289926,0.16461916461916462
250092062001,0.0398406374501992,0.035856573705179286,0.5856573705179283,0.3386454183266932
250092062002,0.25966303270564917,0.13875123885034688,0.2755203171456888,0.3260654112983152
250092062003,0.09475218658892129,0.2813411078717201,0.28425655976676384,0.3396501457725947
250092063001,0.3632075471698113,0.12735849056603774,0.1320754716981132,0.37735849056603776
250092063002,0.010452961672473868,0.367595818815331,0.4738675958188153,0.1480836236933798
250092063003,0.028169014084507043,0.22535211267605634,0.596244131455399,0.15023474178403756
250092063004,0.0,0.07211538461538461,0.5793269230769231,0.3485576923076923
250092064001,0.16521739130434782,0.24057971014492754,0.1565217391304348,0.43768115942028984
250092064002,0.02346805736636245,0.16036505867014342,0.2529335071707953,0.5632333767926988
250092064003,0.11020408163265306,0.030612244897959183,0.43673469387755104,0.42244897959183675
250092064004,0.08018867924528301,0.25943396226415094,0.375,0.28537735849056606
250092065001,0.12571428571428572,0.38857142857142857,0.22285714285714286,0.26285714285714284
250092065002,0.0970873786407767,0.48058252427184467,0.24919093851132687,0.17313915857605178
250092065003,0.7837837837837838,0.036036036036036036,0.11486486486486487,0.06531531531531531
250092066001,0.33271028037383177,0.205607476635514,0.2,0.2616822429906542
250092066002,0.18699186991869918,0.16802168021680217,0.31978319783197834,0.3252032520325203
250092066003,0.2587548638132296,0.10700389105058365,0.32490272373540857,0.3093385214007782
250092066004,0.18874773139745918,0.0998185117967332,0.5372050816696915,0.17422867513611615
250092067001,0.31982942430703626,0.12153518123667377,0.3773987206823028,0.1812366737739872
250092067002,0.07535641547861507,0.2484725050916497,0.4256619144602851,0.2505091649694501
250092067003,0.04072398190045249,0.03619909502262444,0.49321266968325794,0.4298642533936652
250092067004,0.3942307692307692,0.28365384615384615,0.20032051282051283,0.12179487179487179
250092068001,0.3672787979966611,0.15525876460767946,0.28213689482470783,0.19532554257095158
250092068002,0.5134865134865135,0.24075924075924077,0.12187812187812187,0.12387612387612387
250092069001,0.8412213740458016,0.06870229007633588,0.0900763358778626,0.0
250092069002,0.4016973125884017,0.272984441301273,0.1768033946251768,0.1485148514851485
250092069003,0.5588235294117647,0.2608695652173913,0.12531969309462915,0.054987212276214836
250092069004,0.46296296296296297,0.29259259259259257,0.08518518518518518,0.15925925925925927
250092070001,0.6326219512195121,0.17835365853658536,0.13871951219512196,0.05030487804878049
250092070002,0.28421052631578947,0.35157894736842105,0.32842105263157895,0.035789473684210524
250092071001,0.34474327628361856,0.08068459657701711,0.4034229828850856,0.17114914425427874
250092071002,0.06361323155216285,0.21628498727735368,0.3893129770992366,0.33078880407124683
250092071003,0.05405405405405406,0.20945945945945946,0.1554054054054054,0.581081081081081
250092072001,0.1746031746031746,0.11746031746031746,0.3111111111111111,0.3968253968253968
250092072002,0.544766708701135,0.22698612862547288,0.17150063051702397,0.05674653215636822
250092081011,0.1484375,0.1796875,0.2942708333333333,0.3776041666666667
250092081012,0.20637329286798178,0.17602427921092564,0.26555386949924126,0.3520485584218513
250092081013,0.030726256983240222,0.19273743016759776,0.24022346368715083,0.5363128491620112
250092081014,0.06818181818181818,0.07007575757575757,0.29545454545454547,0.5662878787878788
250092081021,0.05421686746987952,0.14457831325301204,0.3373493975903614,0.463855421686747
250092081022,0.0782122905027933,0.055865921787709494,0.08379888268156424,0.7821229050279329
250092081023,0.08712121212121213,0.10984848484848485,0.4053030303030303,0.3977272727272727
250092081024,0.056716417910447764,0.18208955223880596,0.30149253731343284,0.4597014925373134
250092082001,0.0,0.1348314606741573,0.45318352059925093,0.41198501872659177
250092082002,0.03254437869822485,0.038461538461538464,0.22485207100591717,0.7041420118343196
250092082003,0.30306122448979594,0.2724489795918367,0.20816326530612245,0.2163265306122449
250092082004,0.06542056074766354,0.0397196261682243,0.4369158878504673,0.45794392523364486
250092083011,0.3946078431372549,0.1568627450980392,0.25980392156862747,0.18872549019607843
250092083012,0.025906735751295335,0.18134715025906736,0.3082901554404145,0.4844559585492228
250092083021,0.07242339832869081,0.04456824512534819,0.3732590529247911,0.5097493036211699
250092083022,0.09345794392523364,0.056074766355140186,0.26702269692923897,0.5834445927903872
250092083023,0.015363128491620111,0.09497206703910614,0.5195530726256983,0.37011173184357543
250092084011,0.01904761904761905,0.09047619047619047,0.22142857142857142,0.669047619047619
250092084012,0.2328966521106259,0.1965065502183406,0.07714701601164484,0.49344978165938863
250092084021,0.0,0.0,0.18527315914489312,0.8147268408551069
250092084022,0.22302158273381295,0.12086330935251799,0.12805755395683452,0.5280575539568345
250092091001,0.024263431542461005,0.0831889081455806,0.10051993067590988,0.7920277296360485
250092091002,0.15813953488372093,0.06976744186046512,0.34418604651162793,0.42790697674418604
250092091003,0.05650684931506849,0.1232876712328767,0.14897260273972604,0.6712328767123288
250092091004,0.01278772378516624,0.03580562659846547,0.12276214833759591,0.8286445012787724
250092091005,0.1773049645390071,0.32860520094562645,0.1182033096926714,0.375886524822695
250092092001,0.017817371937639197,0.12472160356347439,0.14699331848552338,0.7104677060133631
250092092002,0.025179856115107913,0.1618705035971223,0.12769784172661872,0.685251798561151
250092092003,0.05790645879732739,0.062360801781737196,0.12472160356347439,0.755011135857461
250092092004,0.0,0.031982942430703626,0.1023454157782516,0.8656716417910447
250092101001,0.0791304347826087,0.11652173913043479,0.2565217391304348,0.5478260869565217
250092101002,0.19117647058823528,0.0,0.25882352941176473,0.55
250092101003,0.03063063063063063,0.05765765765765766,0.2648648648648649,0.6468468468468469
250092101004,0.0,0.03225806451612903,0.19153225806451613,0.7762096774193549
250092102001,0.09215017064846416,0.20648464163822525,0.1945392491467577,0.5068259385665529
250092102002,0.06481481481481481,0.07407407407407407,0.2037037037037037,0.6574074074074074
250092102003,0.024111675126903553,0.12690355329949238,0.18274111675126903,0.666243654822335
250092103011,0.09516298633017876,0.31808622502628814,0.34069400630914826,0.24605678233438485
250092103012,0.3019755409219191,0.23800564440263405,0.24929444967074318,0.21072436500470368
250092103021,0.21040723981900453,0.05429864253393665,0.10407239819004525,0.6312217194570136
250092103022,0.10297766749379653,0.1488833746898263,0.271712158808933,0.47642679900744417
250092103024,0.07538461538461538,0.10153846153846154,0.28307692307692306,0.54
250092104011,0.23730569948186528,0.3088082901554404,0.22694300518134716,0.22694300518134716
250092104012,0.030434782608695653,0.15869565217391304,0.6108695652173913,0.2
250092104021,0.2180896027049873,0.0650887573964497,0.2569737954353339,0.45984784446322907
250092104022,0.04090909090909091,0.15681818181818183,0.21136363636363636,0.5909090909090909
250092105001,0.12421052631578948,0.09894736842105263,0.4568421052631579,0.32
250092105002,0.06227106227106227,0.06471306471306472,0.29181929181929184,0.5811965811965812
250092105003,0.0,0.1330049261083744,0.07881773399014778,0.7881773399014779
250092105004,0.26481481481481484,0.15,0.23148148148148148,0.3537037037037037
250092106001,0.14913448735019974,0.08122503328894808,0.35019973368841545,0.4194407456724368
250092106002,0.17784552845528456,0.15853658536585366,0.27134146341463417,0.39227642276422764
250092107001,0.08247422680412371,0.21354933726067746,0.49337260677466865,0.2106038291605302
250092107002,0.1896551724137931,0.4236453201970443,0.34236453201970446,0.04433497536945813
250092107003,0.3554603854389722,0.23126338329764454,0.2505353319057816,0.16274089935760172
250092107004,0.1291390728476821,0.07947019867549669,0.3211920529801324,0.47019867549668876
250092108001,0.04748603351955307,0.036312849162011177,0.3994413407821229,0.5167597765363129
250092108002,0.22585669781931464,0.1853582554517134,0.4454828660436137,0.14330218068535824
250092108003,0.22841225626740946,0.13231197771587744,0.4958217270194986,0.14345403899721448
250092108004,0.42905405405405406,0.17398648648648649,0.28209459459459457,0.11486486486486487
250092109001,0.08181818181818182,0.2727272727272727,0.28363636363636363,0.3618181818181818
250092109002,0.06751054852320675,0.05485232067510549,0.26582278481012656,0.6118143459915611
250092109003,0.2823529411764706,0.12418300653594772,0.23790849673202613,0.35555555555555557
250092111001,0.25,0.27099236641221375,0.16793893129770993,0.3110687022900763
250092111002,0.08133971291866028,0.32057416267942584,0.2822966507177033,0.3157894736842105
250092111003,0.04401650618982118,0.18982118294360384,0.17881705639614856,0.5873452544704264
250092112011,0.09859154929577464,0.09859154929577464,0.2676056338028169,0.5352112676056338
250092112012,0.03588907014681892,0.03425774877650897,0.29200652528548127,0.6378466557911908
250092112021,0.1029082774049217,0.26733780760626397,0.2897091722595078,0.3400447427293065
250092112022,0.07379518072289157,0.17921686746987953,0.23644578313253012,0.5105421686746988
250092113001,0.056179775280898875,0.09488139825218476,0.09737827715355805,0.7515605493133583
250092113002,0.17555555555555555,0.09777777777777778,0.31333333333333335,0.41333333333333333
250092113003,0.057766367137355584,0.17458279845956354,0.11553273427471117,0.6521181001283697
250092113004,0.0,0.032663316582914576,0.4798994974874372,0.48743718592964824
250092114011,0.05423728813559322,0.18305084745762712,0.32994350282485874,0.4327683615819209
250092114012,0.04130808950086059,0.1342512908777969,0.22203098106712565,0.6024096385542169
250092114013,0.0,0.3160919540229885,0.2413793103448276,0.4425287356321839
250092114021,0.031578947368421054,0.06315789473684211,0.14887218045112782,0.7563909774436091
250092114022,0.09047619047619047,0.19523809523809524,0.3892857142857143,0.325
250092114023,0.20372836218375498,0.07057256990679095,0.15978695073235685,0.5659121171770972
250092114024,0.0,0.0462046204620462,0.39603960396039606,0.5577557755775577
250092121011,0.057947019867549666,0.02152317880794702,0.16887417218543047,0.7516556291390728
250092121012,0.17782909930715934,0.09468822170900693,0.18706697459584296,0.5404157043879908
250092121013,0.060291060291060294,0.0,0.14345114345114346,0.7962577962577962
250092121021,0.12953995157384987,0.04963680387409201,0.19249394673123488,0.6283292978208233
250092121022,0.07840616966580977,0.061696658097686374,0.2069408740359897,0.6529562982005142
250092131001,0.0,0.033816425120772944,0.16747181964573268,0.7987117552334944
250092131002,0.0,0.19642857142857142,0.16666666666666666,0.6369047619047619
250092131003,0.0,0.13314840499306518,0.018030513176144243,0.8488210818307905
250092131004,0.04590818363273453,0.0,0.14570858283433133,0.8083832335329342
250092131005,0.037383177570093455,0.0689252336448598,0.20794392523364486,0.6857476635514018
250092141001,0.0,0.11185308848080133,0.17863105175292154,0.7095158597662772
250092141002,0.09245283018867924,0.03018867924528302,0.13584905660377358,0.7415094339622641
250092141003,0.16359163591635917,0.1070110701107011,0.2017220172201722,0.5276752767527675
250092141004,0.0,0.28076923076923077,0.1,0.6192307692307693
250092151011,0.05154639175257732,0.20489690721649484,0.20231958762886598,0.5412371134020618
250092151012,0.1339031339031339,0.03133903133903134,0.09686609686609686,0.7378917378917379
250092151013,0.0,0.0,0.3490566037735849,0.6509433962264151
250092151014,0.33482142857142855,0.08035714285714286,0.22321428571428573,0.36160714285714285
250092151021,0.10320284697508897,0.16370106761565836,0.3309608540925267,0.40213523131672596
250092151022,0.0,0.034482758620689655,0.2512315270935961,0.7142857142857143
250092151023,0.11178247734138973,0.07854984894259819,0.14501510574018128,0.6646525679758308
250092151024,0.3544973544973545,0.15343915343915343,0.19047619047619047,0.30158730158730157
250092161001,0.06128133704735376,0.2200557103064067,0.11142061281337047,0.6072423398328691
250092161002,0.061855670103092786,0.09106529209621993,0.14261168384879724,0.7044673539518901
250092161003,0.18571428571428572,0.0,0.06857142857142857,0.7457142857142857
250092171011,0.05024509803921569,0.1090686274509804,0.17034313725490197,0.6703431372549019
250092171012,0.32305795314426633,0.09494451294697903,0.21701602959309493,0.3649815043156597
250092171021,0.28378378378378377,0.2972972972972973,0.1554054054054054,0.2635135135135135
250092171022,0.18561001042752867,0.09906152241918666,0.4129301355578728,0.3023983315954119
250092172011,0.028938906752411574,0.13504823151125403,0.18006430868167203,0.6559485530546624
250092172012,0.1213832039520113,0.12632321806633734,0.2519407198306281,0.5003528581510233
250092172021,0.22295081967213115,0.14098360655737704,0.07868852459016394,0.5573770491803278
250092172022,0.0,0.13554987212276215,0.24552429667519182,0.618925831202046
250092172023,0.025735294117647058,0.14705882352941177,0.35294117647058826,0.4742647058823529
250092172024,0.1185682326621924,0.1297539149888143,0.13870246085011187,0.6129753914988815
250092173001,0.2601626016260163,0.036585365853658534,0.2682926829268293,0.4349593495934959
250092173002,0.26150121065375304,0.1694915254237288,0.12106537530266344,0.44794188861985473
250092173003,0.1059001512859304,0.2692889561270802,0.3313161875945537,0.2934947049924357
250092173004,0.03755868544600939,0.20657276995305165,0.13615023474178403,0.6197183098591549
250092173005,0.23413566739606126,0.08533916849015317,0.20350109409190373,0.47702407002188185
250092174011,0.07857142857142857,0.0,0.40714285714285714,0.5142857142857142
250092174012,0.4426229508196721,0.19489981785063754,0.3333333333333333,0.029143897996357013
250092174013,0.2217391304347826,0.17173913043478262,0.26521739130434785,0.34130434782608693
250092174021,0.3370165745856354,0.23204419889502761,0.14917127071823205,0.281767955801105
250092174022,0.28445006321112515,0.21871049304677623,0.359039190897598,0.13780025284450062
250092174023,0.05217391304347826,0.03850931677018633,0.5577639751552795,0.3515527950310559
250092175001,0.05405405405405406,0.036036036036036036,0.036036036036036036,0.8738738738738738
250092175002,0.3613861386138614,0.13036303630363036,0.20132013201320131,0.3069306930693069
250092175003,0.03017241379310345,0.10775862068965517,0.22413793103448276,0.6379310344827587
250092175004,0.18036072144288579,0.11222444889779559,0.25250501002004005,0.45490981963927857
250092175005,0.2595936794582393,0.08577878103837472,0.2866817155756208,0.36794582392776526
250092176011,0.029947916666666668,0.041666666666666664,0.2942708333333333,0.6341145833333334
250092176012,0.36317780580075665,0.10844892812105927,0.11349306431273644,0.41488020176544765
250092176021,0.03745318352059925,0.13108614232209737,0.15730337078651685,0.6741573033707865
250092176022,0.13725490196078433,0.02661064425770308,0.06722689075630252,0.7689075630252101
250092176023,0.0,0.0,0.19607843137254902,0.803921568627451
250092181001,0.0,0.010025062656641603,0.16541353383458646,0.8245614035087719
250092181002,0.0,0.17105263157894737,0.05263157894736842,0.7763157894736842
250092181003,0.18181818181818182,0.11363636363636363,0.08057851239669421,0.6239669421487604
250092181004,0.07466340269277846,0.037943696450428395,0.13953488372093023,0.7478580171358629
250092201011,0.08306709265175719,0.24920127795527156,0.10862619808306709,0.5591054313099042
250092201012,0.04066985645933014,0.20334928229665072,0.15789473684210525,0.5980861244019139
250092201013,0.18115942028985507,0.3351449275362319,0.14855072463768115,0.3351449275362319
250092201014,0.07692307692307693,0.15236686390532544,0.4319526627218935,0.33875739644970415
250092201021,0.045307443365695796,0.09061488673139159,0.40560949298813376,0.45846817691477887
250092201022,0.325635103926097,0.14549653579676675,0.23325635103926096,0.2956120092378753
250092211001,0.20359281437125748,0.0344311377245509,0.3248502994011976,0.437125748502994
250092211002,0.044673539518900345,0.11168384879725086,0.29896907216494845,0.5446735395189003
250092211003,0.2625,0.16666666666666666,0.16041666666666668,0.41041666666666665
250092213001,0.0,0.2465897166841553,0.3200419727177335,0.4333683105981112
250092213002,0.11839323467230443,0.19873150105708245,0.16701902748414377,0.5158562367864693
250092213003,0.1598360655737705,0.11065573770491803,0.0942622950819672,0.6352459016393442
250092214001,0.12998266897746968,0.30849220103986136,0.42287694974003465,0.1386481802426343
250092214002,0.19523099850968703,0.20417287630402384,0.23695976154992549,0.36363636363636365
250092214003,0.4883720930232558,0.03488372093023256,0.3081395348837209,0.1686046511627907
250092215001,0.37133182844243795,0.16478555304740405,0.2708803611738149,0.1930022573363431
250092215002,0.1708229426433915,0.1396508728179551,0.26683291770573564,0.4226932668329177
250092216001,0.18413597733711048,0.24079320113314448,0.34277620396600567,0.23229461756373937
250092216002,0.37559808612440193,0.13157894736842105,0.22727272727272727,0.26555023923444976
250092216003,0.07523510971786834,0.5579937304075235,0.19435736677115986,0.1724137931034483
250092217001,0.21904761904761905,0.37777777777777777,0.15873015873015872,0.24444444444444444
250092217002,0.08831168831168831,0.23766233766233766,0.2688311688311688,0.4051948051948052
250092218001,0.0765661252900232,0.13921113689095127,0.26218097447795824,0.5220417633410673
250092218002,0.0963855421686747,0.11646586345381527,0.2248995983935743,0.5622489959839357
250092219011,0.1981651376146789,0.08623853211009175,0.28073394495412846,0.43486238532110094
250092219012,0.012773722627737226,0.16423357664233576,0.3010948905109489,0.5218978102189781
250092219013,0.07127882599580712,0.12368972746331237,0.2138364779874214,0.5911949685534591
250092219021,0.19605077574047955,0.18053596614950634,0.29619181946403383,0.32722143864598024
250092219022,0.016853932584269662,0.19382022471910113,0.31179775280898875,0.47752808988764045
250092219023,0.11716621253405994,0.08991825613079019,0.2670299727520436,0.5258855585831063
250092221001,0.09895833333333333,0.0546875,0.2838541666666667,0.5625
250092221002,0.048484848484848485,0.14545454545454545,0.2545454545454545,0.5515151515151515
250092221003,0.09220985691573927,0.20508744038155802,0.09062003179650238,0.6120826709062003
250092231001,0.2249357326478149,0.10025706940874037,0.2544987146529563,0.4203084832904884
250092231002,0.16698656429942418,0.09788867562380038,0.18042226487523993,0.5547024952015355
250092231003,0.10416666666666667,0.0859375,0.2552083333333333,0.5546875
250092232001,0.17771883289124668,0.16047745358090185,0.2572944297082228,0.40450928381962864
250092232002,0.23076923076923078,0.16346153846153846,0.23557692307692307,0.3701923076923077
250092232003,0.1390532544378698,0.14201183431952663,0.23076923076923078,0.4881656804733728
250092233001,0.08985024958402663,0.18469217970049917,0.04159733777038269,0.6838602329450915
250092233002,0.04403048264182896,0.03302286198137172,0.17950889077053345,0.7434377646062659
250092233003,0.21173469387755103,0.06377551020408163,0.22193877551020408,0.5025510204081632
250092501001,0.6901639344262295,0.19836065573770492,0.08032786885245902,0.03114754098360656
250092501002,0.3429571303587052,0.32020997375328086,0.20122484689413822,0.13560804899387577
250092502001,0.18958611481975968,0.1829105473965287,0.3658210947930574,0.2616822429906542
250092502002,0.2766497461928934,0.20050761421319796,0.3197969543147208,0.20304568527918782
250092502003,0.05080213903743316,0.23529411764705882,0.3609625668449198,0.35294117647058826
250092503001,0.21286031042128603,0.3348115299334812,0.37250554323725055,0.07982261640798226
250092503002,0.23218997361477572,0.07651715039577836,0.46437994722955145,0.22691292875989447
250092504001,0.13908450704225353,0.44190140845070425,0.21830985915492956,0.2007042253521127
250092504002,0.27346938775510204,0.23061224489795917,0.45510204081632655,0.04081632653061224
250092504003,0.37797619047619047,0.42857142857142855,0.14285714285714285,0.050595238095238096
250092505001,0.24070021881838075,0.3522975929978118,0.3413566739606127,0.06564551422319474
250092505002,0.3265895953757225,0.2138728323699422,0.35260115606936415,0.1069364161849711
250092505003,0.25766871165644173,0.24948875255623723,0.49284253578732107,0.0
250092506001,0.20076481835564053,0.25047801147227533,0.4225621414913958,0.12619502868068833
250092506002,0.18181818181818182,0.37291280148423006,0.29313543599257885,0.15213358070500926
250092506003,0.2719449225473322,0.423407917383821,0.1549053356282272,0.14974182444061962
250092506004,0.0549738219895288,0.2670157068062827,0.32722513089005234,0.3507853403141361
250092507001,0.27102803738317754,0.15620827770360482,0.47930574098798395,0.09345794392523364
250092507002,0.2504472271914132,0.17889087656529518,0.3434704830053667,0.22719141323792486
250092507003,0.18562874251497005,0.1407185628742515,0.4820359281437126,0.19161676646706588
250092508001,0.0,0.32673267326732675,0.5470297029702971,0.12623762376237624
250092508002,0.14910536779324055,0.23260437375745527,0.3240556660039761,0.294234592445328
250092508003,0.2732067510548523,0.3449367088607595,0.24156118143459915,0.14029535864978904
250092508004,0.2222222222222222,0.40384615384615385,0.13034188034188035,0.24358974358974358
250092508005,0.12631578947368421,0.14105263157894737,0.6231578947368421,0.10947368421052632
250092509001,0.3673469387755102,0.25170068027210885,0.23129251700680273,0.14965986394557823
250092509002,0.6073298429319371,0.32460732984293195,0.06806282722513089,0.0
250092510001,0.24534686971235195,0.2470389170896785,0.4263959390862944,0.08121827411167512
250092511001,0.764519535374868,0.08764519535374868,0.057022175290390706,0.0908130939809926
250092511002,0.19243986254295534,0.5017182130584192,0.15807560137457044,0.14776632302405499
250092511003,0.22105263157894736,0.12105263157894737,0.2631578947368421,0.39473684210526316
250092512001,0.5541490857946554,0.23066104078762306,0.1940928270042194,0.02109704641350211
250092513001,0.37542662116040953,0.36746302616609783,0.17633674630261661,0.080773606370876
250092513002,0.3770491803278688,0.46994535519125685,0.0,0.15300546448087432
250092513003,0.06030150753768844,0.5326633165829145,0.2562814070351759,0.1507537688442211
250092514001,0.19151846785225718,0.39808481532147744,0.31874145006839943,0.09165526675786594
250092514002,0.15087719298245614,0.14736842105263157,0.3508771929824561,0.3508771929824561
250092514003,0.21978021978021978,0.36996336996337,0.26373626373626374,0.14652014652014653
250092514004,0.16434540389972144,0.19498607242339833,0.415041782729805,0.22562674094707522
250092515001,0.41304347826086957,0.20652173913043478,0.20869565217391303,0.17173913043478262
250092515002,0.4460227272727273,0.20454545454545456,0.26988636363636365,0.07954545454545454
250092515003,0.10074074074074074,0.5274074074074074,0.2903703703703704,0.08148148148148149
250092515004,0.1347708894878706,0.15633423180592992,0.48787061994609165,0.2210242587601078
250092515005,0.2542372881355932,0.2942989214175655,0.24345146379044685,0.20801232665639446
250092516001,0.20695364238410596,0.15562913907284767,0.31456953642384106,0.3228476821192053
250092516002,0.25,0.09922680412371133,0.5128865979381443,0.13788659793814434
250092516003,0.22083333333333333,0.4666666666666667,0.17222222222222222,0.14027777777777778
250092516004,0.2617924528301887,0.30660377358490565,0.2358490566037736,0.1957547169811321
250092517001,0.061957868649318466,0.16480793060718713,0.19454770755885997,0.5786864931846345
250092517002,0.6352459016393442,0.26229508196721313,0.040983606557377046,0.06147540983606557
250092517003,0.22954091816367264,0.15768463073852296,0.32335329341317365,0.2894211576846307
250092517004,0.08088235294117647,0.4485294117647059,0.26838235294117646,0.20220588235294118
250092518001,0.05415162454873646,0.18772563176895307,0.6335740072202166,0.12454873646209386
250092518002,0.16453900709219857,0.20141843971631207,0.5333333333333333,0.10070921985815603
250092518003,0.07531380753138076,0.2644351464435146,0.21589958158995817,0.44435146443514645
250092518004,0.06758832565284179,0.13517665130568357,0.3010752688172043,0.49615975422427033
250092521011,0.116600790513834,0.17588932806324112,0.274703557312253,0.43280632411067194
250092521012,0.39344262295081966,0.012295081967213115,0.4713114754098361,0.12295081967213115
250092521013,0.31540697674418605,0.22238372093023256,0.29941860465116277,0.16279069767441862
250092521021,0.018518518518518517,0.037037037037037035,0.24074074074074073,0.7037037037037037
250092521022,0.04173354735152488,0.027287319422150885,0.15890850722311398,0.7720706260032103
250092521023,0.013513513513513514,0.17567567567567569,0.30743243243243246,0.5033783783783784
250092522011,0.14222222222222222,0.1711111111111111,0.2866666666666667,0.4
250092522012,0.0171990171990172,0.24201474201474202,0.3071253071253071,0.43366093366093367
250092522021,0.02689873417721519,0.028481012658227847,0.2626582278481013,0.6819620253164557
250092522022,0.047619047619047616,0.2653061224489796,0.18027210884353742,0.5068027210884354
250092523001,0.10135135135135136,0.02927927927927928,0.4864864864864865,0.38288288288288286
250092523002,0.3333333333333333,0.1277258566978193,0.32398753894080995,0.21495327102803738
250092523003,0.27111984282907664,0.12770137524557956,0.20235756385068762,0.3988212180746562
250092523004,0.052434456928838954,0.0,0.2546816479400749,0.6928838951310862
250092523005,0.5099255583126551,0.05334987593052109,0.23325062034739455,0.20347394540942929
250092523006,0.03054989816700611,0.2240325865580448,0.34623217922606925,0.39918533604887985
250092524001,0.15261044176706828,0.2389558232931727,0.3112449799196787,0.2971887550200803
250092524002,0.15827338129496402,0.2787769784172662,0.4244604316546763,0.13848920863309352
250092524003,0.3358070500927644,0.22820037105751392,0.04638218923933209,0.38961038961038963
250092525011,0.10206422018348624,0.18922018348623854,0.38073394495412843,0.32798165137614677
250092525012,0.17192982456140352,0.28771929824561404,0.1543859649122807,0.38596491228070173
250092525013,0.12264150943396226,0.1509433962264151,0.39308176100628933,0.3333333333333333
250092525021,0.09068627450980392,0.27205882352941174,0.18382352941176472,0.4534313725490196
250092525022,0.24726477024070023,0.07658643326039387,0.33698030634573306,0.33916849015317285
250092525023,0.054380664652567974,0.1782477341389728,0.09667673716012085,0.6706948640483383
250092525024,0.20353982300884957,0.41150442477876104,0.12168141592920353,0.26327433628318586
250092526011,0.1605902777777778,0.1310763888888889,0.3133680555555556,0.3949652777777778
250092526012,0.084375,0.034375,0.159375,0.721875
250092526013,0.11428571428571428,0.20909090909090908,0.18831168831168832,0.4883116883116883
250092526014,0.1836007130124777,0.11942959001782531,0.41532976827094475,0.2816399286987522
250092526021,0.139186295503212,0.042826552462526764,0.2398286937901499,0.5781584582441114
250092526022,0.05054151624548736,0.0421179302045728,0.23104693140794225,0.6762936221419976
250092526023,0.035211267605633804,0.15845070422535212,0.2658450704225352,0.5404929577464789
250092526031,0.0,0.16071428571428573,0.30357142857142855,0.5357142857142857
250092526032,0.10318471337579618,0.06878980891719745,0.2522292993630573,0.575796178343949
250092531001,0.22474747474747475,0.24242424242424243,0.15151515151515152,0.3813131313131313
250092531002,0.10515463917525773,0.16288659793814433,0.3752577319587629,0.35670103092783506
250092531003,0.0707395498392283,0.08038585209003216,0.08681672025723473,0.7620578778135049
250092531004,0.15827338129496402,0.145083932853717,0.2446043165467626,0.4520383693045564
250092531005,0.14342629482071714,0.11553784860557768,0.29880478087649404,0.44223107569721115
250092532011,0.05759162303664921,0.24083769633507854,0.21291448516579406,0.4886561954624782
250092532012,0.17,0.11166666666666666,0.17,0.5483333333333333
250092532013,0.171875,0.0,0.5625,0.265625
250092532021,0.0,0.17562724014336917,0.053763440860215055,0.7706093189964157
250092532022,0.058673469387755105,0.0,0.45790816326530615,0.48341836734693877
250092532023,0.4472573839662447,0.04008438818565401,0.03164556962025317,0.4810126582278481
250092532024,0.14482758620689656,0.13879310344827586,0.42758620689655175,0.28879310344827586
250092532031,0.08045977011494253,0.1685823754789272,0.06513409961685823,0.685823754789272
250092532032,0.06666666666666667,0.043333333333333335,0.058333333333333334,0.8316666666666667
250092532033,0.12614259597806216,0.054844606946983544,0.09323583180987204,0.7257769652650823
250092532041,0.09290953545232274,0.03667481662591687,0.16625916870415647,0.7041564792176039
250092532042,0.18867924528301888,0.0440251572327044,0.16352201257861634,0.6037735849056604
250092532043,0.11421911421911422,0.02097902097902098,0.19813519813519814,0.6666666666666666
250092532044,0.015363128491620111,0.0111731843575419,0.09636871508379888,0.8770949720670391
250092532051,0.026284348864994027,0.016726403823178016,0.0908004778972521,0.8661887694145759
250092532052,0.0,0.08264462809917356,0.128099173553719,0.7892561983471075
250092541001,0.09151785714285714,0.10714285714285714,0.15848214285714285,0.6428571428571429
250092541002,0.04092071611253197,0.2071611253196931,0.26854219948849106,0.4833759590792839
250092541003,0.09601634320735444,0.13789581205311544,0.0602655771195097,0.7058222676200204
250092541004,0.08695652173913043,0.06521739130434782,0.21541501976284586,0.6324110671936759
250092541005,0.0,0.05821917808219178,0.10273972602739725,0.839041095890411
250092542001,0.18928571428571428,0.12857142857142856,0.30357142857142855,0.37857142857142856
250092542002,0.26819407008086255,0.04716981132075472,0.18867924528301888,0.49595687331536387
250092542003,0.19517102615694165,0.018108651911468814,0.06438631790744467,0.7223340040241448
250092542004,0.15789473684210525,0.0430622009569378,0.215311004784689,0.583732057416268
250092543011,0.06303724928366762,0.0329512893982808,0.09312320916905444,0.8108882521489972
250092543012,0.03283582089552239,0.016417910447761194,0.11044776119402985,0.8402985074626865
250092543021,0.012021857923497269,0.04590163934426229,0.17704918032786884,0.7650273224043715
250092543022,0.023728813559322035,0.04406779661016949,0.10508474576271186,0.8271186440677966
250092543023,0.11238095238095239,0.07047619047619047,0.19238095238095237,0.6247619047619047
250092544011,0.0,0.15816326530612246,0.16071428571428573,0.6811224489795918
250092544012,0.01995798319327731,0.08298319327731092,0.22268907563025211,0.6743697478991597
250092544021,0.0,0.12305025996533796,0.30155979202772965,0.5753899480069324
250092544022,0.029350104821802937,0.1708595387840671,0.16666666666666666,0.6331236897274634
250092544023,0.030141843971631204,0.05851063829787234,0.14893617021276595,0.7624113475177305
250092544024,0.044642857142857144,0.07525510204081633,0.21301020408163265,0.6670918367346939
250092544031,0.0389321468298109,0.07563959955506118,0.1457174638487208,0.7397107897664071
250092544032,0.0,0.0,0.20725388601036268,0.7927461139896373
250092601001,0.16904761904761906,0.35,0.35833333333333334,0.12261904761904761
250092601002,0.6661392405063291,0.060126582278481014,0.25158227848101267,0.022151898734177215
250092601003,0.3761814744801512,0.29111531190926276,0.3005671077504726,0.03213610586011342
250092601004,0.15212981744421908,0.23529411764705882,0.45030425963488846,0.16227180527383367
250092602001,0.15246636771300448,0.44095665171898357,0.21375186846038863,0.19282511210762332
250092602002,0.3882476390346275,0.27177334732423925,0.2938090241343127,0.046169989506820566
250092603011,0.09852216748768473,0.08538587848932677,0.367816091954023,0.4482758620689655
250092603012,0.3333333333333333,0.07575757575757576,0.1893939393939394,0.4015151515151515
250092603013,0.029143897996357013,0.1930783242258652,0.2331511839708561,0.5446265938069217
250092603021,0.0,0.08465608465608465,0.2619047619047619,0.6534391534391535
250092603022,0.07005649717514124,0.19548022598870057,0.15028248587570622,0.584180790960452
250092604011,0.13877551020408163,0.16326530612244897,0.15918367346938775,0.5387755102040817
250092604012,0.09352517985611511,0.1342925659472422,0.14388489208633093,0.6282973621103117
250092604013,0.06872852233676977,0.027491408934707903,0.2508591065292096,0.6529209621993127
250092604014,0.07,0.2542857142857143,0.31857142857142856,0.35714285714285715
250092604021,0.02866779089376054,0.03709949409780776,0.3263069139966273,0.6079258010118044
250092604022,0.04583333333333333,0.23333333333333334,0.20833333333333334,0.5125
250092604023,0.0842911877394636,0.25287356321839083,0.41379310344827586,0.24904214559386972
250092604024,0.11233211233211234,0.13675213675213677,0.49694749694749696,0.25396825396825395
250092605001,0.051580698835274545,0.0632279534109817,0.4193011647254576,0.46589018302828616
250092605002,0.03225806451612903,0.04032258064516129,0.33064516129032256,0.5967741935483871
250092605003,0.18299445471349354,0.03512014787430684,0.29944547134935307,0.4824399260628466
250092606001,0.049723756906077346,0.19613259668508287,0.281767955801105,0.4723756906077348
250092606002,0.23703703703703705,0.1037037037037037,0.1654320987654321,0.49382716049382713
250092606003,0.05654761904761905,0.17410714285714285,0.5684523809523809,0.20089285714285715
250092607001,0.1892147587511826,0.25449385052034057,0.2923368022705771,0.2639545884578997
250092607002,0.13180169286577992,0.18137847642079807,0.18984280532043532,0.4969770253929867
250092608001,0.2870264064293915,0.2835820895522388,0.24110218140068887,0.18828932261768083
250092608002,0.1377952755905512,0.3062992125984252,0.41023622047244096,0.14566929133858267
250092609001,0.1497584541062802,0.07246376811594203,0.30193236714975846,0.4758454106280193
250092609002,0.17280453257790368,0.31728045325779036,0.12181303116147309,0.3881019830028329
250092609003,0.28860759493670884,0.3493670886075949,0.1848101265822785,0.17721518987341772
250092609004,0.3408662900188324,0.12994350282485875,0.3568738229755179,0.17231638418079095
250092610001,0.12629399585921325,0.36438923395445133,0.38095238095238093,0.12836438923395446
250092610002,0.020537124802527645,0.2037914691943128,0.4628751974723539,0.3127962085308057
250092610003,0.0649895178197065,0.1949685534591195,0.2180293501048218,0.5220125786163522
250092611011,0.02359882005899705,0.2743362831858407,0.22123893805309736,0.4808259587020649
250092611012,0.10161662817551963,0.20092378752886836,0.22170900692840648,0.47575057736720555
250092611013,0.08221024258760108,0.0444743935309973,0.192722371967655,0.6805929919137467
250092611021,0.21416083916083917,0.18006993006993008,0.23076923076923078,0.375
250092611022,0.027251184834123223,0.061611374407582936,0.33293838862559244,0.5781990521327014
250092621001,0.0,0.5153846153846153,0.25384615384615383,0.23076923076923078
250092621002,0.027926960257787327,0.07518796992481203,0.21052631578947367,0.686358754027927
250092621003,0.21666666666666667,0.2740740740740741,0.22407407407407406,0.2851851851851852
250092621004,0.12225274725274725,0.11126373626373626,0.33379120879120877,0.4326923076923077
250092631001,0.04480651731160896,0.04073319755600815,0.18126272912423624,0.7331975560081466
250092631002,0.026041666666666668,0.12760416666666666,0.3359375,0.5104166666666666
250092631003,0.009776536312849162,0.1005586592178771,0.11871508379888268,0.770949720670391
250092641001,0.014545454545454545,0.09818181818181818,0.17212121212121212,0.7151515151515152
250092641002,0.12111801242236025,0.043478260869565216,0.2391304347826087,0.5962732919254659
250092641003,0.09313264346190028,0.08842897460018814,0.19661335841956726,0.6218250235183443
250092651011,0.29476584022038566,0.07988980716253444,0.3002754820936639,0.325068870523416
250092651012,0.09569377990430622,0.13875598086124402,0.22966507177033493,0.5358851674641149
250092651013,0.015463917525773196,0.06701030927835051,0.4742268041237113,0.44329896907216493
250092651014,0.045454545454545456,0.0,0.20170454545454544,0.7528409090909091
250092651021,0.017582417582417582,0.14725274725274726,0.26373626373626374,0.5714285714285714
250092651022,0.08056872037914692,0.2132701421800948,0.12954186413902052,0.5766192733017378
250092651023,0.03908794788273615,0.04071661237785016,0.13680781758957655,0.7833876221498371
250092661001,0.03571428571428571,0.10714285714285714,0.14682539682539683,0.7103174603174603
250092661002,0.027777777777777776,0.06597222222222222,0.4305555555555556,0.4756944444444444
250092661003,0.05482456140350877,0.06798245614035088,0.5592105263157895,0.31798245614035087
250092661004,0.16293929712460065,0.1853035143769968,0.13738019169329074,0.5143769968051118
250092661005,0.16808510638297872,0.10212765957446808,0.15106382978723404,0.5787234042553191
250092662001,0.099601593625498,0.20451527224435592,0.24435590969455512,0.45152722443559096
250092662002,0.18002081165452655,0.11030176899063475,0.27471383975026015,0.43496357960457854
250092662003,0.05947955390334572,0.024163568773234202,0.2695167286245353,0.6468401486988847
250092663001,0.3293838862559242,0.2037914691943128,0.20023696682464456,0.2665876777251185
250092663002,0.05448354143019296,0.06356413166855845,0.2724177071509648,0.6095346197502838
250092664001,0.021164021164021163,0.14814814814814814,0.4021164021164021,0.42857142857142855
250092664002,0.28264462809917357,0.4462809917355372,0.11239669421487604,0.15867768595041323
250092664003,0.25874125874125875,0.15384615384615385,0.17832167832167833,0.4090909090909091
250092664004,0.0,0.12292358803986711,0.30564784053156147,0.5714285714285714
250092671021,0.07462686567164178,0.08768656716417911,0.333955223880597,0.503731343283582
250092671022,0.07866868381240545,0.2632375189107413,0.19969742813918306,0.4583963691376702
250092671023,0.09908256880733946,0.11376146788990826,0.21467889908256882,0.5724770642201835
250092671024,0.07916666666666666,0.21666666666666667,0.05,0.6541666666666667
250092671031,0.1952191235059761,0.11155378486055777,0.4103585657370518,0.28286852589641437
250092671032,0.025951557093425604,0.13667820069204153,0.23529411764705882,0.6020761245674741
250092671041,0.1154562383612663,0.13500931098696461,0.3743016759776536,0.3752327746741155
250092681001,0.0,0.07659574468085106,0.14893617021276595,0.774468085106383
250092681002,0.0625,0.024709302325581394,0.17296511627906977,0.7398255813953488
250092682001,0.051194539249146756,0.16040955631399317,0.24573378839590443,0.5426621160409556
250092682002,0.06477732793522267,0.03441295546558704,0.32388663967611336,0.5769230769230769
250092682003,0.1598360655737705,0.15846994535519127,0.2062841530054645,0.47540983606557374
250092682005,0.12883435582822086,0.029447852760736196,0.2907975460122699,0.550920245398773
250092683001,0.4030054644808743,0.14344262295081966,0.08333333333333333,0.3702185792349727
250092683002,0.007861635220125786,0.0959119496855346,0.43238993710691825,0.4638364779874214
250092683003,0.1362397820163488,0.1307901907356948,0.21525885558583105,0.5177111716621253
250092683004,0.0,0.136986301369863,0.1780821917808219,0.684931506849315
250092684001,0.2118491921005386,0.07540394973070018,0.13644524236983843,0.5763016157989228
250092684002,0.09863945578231292,0.04081632653061224,0.141156462585034,0.7193877551020408
250092684003,0.06306306306306306,0.0686936936936937,0.26238738738738737,0.6058558558558559
250092691001,0.031746031746031744,0.03333333333333333,0.1523809523809524,0.7825396825396825
250092691002,0.1038961038961039,0.07792207792207792,0.3133116883116883,0.5048701298701299
250092691003,0.03768115942028986,0.03768115942028986,0.21159420289855072,0.7130434782608696
250092691004,0.10926365795724466,0.030878859857482184,0.11401425178147269,0.7458432304038005
250092691005,0.02495201535508637,0.08829174664107485,0.15163147792706333,0.7351247600767754
250092701001,0.03361344537815126,0.12698412698412698,0.31559290382819793,0.5238095238095238
250092701002,0.1392757660167131,0.0807799442896936,0.07799442896935933,0.7019498607242339
250092701003,0.0633147113594041,0.0335195530726257,0.30726256983240224,0.595903165735568
250173001001,0.06555090655509066,0.11297071129707113,0.42398884239888424,0.39748953974895396
250173001002,0.04827586206896552,0.14310344827586208,0.24482758620689654,0.5637931034482758
250173011011,0.05813953488372093,0.10319767441860465,0.40261627906976744,0.436046511627907
250173011012,0.05133928571428571,0.05580357142857143,0.21205357142857142,0.6808035714285714
250173011013,0.33874709976798145,0.0951276102088167,0.2853828306264501,0.28074245939675174
250173011021,0.09777777777777778,0.06,0.24888888888888888,0.5933333333333334
250173011022,0.07352941176470588,0.1255656108597285,0.2081447963800905,0.5927601809954751
250173011023,0.027868852459016394,0.23770491803278687,0.26885245901639343,0.46557377049180326
250173101011,0.34395973154362414,0.14429530201342283,0.24328859060402686,0.2684563758389262
250173101012,0.5563798219584569,0.14391691394658754,0.20771513353115728,0.09198813056379822
250173101013,0.33264033264033266,0.0,0.19750519750519752,0.4698544698544699
250173101021,0.3958333333333333,0.2152777777777778,0.2204861111111111,0.1684027777777778
250173101022,0.27319587628865977,0.35695876288659795,0.12886597938144329,0.24097938144329897
250173102001,0.0,0.0,0.5404157043879908,0.45958429561200925
250173102002,0.18089430894308944,0.08739837398373984,0.3434959349593496,0.3882113821138211
250173102003,0.0847457627118644,0.06537530266343826,0.4648910411622276,0.38498789346246975
250173102004,0.26063829787234044,0.5771276595744681,0.06648936170212766,0.09574468085106383
250173102005,0.2620689655172414,0.09137931034482759,0.38620689655172413,0.2603448275862069
250173103001,0.24283559577677225,0.14479638009049775,0.34238310708898945,0.26998491704374056
250173103002,0.25229960578186594,0.2956636005256242,0.39816031537450725,0.05387647831800263
250173103003,0.25862068965517243,0.29310344827586204,0.34195402298850575,0.10632183908045977
250173103004,0.3188405797101449,0.15217391304347827,0.04710144927536232,0.48188405797101447
250173103005,0.0,0.20178041543026706,0.3115727002967359,0.486646884272997
250173104001,0.49298245614035086,0.14912280701754385,0.18771929824561404,0.17017543859649123
250173104002,0.1774193548387097,0.23655913978494625,0.5026881720430108,0.08333333333333333
250173104003,0.2139917695473251,0.3950617283950617,0.20164609053497942,0.18930041152263374
250173105001,0.4358974358974359,0.042735042735042736,0.18803418803418803,0.3333333333333333
250173105002,0.15267175572519084,0.1801526717557252,0.40458015267175573,0.26259541984732826
250173105003,0.15776699029126215,0.09951456310679611,0.441747572815534,0.30097087378640774
250173106011,0.1724537037037037,0.4085648148148148,0.1712962962962963,0.24768518518518517
250173106012,0.17987152034261242,0.17987152034261242,0.32548179871520344,0.3147751605995717
250173106013,0.09644670050761421,0.27918781725888325,0.27918781725888325,0.34517766497461927
250173106021,0.07756563245823389,0.021479713603818614,0.4009546539379475,0.5
250173106022,0.2605042016806723,0.07202881152460984,0.2809123649459784,0.3865546218487395
250173106023,0.0,0.31521739130434784,0.5163043478260869,0.16847826086956522
250173106024,0.09336099585062241,0.13692946058091288,0.2966804979253112,0.4730290456431535
250173107001,0.2700617283950617,0.3101851851851852,0.2021604938271605,0.2175925925925926
250173107002,0.2746478873239437,0.20422535211267606,0.36619718309859156,0.15492957746478872
250173107003,0.3532182103610675,0.06907378335949764,0.3783359497645212,0.19937205651491366
250173111001,0.22695035460992907,0.08747044917257683,0.22458628841607564,0.46099290780141844
250173111002,0.13846153846153847,0.17384615384615384,0.3553846153846154,0.3323076923076923
250173112001,0.4311377245508982,0.3532934131736527,0.18413173652694612,0.03143712574850299
250173112002,0.19148936170212766,0.27409261576971217,0.4130162703379224,0.1214017521902378
250173113001,0.270516717325228,0.1641337386018237,0.48024316109422494,0.0851063829787234
250173113002,0.163135593220339,0.1652542372881356,0.2817796610169492,0.3898305084745763
250173113003,0.1751592356687898,0.12261146496815287,0.5445859872611465,0.15764331210191082
250173114001,0.052941176470588235,0.30196078431372547,0.29411764705882354,0.3509803921568627
250173114002,0.0967741935483871,0.0,0.20161290322580644,0.7016129032258065
250173114003,0.164,0.2946666666666667,0.32266666666666666,0.21866666666666668
250173114004,0.1284965034965035,0.15034965034965034,0.3916083916083916,0.32954545454545453
250173115001,0.03076923076923077,0.0,0.5384615384615384,0.4307692307692308
250173115002,0.11670020120724346,0.22736418511066397,0.23138832997987926,0.4245472837022133
250173115003,0.06679764243614932,0.10216110019646366,0.2966601178781925,0.5343811394891945
250173116001,0.05128205128205128,0.08608058608058608,0.15567765567765568,0.706959706959707
250173116002,0.15416666666666667,0.16458333333333333,0.325,0.35625
250173116003,0.04452054794520548,0.18835616438356165,0.3493150684931507,0.4178082191780822
250173116004,0.2459016393442623,0.09562841530054644,0.3825136612021858,0.27595628415300544
250173116005,0.10491803278688525,0.1180327868852459,0.2,0.5770491803278689
250173117001,0.1618798955613577,0.13838120104438642,0.2245430809399478,0.4751958224543081
250173117002,0.10982658959537572,0.04046242774566474,0.4161849710982659,0.43352601156069365
250173117003,0.37373737373737376,0.03367003367003367,0.2727272727272727,0.31986531986531985
250173117004,0.06806282722513089,0.17452006980802792,0.450261780104712,0.30715532286212915
250173118001,0.20600858369098712,0.34549356223175964,0.07081545064377683,0.3776824034334764
250173118002,0.3469721767594108,0.057283142389525366,0.31751227495908346,0.27823240589198034
250173119001,0.20725388601036268,0.13989637305699482,0.41278065630397237,0.24006908462867013
250173119002,0.5748930099857347,0.19686162624821682,0.14407988587731813,0.08416547788873038
250173120001,0.38,0.20666666666666667,0.2511111111111111,0.1622222222222222
250173120002,0.17805383022774326,0.32919254658385094,0.23395445134575568,0.2587991718426501
250173121001,0.35223367697594504,0.15463917525773196,0.18041237113402062,0.3127147766323024
250173121002,0.1183206106870229,0.2633587786259542,0.46946564885496184,0.14885496183206107
250173121003,0.15,0.1575,0.5475,0.145
250173122001,0.14625445897740785,0.18549346016646848,0.46135552913198574,0.20689655172413793
250173122002,0.2088607594936709,0.03481012658227848,0.40822784810126583,0.34810126582278483
250173122003,0.06687898089171974,0.2611464968152866,0.2484076433121019,0.42356687898089174
250173122004,0.2017291066282421,0.21613832853025935,0.24495677233429394,0.3371757925072046
250173123001,0.012987012987012988,0.1444805194805195,0.2353896103896104,0.6071428571428571
250173123002,0.09949409780775717,0.10286677908937605,0.3305227655986509,0.4671163575042159
250173123003,0.10173697270471464,0.07692307692307693,0.575682382133995,0.2456575682382134
250173124001,0.5807291666666666,0.3489583333333333,0.020833333333333332,0.049479166666666664
250173124002,0.13781512605042018,0.24873949579831933,0.3697478991596639,0.24369747899159663
250173125011,0.0327653997378768,0.10747051114023591,0.29750982961992134,0.562254259501966
250173125012,0.17543859649122806,0.043859649122807015,0.38596491228070173,0.39473684210526316
250173125013,0.12771084337349398,0.19759036144578312,0.2927710843373494,0.3819277108433735
250173125021,0.1639163916391639,0.15181518151815182,0.24752475247524752,0.4367436743674367
250173125022,0.0,0.17228464419475656,0.149812734082397,0.6779026217228464
250173125023,0.01948051948051948,0.18831168831168832,0.0670995670995671,0.7251082251082251
250173131011,0.14683815648445875,0.15434083601286175,0.24437299035369775,0.45444801714898175
250173131012,0.017718715393133997,0.05647840531561462,0.1461794019933555,0.7796234772978959
250173131013,0.01971830985915493,0.04225352112676056,0.061971830985915494,0.8760563380281691
250173131021,0.04332129963898917,0.20938628158844766,0.1263537906137184,0.6209386281588448
250173131022,0.11467889908256881,0.12385321100917432,0.5160550458715596,0.24541284403669725
250173131023,0.08057553956834532,0.08633093525179857,0.12661870503597122,0.7064748201438849
250173131024,0.0,0.0,0.34515366430260047,0.6548463356973995
250173141011,0.08285163776493257,0.12909441233140656,0.3892100192678227,0.3988439306358382
250173141012,0.12052117263843648,0.09229098805646037,0.16395222584147665,0.6232356134636265
250173141013,0.18834080717488788,0.10403587443946188,0.32107623318385653,0.3865470852017937
250173141021,0.0,0.19522776572668113,0.47288503253796094,0.3318872017353579
250173141022,0.21011673151750973,0.22178988326848248,0.21011673151750973,0.35797665369649806
250173141023,0.1401098901098901,0.36538461538461536,0.12637362637362637,0.36813186813186816
250173141024,0.029143897996357013,0.06557377049180328,0.33697632058287796,0.5683060109289617
250173141025,0.13354531001589826,0.0,0.40063593004769477,0.465818759936407
250173142001,0.24727838258164853,0.1166407465007776,0.2737169517884914,0.36236391912908245
250173142002,0.16596638655462184,0.14495798319327732,0.4117647058823529,0.2773109243697479
250173142003,0.06373626373626373,0.2164835164835165,0.27692307692307694,0.44285714285714284
250173143011,0.10573678290213723,0.23959505061867267,0.21034870641169853,0.44431946006749157
250173143012,0.0,0.32142857142857145,0.28214285714285714,0.3964285714285714
250173143013,0.034482758620689655,0.07029177718832891,0.20557029177718833,0.6896551724137931
250173143014,0.024630541871921183,0.09523809523809523,0.4876847290640394,0.3924466338259442
250173143015,0.10778443113772455,0.2904191616766467,0.1027944111776447,0.499001996007984
250173143021,0.009784735812133072,0.05870841487279843,0.1898238747553816,0.7416829745596869
250173143022,0.03814262023217247,0.12603648424543948,0.15754560530679934,0.6782752902155887
250173151001,0.04477611940298507,0.09488272921108742,0.2953091684434968,0.5650319829424307
250173151002,0.05357142857142857,0.05654761904761905,0.15476190476190477,0.7351190476190477
250173152001,0.14893617021276595,0.19756838905775076,0.14994934143870314,0.5035460992907801
250173152002,0.12490421455938697,0.012260536398467433,0.18850574712643678,0.6743295019157088
250173152003,0.06976744186046512,0.12880143112701253,0.3184257602862254,0.48300536672629696
250173152004,0.16644295302013423,0.012080536912751677,0.2966442953020134,0.5248322147651007
250173154011,0.0362400906002265,0.08154020385050963,0.4088335220838052,0.4733861834654587
250173154012,0.2033678756476684,0.19041450777202074,0.2823834196891192,0.3238341968911917
250173154021,0.009900990099009901,0.05115511551155116,0.30528052805280526,0.6336633663366337
250173154022,0.03672316384180791,0.134180790960452,0.327683615819209,0.501412429378531
250173154031,0.01984126984126984,0.07142857142857142,0.24206349206349206,0.6666666666666666
250173154032,0.0695970695970696,0.11355311355311355,0.2967032967032967,0.5201465201465202
250173155001,0.03368421052631579,0.07368421052631578,0.24210526315789474,0.6505263157894737
250173155002,0.0,0.336283185840708,0.16991150442477876,0.49380530973451325
250173155003,0.010714285714285714,0.03214285714285714,0.6357142857142857,0.32142857142857145
250173155004,0.0,0.09953343701399689,0.2255054432348367,0.6749611197511665
250173155005,0.07992202729044834,0.17738791423001948,0.17738791423001948,0.5653021442495126
250173161011,0.034623217922606926,0.02240325865580448,0.25661914460285135,0.6863543788187373
250173161012,0.04460093896713615,0.07276995305164319,0.19953051643192488,0.6830985915492958
250173161013,0.19321533923303835,0.0752212389380531,0.13716814159292035,0.5943952802359882
250173161021,0.04798464491362764,0.11324376199616124,0.1017274472168906,0.7370441458733206
250173161022,0.03592814371257485,0.010778443113772455,0.4275449101796407,0.525748502994012
250173161023,0.08506944444444445,0.019097222222222224,0.18229166666666666,0.7135416666666666
250173161024,0.19128787878787878,0.04924242424242424,0.29924242424242425,0.4602272727272727
250173162011,0.020134228187919462,0.03131991051454139,0.5324384787472036,0.4161073825503356
250173162012,0.06336088154269973,0.012396694214876033,0.2190082644628099,0.7052341597796143
250173162013,0.0,0.1044776119402985,0.31840796019900497,0.5771144278606966
250173162021,0.09166666666666666,0.014583333333333334,0.31875,0.575
250173162022,0.05454545454545454,0.06545454545454546,0.2,0.68
250173162023,0.10954063604240283,0.09540636042402827,0.1625441696113074,0.6325088339222615
250173163001,0.14134041141340412,0.18579960185799602,0.252156602521566,0.42070338420703385
250173163002,0.11447811447811448,0.0,0.026936026936026935,0.8585858585858586
250173163003,0.07578558225508318,0.30868761552680224,0.11829944547134935,0.49722735674676527
250173163004,0.03896103896103896,0.04220779220779221,0.22077922077922077,0.698051948051948
250173163005,0.0,0.0,0.3235955056179775,0.6764044943820224
250173164001,0.05120481927710843,0.16566265060240964,0.35240963855421686,0.4307228915662651
250173164002,0.07090464547677261,0.0,0.17359413202933985,0.7555012224938875
250173164003,0.06741573033707865,0.02247191011235955,0.14606741573033707,0.7640449438202247
250173164004,0.011695906432748537,0.01608187134502924,0.3684210526315789,0.6038011695906432
250173164005,0.012030075187969926,0.09022556390977443,0.25413533834586466,0.643609022556391
250173165001,0.08776595744680851,0.18351063829787234,0.1529255319148936,0.5757978723404256
250173165002,0.20089285714285715,0.0,0.4419642857142857,0.35714285714285715
250173165003,0.0392156862745098,0.09673202614379085,0.34901960784313724,0.515032679738562
250173165004,0.06451612903225806,0.23790322580645162,0.3870967741935484,0.31048387096774194
250173165005,0.17980295566502463,0.0812807881773399,0.22413793103448276,0.5147783251231527
250173171011,0.0,0.044755244755244755,0.3146853146853147,0.6405594405594406
250173171012,0.18817733990147784,0.14285714285714285,0.28078817733990147,0.38817733990147785
250173171013,0.09397944199706314,0.20998531571218795,0.3436123348017621,0.3524229074889868
250173171014,0.07573415765069552,0.1839258114374034,0.21483771251931993,0.5255023183925811
250173171021,0.06164383561643835,0.015410958904109588,0.2825342465753425,0.6404109589041096
250173171022,0.10755148741418764,0.09610983981693363,0.14874141876430205,0.6475972540045767
250173171023,0.0,0.07317073170731707,0.3203252032520325,0.6065040650406504
250173171031,0.09819967266775777,0.02127659574468085,0.1685761047463175,0.7119476268412439
250173171032,0.05517241379310345,0.19586206896551725,0.2303448275862069,0.5186206896551724
250173171033,0.012285012285012284,0.0,0.19901719901719903,0.7886977886977887
250173172011,0.018957345971563982,0.0995260663507109,0.1066350710900474,0.7748815165876777
250173172012,0.11133603238866396,0.02834008097165992,0.19433198380566802,0.6659919028340081
250173172021,0.03645007923930269,0.08399366085578447,0.16323296354992076,0.716323296354992
250173172022,0.018030513176144243,0.03467406380027739,0.1636615811373093,0.7836338418862691
250173172031,0.034482758620689655,0.03879310344827586,0.1336206896551724,0.7931034482758621
250173172032,0.10449574726609964,0.10935601458080195,0.20048602673147023,0.5856622114216282
250173172033,0.2520775623268698,0.04986149584487535,0.0997229916897507,0.5983379501385041
250173173011,0.07723577235772358,0.0948509485094851,0.2777777777777778,0.5501355013550135
250173173012,0.06376811594202898,0.02608695652173913,0.3101449275362319,0.6
250173173021,0.14035087719298245,0.0733652312599681,0.2727272727272727,0.5135566188197768
250173173022,0.06940874035989718,0.19794344473007713,0.36246786632390743,0.37017994858611825
250173173023,0.0,0.058935361216730035,0.279467680608365,0.6615969581749049
250173173024,0.1292517006802721,0.05215419501133787,0.3253968253968254,0.4931972789115646
250173181001,0.14385964912280702,0.017543859649122806,0.0935672514619883,0.7450292397660818
250173181002,0.1362530413625304,0.09732360097323602,0.20194647201946472,0.5644768856447688
250173181003,0.21767241379310345,0.01939655172413793,0.2607758620689655,0.5021551724137931
250173181004,0.0,0.03753753753753754,0.27627627627627627,0.6861861861861862
250173182001,0.052805280528052806,0.04702970297029703,0.09570957095709572,0.8044554455445545
250173182002,0.14135338345864662,0.08421052631578947,0.3082706766917293,0.46616541353383456
250173183001,0.0,0.0,0.10526315789473684,0.8947368421052632
250173183002,0.031007751937984496,0.03294573643410853,0.09883720930232558,0.8372093023255814
250173183003,0.0,0.0,0.06823529411764706,0.9317647058823529
250173183004,0.023138832997987926,0.1056338028169014,0.12474849094567404,0.7464788732394366
250173184001,0.02006335797254488,0.04751847940865892,0.11615628299894404,0.8162618796198522
250173184002,0.16062992125984252,0.1952755905511811,0.11653543307086614,0.5275590551181102
250173201021,0.027586206896551724,0.0,0.21724137931034482,0.7551724137931034
250173201022,0.0673469387755102,0.0163265306122449,0.23673469387755103,0.6795918367346939
250173201023,0.09421487603305785,0.05619834710743802,0.11074380165289256,0.7388429752066116
250173201024,0.0,0.01532567049808429,0.10153256704980843,0.8831417624521073
250173201051,0.09378407851690294,0.10577971646673937,0.08724100327153762,0.7131952017448201
250173201061,0.06155950752393981,0.03283173734610123,0.16552667578659372,0.7400820793433652
250173201062,0.09375,0.0,0.09895833333333333,0.8072916666666666
250173201063,0.06677018633540373,0.09316770186335403,0.17857142857142858,0.6614906832298136
250173201064,0.0,0.1328125,0.193359375,0.673828125
250173201071,0.0,0.0594855305466238,0.11736334405144695,0.8231511254019293
250173201072,0.07985697258641239,0.03694874851013111,0.16805721096543505,0.7151370679380215
250173211001,0.1705357142857143,0.09642857142857143,0.4446428571428571,0.2883928571428571
250173211002,0.27565392354124746,0.2052313883299799,0.32193158953722334,0.19718309859154928
250173211003,0.0,0.0,0.23825503355704697,0.761744966442953
250173211004,0.02710843373493976,0.025602409638554216,0.1144578313253012,0.8328313253012049
250173212001,0.16467780429594273,0.2100238663484487,0.26252983293556087,0.3627684964200477
250173212002,0.0,0.20903954802259886,0.3152542372881356,0.47570621468926555
250173212003,0.04533678756476684,0.3290155440414508,0.2914507772020725,0.33419689119170987
250173212004,0.05,0.08333333333333333,0.23333333333333334,0.6333333333333333
250173213011,0.3248730964467005,0.23096446700507614,0.22842639593908629,0.21573604060913706
250173213012,0.27904667328699106,0.24031777557100298,0.3227408142999007,0.15789473684210525
250173213013,0.07188498402555911,0.19169329073482427,0.4904153354632588,0.24600638977635783
250173213021,0.07489597780859916,0.0970873786407767,0.2302357836338419,0.5977808599167822
250173213022,0.07508532423208192,0.16496018202502843,0.21843003412969283,0.5415244596131968
250173214001,0.10896708286038592,0.10102156640181612,0.25312145289443816,0.5368898978433598
250173214002,0.04888888888888889,0.12555555555555556,0.24888888888888888,0.5766666666666667
250173215001,0.30398899587345257,0.15405777166437415,0.25722145804676755,0.28473177441540576
250173215002,0.05160390516039052,0.30264993026499304,0.15620641562064155,0.4895397489539749
250173215003,0.13972055888223553,0.22055888223552894,0.2245508982035928,0.4151696606786427
250173215004,0.21024734982332155,0.02120141342756184,0.29328621908127206,0.4752650176678445
250173216001,0.03898635477582846,0.06237816764132553,0.4600389863547758,0.43859649122807015
250173216002,0.020186335403726708,0.09782608695652174,0.25,0.6319875776397516
250173216003,0.1222707423580786,0.0611353711790393,0.3296943231441048,0.4868995633187773
250173216004,0.09953703703703703,0.16666666666666666,0.22916666666666666,0.5046296296296297
250173216005,0.22867737948084055,0.03337453646477132,0.24721878862793573,0.4907292954264524
250173221001,0.0205761316872428,0.10082304526748971,0.23045267489711935,0.6481481481481481
250173221002,0.0,0.04790419161676647,0.2634730538922156,0.688622754491018
250173221003,0.025236593059936908,0.05993690851735016,0.416403785488959,0.49842271293375395
250173221004,0.04148471615720524,0.07641921397379912,0.22489082969432314,0.6572052401746725
250173222001,0.10794896957801767,0.12266928361138371,0.3562315996074583,0.41315014720314036
250173222002,0.12746113989637306,0.16269430051813472,0.15129533678756477,0.5585492227979275
250173223001,0.1939924906132666,0.3041301627033792,0.36795994993742176,0.13391739674593242
250173223002,0.09662576687116564,0.2898773006134969,0.24846625766871167,0.36503067484662577
250173223003,0.16593245227606462,0.2922173274596182,0.24522760646108663,0.2966226138032305
250173223004,0.17777777777777778,0.05454545454545454,0.14545454545454545,0.6222222222222222
250173224001,0.06006006006006006,0.0960960960960961,0.2552552552552553,0.5885885885885885
250173224002,0.06666666666666667,0.18695652173913044,0.35797101449275365,0.3884057971014493
250173224003,0.08456659619450317,0.019027484143763214,0.28118393234672306,0.6152219873150105
250173231011,0.09807073954983923,0.1607717041800643,0.3183279742765273,0.4228295819935691
250173231012,0.020118343195266272,0.015384615384615385,0.20828402366863905,0.7562130177514793
250173231021,0.31329113924050633,0.0,0.07278481012658228,0.6139240506329114
250173231022,0.0,0.0,0.1278538812785388,0.8721461187214612
250173231023,0.026397515527950312,0.11956521739130435,0.11335403726708075,0.7406832298136646
250173241011,0.03937947494033413,0.06563245823389022,0.1873508353221957,0.7076372315035799
250173241012,0.14136125654450263,0.13612565445026178,0.26352530541012215,0.45898778359511344
250173241013,0.011513157894736841,0.03618421052631579,0.28289473684210525,0.6694078947368421
250173241021,0.0,0.05185185185185185,0.11481481481481481,0.8333333333333334
250173241022,0.03810504634397528,0.055612770339855816,0.19258496395468588,0.713697219361483
250173241023,0.3360655737704918,0.09836065573770492,0.12704918032786885,0.4385245901639344
250173251011,0.05555555555555555,0.09932659932659933,0.5218855218855218,0.32323232323232326
250173251012,0.03943908851884312,0.04557405784399649,0.2085889570552147,0.7063978965819456
250173251021,0.07333333333333333,0.49,0.15666666666666668,0.28
250173251022,0.08860759493670886,0.21772151898734177,0.14430379746835442,0.549367088607595
250173251023,0.22633744855967078,0.21193415637860083,0.16049382716049382,0.4012345679012346
250173251024,0.04269662921348315,0.20224719101123595,0.36179775280898874,0.39325842696629215
250173251025,0.042042042042042045,0.06906906906906907,0.2732732732732733,0.6156156156156156
250173261011,0.08208955223880597,0.029850746268656716,0.10074626865671642,0.7873134328358209
250173261012,0.04779411764705882,0.11764705882352941,0.022058823529411766,0.8125
250173261013,0.055627425614489,0.12548512289780078,0.12160413971539456,0.6972833117723156
250173261021,0.08579088471849866,0.11528150134048257,0.17560321715817695,0.6233243967828418
250173261022,0.0288659793814433,0.09484536082474226,0.13195876288659794,0.7443298969072165
250173261023,0.3562874251497006,0.041916167664670656,0.17964071856287425,0.4221556886227545
250173261024,0.09956076134699854,0.04538799414348463,0.20790629575402636,0.6471449487554904
250173271011,0.01078167115902965,0.10646900269541779,0.11994609164420485,0.7628032345013477
250173271012,0.07836990595611286,0.029780564263322883,0.16927899686520376,0.7225705329153606
250173271021,0.1681159420289855,0.09855072463768116,0.4,0.3333333333333333
250173271022,0.036544850498338874,0.07641196013289037,0.20930232558139536,0.6777408637873754
250173271023,0.09628378378378379,0.10135135135135136,0.27871621621621623,0.5236486486486487
250173271031,0.05363321799307959,0.0328719723183391,0.3304498269896194,0.583044982698962
250173271032,0.4337078651685393,0.25842696629213485,0.11685393258426967,0.19101123595505617
250173271033,0.12171837708830549,0.01909307875894988,0.4343675417661098,0.42482100238663484
250173281001,0.016905071521456438,0.011703511053315995,0.16644993498049415,0.8049414824447334
250173281002,0.0681198910081744,0.1362397820163488,0.16621253405994552,0.6294277929155313
250173301011,0.07446808510638298,0.0,0.10638297872340426,0.8191489361702128
250173301012,0.05401844532279315,0.034255599472990776,0.13438735177865613,0.7773386034255599
250173301021,0.021367521367521368,0.09722222222222222,0.3247863247863248,0.5566239316239316
250173301022,0.046822742474916385,0.20903010033444816,0.2909698996655518,0.4531772575250836
250173301023,0.0,0.0,0.2202797202797203,0.7797202797202797
250173302011,0.024871355060034305,0.1097770154373928,0.2504288164665523,0.6149228130360206
250173302021,0.17255434782608695,0.14266304347826086,0.23641304347826086,0.4483695652173913
250173302022,0.03232323232323232,0.19797979797979798,0.40404040404040403,0.3656565656565657
250173302023,0.03731343283582089,0.10945273631840796,0.1791044776119403,0.6741293532338308
250173311011,0.04522613065326633,0.05778894472361809,0.27386934673366836,0.6231155778894473
250173311012,0.0876010781671159,0.0,0.2587601078167116,0.6536388140161725
250173311021,0.03046594982078853,0.0,0.15412186379928317,0.8154121863799283
250173311022,0.05271828665568369,0.085667215815486,0.35584843492586493,0.5057660626029654
250173311023,0.0,0.05515587529976019,0.3381294964028777,0.6067146282973621
250173311024,0.045845272206303724,0.07449856733524356,0.05157593123209169,0.828080229226361
250173312001,0.05902383654937571,0.04199772985244041,0.15096481271282633,0.7480136208853575
250173312002,0.0196078431372549,0.07647058823529412,0.10196078431372549,0.8019607843137255
250173312003,0.014084507042253521,0.1227364185110664,0.16096579476861167,0.7022132796780685
250173313001,0.017523364485981307,0.13434579439252337,0.20677570093457945,0.6413551401869159
250173313002,0.24963924963924963,0.03318903318903319,0.19624819624819625,0.5209235209235209
250173313003,0.02888086642599278,0.056558363417569195,0.17569193742478942,0.7388688327316486
250173321001,0.0,0.037383177570093455,0.2398753894080997,0.7227414330218068
250173321002,0.020969855832241154,0.0799475753604194,0.07339449541284404,0.8256880733944955
250173321003,0.0,0.10122699386503067,0.1901840490797546,0.7085889570552147
250173321004,0.0,0.14545454545454545,0.25272727272727274,0.6018181818181818
250173322011,0.1030818278427205,0.24654622741764082,0.2263549415515409,0.42401700318809776
250173322021,0.11947318908748825,0.1213546566321731,0.07149576669802446,0.6876763875823142
250173322022,0.10059171597633136,0.11242603550295859,0.2455621301775148,0.5414201183431953
250173322023,0.14285714285714285,0.16498993963782696,0.23943661971830985,0.45271629778672035
250173322024,0.0375,0.0,0.625,0.3375
250173323001,0.028662420382165606,0.0,0.16560509554140126,0.8057324840764332
250173323002,0.05587892898719441,0.10128055878928988,0.2712456344586729,0.5715948777648429
250173323003,0.07983193277310924,0.14915966386554622,0.20378151260504201,0.5672268907563025
250173323004,0.16174183514774496,0.10730948678071539,0.09331259720062209,0.6376360808709176
250173324012,0.10813823857302118,0.1326644370122631,0.21850613154960982,0.5406911928651059
250173324021,0.1062618595825427,0.19734345351043645,0.14800759013282733,0.5483870967741935
250173324022,0.16076294277929154,0.14168937329700274,0.27520435967302453,0.4223433242506812
250173331001,0.1564625850340136,0.2755102040816326,0.2108843537414966,0.35714285714285715
250173331002,0.09541511771995044,0.10656753407682776,0.19454770755885997,0.6034696406443618
250173331003,0.010880316518298714,0.11671612265084075,0.26013847675568746,0.6122650840751731
250173331004,0.05945945945945946,0.09324324324324325,0.43108108108108106,0.41621621621621624
250173331005,0.20972644376899696,0.1337386018237082,0.2887537993920973,0.3677811550151976
250173332001,0.05635838150289017,0.12283236994219653,0.2138728323699422,0.6069364161849711
250173332002,0.0957683741648107,0.155902004454343,0.5144766146993318,0.23385300668151449
250173332003,0.273972602739726,0.12557077625570776,0.1917808219178082,0.408675799086758
250173332004,0.1963302752293578,0.11926605504587157,0.14128440366972478,0.5431192660550459
250173333001,0.032327586206896554,0.35344827586206895,0.3297413793103448,0.28448275862068967
250173333002,0.252129471890971,0.08347529812606473,0.20442930153321975,0.4599659284497445
250173333003,0.13911290322580644,0.04233870967741935,0.42943548387096775,0.38911290322580644
250173334001,0.22153465346534654,0.21658415841584158,0.2438118811881188,0.3180693069306931
250173334002,0.06694560669456066,0.10460251046025104,0.3305439330543933,0.497907949790795
250173334003,0.06493506493506493,0.0,0.262987012987013,0.672077922077922
250173334004,0.18199608610567514,0.12524461839530332,0.08414872798434442,0.6086105675146771
250173334005,0.0,0.03546099290780142,0.49645390070921985,0.46808510638297873
250173335011,0.07079646017699115,0.17699115044247787,0.23008849557522124,0.5221238938053098
250173335012,0.08078817733990148,0.1330049261083744,0.21970443349753693,0.5665024630541872
250173335013,0.12534435261707988,0.16115702479338842,0.16804407713498623,0.5454545454545454
250173335021,0.10171730515191546,0.3381770145310436,0.24174372523117568,0.31836195508586523
250173335022,0.18416523235800344,0.04991394148020654,0.21686746987951808,0.5490533562822719
250173336011,0.03021978021978022,0.16071428571428573,0.1813186813186813,0.6277472527472527
250173336021,0.15661103979460847,0.337612323491656,0.2362002567394095,0.26957637997432604
250173336022,0.0,0.09313725490196079,0.5490196078431373,0.35784313725490197
250173336023,0.04912280701754386,0.02982456140350877,0.3543859649122807,0.5666666666666667
250173336024,0.14161220043572983,0.1328976034858388,0.21241830065359477,0.5130718954248366
250173341001,0.053691275167785234,0.14630872483221477,0.14228187919463087,0.6577181208053692
250173341002,0.06872037914691943,0.23933649289099526,0.3175355450236967,0.3744075829383886
250173341003,0.0,0.09140767824497258,0.1663619744058501,0.7422303473491774
250173341004,0.08979591836734693,0.04897959183673469,0.21224489795918366,0.6489795918367347
250173341005,0.03398926654740608,0.08586762075134168,0.13059033989266547,0.7495527728085868
250173342001,0.0440771349862259,0.0440771349862259,0.19559228650137742,0.7162534435261708
250173342002,0.047619047619047616,0.10793650793650794,0.30158730158730157,0.5428571428571428
250173342003,0.30982905982905984,0.07264957264957266,0.3717948717948718,0.24572649572649571
250173342004,0.13934426229508196,0.0942622950819672,0.23770491803278687,0.5286885245901639
250173343001,0.021604938271604937,0.06172839506172839,0.125,0.7916666666666666
250173343002,0.03939393939393939,0.08484848484848485,0.17272727272727273,0.703030303030303
250173343003,0.1199400299850075,0.07796101949025487,0.1409295352323838,0.6611694152923538
250173343004,0.05405405405405406,0.055055055055055056,0.1971971971971972,0.6936936936936937
250173344001,0.0,0.0,0.13656387665198239,0.8634361233480177
250173344002,0.13443072702331962,0.1083676268861454,0.23045267489711935,0.5267489711934157
250173344003,0.09190371991247265,0.16192560175054704,0.3522975929978118,0.3938730853391685
250173344004,0.015348288075560802,0.12278630460448642,0.2066115702479339,0.6552538370720189
250173351001,0.05244755244755245,0.22727272727272727,0.3006993006993007,0.4195804195804196
250173351002,0.07547169811320754,0.08018867924528301,0.25943396226415094,0.5849056603773585
250173351003,0.03006012024048096,0.09418837675350701,0.18236472945891782,0.6933867735470942
250173351004,0.058823529411764705,0.052941176470588235,0.13823529411764707,0.75
250173351005,0.0,0.056291390728476824,0.5165562913907285,0.4271523178807947
250173351006,0.1866840731070496,0.2650130548302872,0.2898172323759791,0.2584856396866841
250173351007,0.06504065040650407,0.21544715447154472,0.15040650406504066,0.5691056910569106
250173352001,0.0395778364116095,0.14775725593667546,0.08443271767810026,0.7282321899736148
250173352002,0.0,0.1069364161849711,0.3265895953757225,0.5664739884393064
250173352003,0.22023809523809523,0.0873015873015873,0.25396825396825395,0.4384920634920635
250173352004,0.12079510703363915,0.14220183486238533,0.19418960244648317,0.5428134556574924
250173352005,0.04682779456193353,0.1419939577039275,0.23564954682779457,0.5755287009063444
250173353011,0.17114914425427874,0.07823960880195599,0.15403422982885084,0.5965770171149144
250173353012,0.06006006006006006,0.11411411411411411,0.3633633633633634,0.4624624624624625
250173353013,0.05120481927710843,0.10240963855421686,0.42168674698795183,0.4246987951807229
250173353021,0.20396600566572237,0.019830028328611898,0.26628895184135976,0.509915014164306
250173353022,0.025396825396825397,0.14285714285714285,0.24761904761904763,0.5841269841269842
250173353023,0.09183673469387756,0.0,0.21768707482993196,0.6904761904761905
250173353024,0.10010427528675704,0.051094890510948905,0.2773722627737226,0.5714285714285714
250173354001,0.03225806451612903,0.13978494623655913,0.08755760368663594,0.7403993855606759
250173354002,0.03140495867768595,0.171900826446281,0.2115702479338843,0.5851239669421487
250173354003,0.03333333333333333,0.07272727272727272,0.24393939393939393,0.65
250173361001,0.05037313432835821,0.31529850746268656,0.19962686567164178,0.43470149253731344
250173361002,0.18327605956471935,0.24742268041237114,0.12027491408934708,0.44902634593356244
250173361003,0.0,0.05592105263157895,0.04276315789473684,0.9013157894736842
250173361004,0.04897959183673469,0.04897959183673469,0.19591836734693877,0.7061224489795919
250173361005,0.18403908794788273,0.06026058631921824,0.2947882736156352,0.4609120521172638
250173362011,0.10945273631840796,0.17412935323383086,0.024875621890547265,0.6915422885572139
250173362012,0.17695473251028807,0.06172839506172839,0.04938271604938271,0.7119341563786008
250173362013,0.01607142857142857,0.0,0.1875,0.7964285714285714
250173362021,0.0,0.0326975476839237,0.10354223433242507,0.8637602179836512
250173362022,0.2631578947368421,0.0,0.20789473684210527,0.5289473684210526
250173362023,0.03594771241830065,0.28431372549019607,0.2777777777777778,0.4019607843137255
250173362024,0.0,0.12686567164179105,0.09701492537313433,0.7761194029850746
250173363001,0.12745098039215685,0.0,0.0457516339869281,0.826797385620915
250173363002,0.0,0.027906976744186046,0.2651162790697674,0.7069767441860465
250173363003,0.05460750853242321,0.08703071672354949,0.10409556313993173,0.7542662116040956
250173363004,0.025793650793650792,0.10912698412698413,0.24206349206349206,0.623015873015873
250173363005,0.1518987341772152,0.02531645569620253,0.3037974683544304,0.5189873417721519
250173363006,0.0,0.0,0.1468682505399568,0.8531317494600432
250173364021,0.03529411764705882,0.15529411764705883,0.35294117647058826,0.45647058823529413
250173364022,0.06666666666666667,0.19814814814814816,0.3111111111111111,0.42407407407407405
250173364023,0.33405639913232105,0.15835140997830802,0.06941431670281996,0.43817787418655096
250173364024,0.14535901926444833,0.138353765323993,0.02276707530647986,0.6935201401050788
250173364031,0.03954802259887006,0.2598870056497175,0.022598870056497175,0.6779661016949152
250173364032,0.1627088830255057,0.16710642040457344,0.1442392260334213,0.5259454705364995
250173364041,0.1858974358974359,0.08974358974358974,0.36752136752136755,0.35683760683760685
250173364042,0.026515151515151516,0.0928030303030303,0.32196969696969696,0.5587121212121212
250173371011,0.05042016806722689,0.052521008403361345,0.14915966386554622,0.7478991596638656
250173371012,0.33657858136300417,0.048678720445062586,0.13073713490959665,0.48400556328233657
250173371021,0.02330097087378641,0.0,0.2543689320388349,0.7223300970873786
250173371022,0.07660626029654036,0.11120263591433278,0.26112026359143325,0.5510708401976936
250173371023,0.11961722488038277,0.23684210526315788,0.24162679425837322,0.4019138755980861
250173372011,0.223,0.121,0.271,0.385
250173372012,0.05154639175257732,0.041237113402061855,0.19072164948453607,0.7164948453608248
250173372013,0.1412639405204461,0.040892193308550186,0.15613382899628253,0.6617100371747212
250173372021,0.026168224299065422,0.16448598130841122,0.13271028037383178,0.6766355140186916
250173372022,0.0,0.23823529411764705,0.18235294117647058,0.5794117647058824
250173372023,0.025078369905956112,0.13949843260188088,0.0987460815047022,0.7366771159874608
250173372024,0.13857142857142857,0.43,0.17714285714285713,0.2542857142857143
250173373001,0.10980392156862745,0.08823529411764706,0.3627450980392157,0.4392156862745098
250173373002,0.1814814814814815,0.0,0.1962962962962963,0.6222222222222222
250173373003,0.13147410358565736,0.2151394422310757,0.2450199203187251,0.40836653386454186
250173373004,0.10456942003514938,0.12214411247803164,0.31370826010544817,0.45957820738137084
250173373005,0.0,0.275,0.1625,0.5625
250173381001,0.03966597077244259,0.06263048016701461,0.04592901878914405,0.8517745302713987
250173381002,0.08294209702660407,0.15336463223787167,0.14084507042253522,0.622848200312989
250173382001,0.13268608414239483,0.06796116504854369,0.1941747572815534,0.6051779935275081
250173382002,0.1766109785202864,0.15513126491646778,0.23389021479713604,0.4343675417661098
250173382003,0.06981981981981981,0.04391891891891892,0.17454954954954954,0.7117117117117117
250173383001,0.0,0.0707070707070707,0.2222222222222222,0.7070707070707071
250173383002,0.12914485165794065,0.16579406631762653,0.07155322862129145,0.6335078534031413
250173383003,0.2777777777777778,0.02681992337164751,0.10344827586206896,0.5919540229885057
250173384001,0.014652014652014652,0.03296703296703297,0.054945054945054944,0.8974358974358975
250173384002,0.0,0.0,0.06521739130434782,0.9347826086956522
250173384003,0.0,0.024390243902439025,0.15284552845528454,0.8227642276422764
250173384004,0.040998217468805706,0.058823529411764705,0.10695187165775401,0.7932263814616756
250173385001,0.016985138004246284,0.03397027600849257,0.12314225053078556,0.8259023354564756
250173385002,0.06306306306306306,0.036036036036036036,0.036036036036036036,0.8648648648648649
250173385003,0.0,0.01990049751243781,0.04975124378109453,0.9303482587064676
250173385004,0.25996533795493937,0.09185441941074524,0.12478336221837089,0.5233968804159446
250173391011,0.215748031496063,0.14803149606299212,0.262992125984252,0.3732283464566929
250173391012,0.0,0.035623409669211195,0.20865139949109415,0.7557251908396947
250173391013,0.4445797807551766,0.15468940316686966,0.07186358099878197,0.32886723507917176
250173391021,0.0,0.20114942528735633,0.27011494252873564,0.5287356321839081
250173391022,0.04983388704318937,0.08139534883720931,0.22591362126245848,0.6428571428571429
250173391023,0.05785123966942149,0.05785123966942149,0.1921487603305785,0.6921487603305785
250173392001,0.0,0.06228373702422145,0.06228373702422145,0.8754325259515571
250173392002,0.0,0.11490683229813664,0.36024844720496896,0.5248447204968945
250173392003,0.105,0.135,0.03,0.73
250173392004,0.0,0.12420382165605096,0.06687898089171974,0.8089171974522293
250173392005,0.056239015817223195,0.0,0.24428822495606328,0.6994727592267135
250173392006,0.0,0.13764044943820225,0.16292134831460675,0.699438202247191
250173393001,0.3626373626373626,0.33791208791208793,0.01098901098901099,0.28846153846153844
250173393002,0.20069204152249134,0.0,0.35986159169550175,0.43944636678200694
250173393003,0.08571428571428572,0.10666666666666667,0.37333333333333335,0.4342857142857143
250173394001,0.22737306843267108,0.2163355408388521,0.152317880794702,0.40397350993377484
250173394002,0.0794979079497908,0.04184100418410042,0.18828451882845187,0.6903765690376569
250173394003,0.1193058568329718,0.039045553145336226,0.1822125813449024,0.6594360086767896
250173394004,0.1396011396011396,0.3162393162393162,0.19658119658119658,0.3475783475783476
250173395001,0.025590551181102362,0.10236220472440945,0.19094488188976377,0.6811023622047244
250173395002,0.18615384615384614,0.29846153846153844,0.28,0.2353846153846154
250173395003,0.0,0.17254901960784313,0.33725490196078434,0.49019607843137253
250173395004,0.060498220640569395,0.02491103202846975,0.3202846975088968,0.594306049822064
250173396001,0.25461254612546125,0.2177121771217712,0.05166051660516605,0.47601476014760147
250173396002,0.05555555555555555,0.2175925925925926,0.44907407407407407,0.2777777777777778
250173396003,0.05329153605015674,0.15673981191222572,0.10658307210031348,0.6833855799373041
250173396004,0.14351851851851852,0.12731481481481483,0.11805555555555555,0.6111111111111112
250173396005,0.034482758620689655,0.021778584392014518,0.12159709618874773,0.822141560798548
250173396006,0.0431266846361186,0.018867924528301886,0.1347708894878706,0.8032345013477089
250173397001,0.125,0.05952380952380952,0.4255952380952381,0.3898809523809524
250173397002,0.2754098360655738,0.06885245901639345,0.21967213114754097,0.4360655737704918
250173397003,0.28832951945080093,0.2036613272311213,0.2517162471395881,0.2562929061784897
250173397004,0.06666666666666667,0.22666666666666666,0.2906666666666667,0.416
250173398021,0.0,0.06443914081145585,0.11933174224343675,0.8162291169451074
250173398022,0.0,0.1144578313253012,0.0,0.8855421686746988
250173398023,0.0,0.1559633027522936,0.2981651376146789,0.5458715596330275
250173398024,0.09649952696310313,0.18070009460737937,0.20056764427625354,0.522232734153264
250173398031,0.13670613562970937,0.077502691065662,0.3433799784714747,0.44241119483315394
250173398032,0.17956064947468958,0.14708691499522444,0.21203438395415472,0.46131805157593125
250173398041,0.0,0.0,0.5923076923076923,0.4076923076923077
250173398042,0.06451612903225806,0.0,0.2701612903225806,0.6653225806451613
250173398043,0.012658227848101266,0.14767932489451477,0.34810126582278483,0.49156118143459915
250173399001,0.15805946791862285,0.08294209702660407,0.36932707355242567,0.38967136150234744
250173399002,0.0343980343980344,0.1375921375921376,0.4103194103194103,0.4176904176904177
250173399003,0.134,0.17,0.29,0.406
250173399004,0.14285714285714285,0.4253968253968254,0.06984126984126984,0.3619047619047619
250173399005,0.10452961672473868,0.08710801393728224,0.03832752613240418,0.7700348432055749
250173400001,0.021645021645021644,0.19264069264069264,0.2619047619047619,0.5238095238095238
250173400002,0.17378048780487804,0.10975609756097561,0.13414634146341464,0.5823170731707317
250173400003,0.0,0.04844290657439446,0.18339100346020762,0.7681660899653979
250173401001,0.07818930041152264,0.06995884773662552,0.4156378600823045,0.43621399176954734
250173401002,0.03103448275862069,0.1,0.20344827586206896,0.6655172413793103
250173401003,0.06555555555555556,0.14222222222222222,0.3011111111111111,0.4911111111111111
250173401004,0.14987714987714987,0.11793611793611794,0.1941031941031941,0.538083538083538
250173401005,0.0,0.0,0.35377358490566035,0.6462264150943396
250173401006,0.05555555555555555,0.19281045751633988,0.30392156862745096,0.4477124183006536
250173411011,0.03225806451612903,0.0739247311827957,0.20833333333333334,0.6854838709677419
250173411012,0.2076271186440678,0.22033898305084745,0.18220338983050846,0.3898305084745763
250173411013,0.028985507246376812,0.06763285024154589,0.3164251207729469,0.5869565217391305
250173411021,0.3029100529100529,0.1402116402116402,0.1865079365079365,0.37037037037037035
250173411022,0.17711370262390672,0.1749271137026239,0.3250728862973761,0.3228862973760933
250173411023,0.20318725099601595,0.05976095617529881,0.07569721115537849,0.6613545816733067
250173412001,0.1022964509394572,0.4759916492693111,0.15031315240083507,0.27139874739039666
250173412002,0.08333333333333333,0.4973958333333333,0.23177083333333334,0.1875
250173412003,0.0,0.07174887892376682,0.053811659192825115,0.874439461883408
250173412004,0.10592808551992225,0.1924198250728863,0.2633624878522838,0.4382896015549077
250173412005,0.027613412228796843,0.03155818540433925,0.46942800788954636,0.4714003944773176
250173413011,0.20320855614973263,0.16310160427807488,0.3582887700534759,0.27540106951871657
250173413012,0.17898832684824903,0.1245136186770428,0.3735408560311284,0.3229571984435798
250173413013,0.11538461538461539,0.33916083916083917,0.32867132867132864,0.21678321678321677
250173413014,0.34615384615384615,0.25769230769230766,0.31153846153846154,0.08461538461538462
250173413021,0.31805555555555554,0.09861111111111111,0.11388888888888889,0.46944444444444444
250173413022,0.0,0.19305856832971802,0.4772234273318872,0.3297180043383948
250173414001,0.2018348623853211,0.2591743119266055,0.3463302752293578,0.1926605504587156
250173414002,0.0,0.32644628099173556,0.23553719008264462,0.4380165289256198
250173414003,0.0463258785942492,0.03035143769968051,0.536741214057508,0.3865814696485623
250173414004,0.2062146892655367,0.1850282485875706,0.1271186440677966,0.481638418079096
250173414005,0.22117202268431002,0.22873345935727787,0.2741020793950851,0.27599243856332706
250173415001,0.0,0.08355795148247978,0.3477088948787062,0.568733153638814
250173415002,0.03597122302158273,0.039568345323741004,0.3057553956834532,0.6187050359712231
250173415003,0.045454545454545456,0.3146853146853147,0.35664335664335667,0.28321678321678323
250173415004,0.239067055393586,0.16034985422740525,0.16326530612244897,0.43731778425655976
250173415005,0.30710659898477155,0.03807106598984772,0.5101522842639594,0.1446700507614213
250173416001,0.30454545454545456,0.2772727272727273,0.04318181818181818,0.375
250173416002,0.16551724137931034,0.0735632183908046,0.1471264367816092,0.6137931034482759
250173416003,0.06597938144329897,0.10927835051546392,0.1958762886597938,0.6288659793814433
250173416004,0.3058252427184466,0.02669902912621359,0.2766990291262136,0.3907766990291262
250173416005,0.44518272425249167,0.046511627906976744,0.10299003322259136,0.4053156146179402
250173416006,0.20094191522762953,0.1946624803767661,0.2653061224489796,0.3390894819466248
250173417001,0.0,0.0,0.3023255813953488,0.6976744186046512
250173417002,0.18505338078291814,0.2704626334519573,0.14590747330960854,0.398576512455516
250173417003,0.2984790874524715,0.058935361216730035,0.4600760456273764,0.18250950570342206
250173417004,0.03885480572597137,0.41513292433537835,0.053169734151329244,0.49284253578732107
250173417005,0.019538188277087035,0.2291296625222025,0.30905861456483125,0.4422735346358792
250173418001,0.192,0.056,0.45866666666666667,0.29333333333333333
250173418002,0.2926829268292683,0.37652439024390244,0.20121951219512196,0.12957317073170732
250173418003,0.12539184952978055,0.43573667711598746,0.3166144200626959,0.12225705329153605
250173418004,0.17419354838709677,0.08387096774193549,0.4946236559139785,0.24731182795698925
250173418005,0.32950191570881227,0.3218390804597701,0.09770114942528736,0.2509578544061303
250173418006,0.5631929046563193,0.06208425720620843,0.3348115299334812,0.03991130820399113
250173419011,0.05755395683453238,0.18705035971223022,0.3057553956834532,0.44964028776978415
250173419012,0.034482758620689655,0.1310344827586207,0.2413793103448276,0.593103448275862
250173419031,0.09120521172638436,0.13029315960912052,0.34039087947882735,0.4381107491856677
250173419032,0.18037735849056605,0.06792452830188679,0.08830188679245284,0.6633962264150943
250173419033,0.18924731182795698,0.1870967741935484,0.20430107526881722,0.41935483870967744
250173419041,0.28865979381443296,0.18556701030927836,0.03865979381443299,0.48711340206185566
250173419042,0.17509025270758122,0.516245487364621,0.11552346570397112,0.1931407942238267
250173419043,0.0,0.17886178861788618,0.3008130081300813,0.5203252032520326
250173421011,0.21266233766233766,0.16396103896103897,0.45292207792207795,0.17045454545454544
250173421012,0.05325443786982249,0.10946745562130178,0.21005917159763313,0.6272189349112426
250173421013,0.4075,0.1575,0.385,0.05
250173421014,0.0,0.26975476839237056,0.3923705722070845,0.33787465940054495
250173421021,0.12285012285012285,0.16461916461916462,0.14004914004914004,0.5724815724815725
250173421022,0.32051282051282054,0.08333333333333333,0.11217948717948718,0.483974358974359
250173421023,0.24561403508771928,0.2378167641325536,0.2982456140350877,0.21832358674463936
250173421024,0.2057142857142857,0.21142857142857144,0.3142857142857143,0.26857142857142857
250173422011,0.18778280542986425,0.2149321266968326,0.3438914027149321,0.25339366515837103
250173422012,0.1789709172259508,0.15212527964205816,0.6196868008948546,0.049217002237136466
250173422013,0.20551378446115287,0.20050125313283207,0.38345864661654133,0.21052631578947367
250173422014,0.06534653465346535,0.09108910891089109,0.43564356435643564,0.4079207920792079
250173422021,0.31203931203931207,0.2334152334152334,0.1769041769041769,0.27764127764127766
250173422022,0.22093023255813954,0.13953488372093023,0.287375415282392,0.3521594684385382
250173422023,0.26174496644295303,0.20134228187919462,0.1789709172259508,0.3579418344519016
250173423011,0.07241379310344828,0.0,0.5275862068965518,0.4
250173423012,0.13865546218487396,0.24929971988795518,0.19747899159663865,0.41456582633053224
250173423021,0.08801498127340825,0.09550561797752809,0.26217228464419473,0.5543071161048689
250173423022,0.32335329341317365,0.0,0.3712574850299401,0.30538922155688625
250173423023,0.23709369024856597,0.1586998087954111,0.2925430210325048,0.31166347992351817
250173424011,0.13687600644122383,0.17552334943639292,0.5088566827697263,0.178743961352657
250173424012,0.5486725663716814,0.15486725663716813,0.275811209439528,0.02064896755162242
250173424013,0.254320987654321,0.04197530864197531,0.36049382716049383,0.3432098765432099
250173424021,0.14087759815242495,0.11085450346420324,0.2979214780600462,0.4503464203233256
250173424022,0.30444444444444446,0.15555555555555556,0.13777777777777778,0.4022222222222222
250173424023,0.3595505617977528,0.0,0.5561797752808989,0.08426966292134831
250173424024,0.0,0.0,1.0,0.0
250173425011,0.16244239631336405,0.15092165898617513,0.23963133640552994,0.4470046082949309
250173425012,0.09554140127388536,0.3464968152866242,0.2700636942675159,0.2878980891719745
250173425021,0.13125,0.15416666666666667,0.2833333333333333,0.43125
250173425022,0.38830584707646176,0.14992503748125938,0.1889055472263868,0.272863568215892
250173426001,0.0625,0.38636363636363635,0.42045454545454547,0.13068181818181818
250173426002,0.03209242618741977,0.32605905006418484,0.4159178433889602,0.22593068035943517
250173426003,0.14339622641509434,0.11823899371069183,0.4981132075471698,0.24025157232704403
250173501051,0.04734848484848485,0.13636363636363635,0.20643939393939395,0.6098484848484849
250173501061,0.06597671410090557,0.17205692108667528,0.2276843467011643,0.5342820181112549
250173501071,0.0,0.0958904109589041,0.3698630136986301,0.5342465753424658
250173501081,0.3184855233853007,0.22048997772828507,0.24053452115812918,0.22048997772828507
250173501082,0.028500619578686492,0.028500619578686492,0.4114002478314746,0.5315985130111525
250173501091,0.20797413793103448,0.0603448275862069,0.34913793103448276,0.38254310344827586
250173502011,0.13744075829383887,0.0,0.2914691943127962,0.5710900473933649
250173502012,0.06237816764132553,0.05263157894736842,0.20857699805068225,0.6764132553606238
250173502013,0.061224489795918366,0.030612244897959183,0.3673469387755102,0.5408163265306123
250173502021,0.08080808080808081,0.06060606060606061,0.2545454545454545,0.604040404040404
250173502022,0.08025682182985554,0.04012841091492777,0.10593900481540931,0.7736757624398074
250173502023,0.05567010309278351,0.09484536082474226,0.4288659793814433,0.42061855670103093
250173503001,0.07941176470588235,0.07058823529411765,0.2852941176470588,0.5647058823529412
250173503002,0.2317262830482115,0.06687402799377916,0.05754276827371695,0.6438569206842923
250173503003,0.02346041055718475,0.11436950146627566,0.2756598240469208,0.5865102639296188
250173504001,0.20866141732283464,0.05511811023622047,0.15748031496062992,0.5787401574803149
250173504002,0.0,0.0,0.028517110266159697,0.9714828897338403
250173504003,0.1696035242290749,0.024229074889867842,0.19162995594713655,0.6145374449339207
250173504004,0.01875901875901876,0.1038961038961039,0.4531024531024531,0.42424242424242425
250173504005,0.0,0.02132701421800948,0.31516587677725116,0.6635071090047393
250173505001,0.1,0.03333333333333333,0.16666666666666666,0.7
250173505002,0.07109004739336493,0.10426540284360189,0.15402843601895735,0.6706161137440758
250173506001,0.0,0.0,0.0,1.0
250173506002,0.0958904109589041,0.1541095890410959,0.2226027397260274,0.5273972602739726
250173506003,0.28879310344827586,0.04741379310344827,0.19827586206896552,0.46551724137931033
250173506004,0.05313092979127135,0.03225806451612903,0.10815939278937381,0.8064516129032258
250173507011,0.0,0.13740458015267176,0.36259541984732824,0.5
250173507012,0.07492354740061162,0.12538226299694188,0.10856269113149847,0.691131498470948
250173507013,0.15163147792706333,0.01727447216890595,0.1765834932821497,0.654510556621881
250173507021,0.33634719710669075,0.18806509945750452,0.2007233273056058,0.27486437613019893
250173507022,0.5929577464788732,0.11549295774647887,0.17183098591549295,0.11971830985915492
250173507023,0.6282973621103117,0.03836930455635491,0.0,0.3333333333333333
250173508001,0.04259259259259259,0.09814814814814815,0.2,0.6592592592592592
250173508002,0.0,0.04696132596685083,0.23756906077348067,0.7154696132596685
250173509001,0.06134969325153374,0.12269938650306748,0.27607361963190186,0.5398773006134969
250173509002,0.018376722817764167,0.08269525267993874,0.14548238897396631,0.7534456355283308
250173509003,0.0,0.1282051282051282,0.16591251885369532,0.7058823529411765
250173510011,0.17680608365019013,0.0,0.23193916349809887,0.591254752851711
250173510012,0.042821158690176324,0.0,0.32997481108312343,0.6272040302267002
250173510013,0.03443877551020408,0.0625,0.2576530612244898,0.6454081632653061
250173510021,0.06811145510835913,0.0,0.4055727554179567,0.5263157894736842
250173510022,0.0,0.09965034965034965,0.17657342657342656,0.7237762237762237
250173510023,0.0,0.02857142857142857,0.29642857142857143,0.675
250173511011,0.07692307692307693,0.23846153846153847,0.2153846153846154,0.46923076923076923
250173511012,0.08362369337979095,0.16550522648083624,0.21602787456445993,0.5348432055749129
250173511013,0.1289134438305709,0.020257826887661142,0.2983425414364641,0.5524861878453039
250173511021,0.09127789046653144,0.060851926977687626,0.27586206896551724,0.5720081135902637
250173511022,0.01609657947686117,0.2655935613682093,0.2837022132796781,0.4346076458752515
250173512031,0.09455587392550144,0.015759312320916905,0.15759312320916904,0.7320916905444126
250173512032,0.11228813559322035,0.05508474576271186,0.22033898305084745,0.6122881355932204
250173512033,0.10256410256410256,0.07532051282051282,0.1794871794871795,0.6426282051282052
250173512034,0.11494252873563218,0.08505747126436781,0.09655172413793103,0.7034482758620689
250173512041,0.1746031746031746,0.06190476190476191,0.2857142857142857,0.4777777777777778
250173512042,0.03125,0.0984375,0.2890625,0.58125
250173512043,0.0442225392296719,0.034236804564907276,0.39514978601997147,0.5263908701854494
250173513001,0.12731481481481483,0.09837962962962964,0.1261574074074074,0.6481481481481481
250173513002,0.3808411214953271,0.017523364485981307,0.2897196261682243,0.3119158878504673
250173513003,0.051118210862619806,0.0,0.21725239616613418,0.731629392971246
250173514031,0.04225352112676056,0.1596244131455399,0.323943661971831,0.47417840375586856
250173514032,0.034904013961605584,0.09424083769633508,0.29668411867364747,0.5741710296684118
250173514033,0.3539518900343643,0.16838487972508592,0.20962199312714777,0.26804123711340205
250173514034,0.07407407407407407,0.2804232804232804,0.25925925925925924,0.3862433862433862
250173514035,0.3772893772893773,0.11355311355311355,0.16117216117216118,0.34798534798534797
250173514041,0.08148148148148149,0.11851851851851852,0.3308641975308642,0.4691358024691358
250173514042,0.3531468531468531,0.20454545454545456,0.19230769230769232,0.25
250173514043,0.10223642172523961,0.20766773162939298,0.15654952076677317,0.5335463258785943
250173514044,0.32019704433497537,0.0,0.17733990147783252,0.5024630541871922
250173515001,0.14644351464435146,0.4686192468619247,0.058577405857740586,0.3263598326359833
250173515002,0.0625,0.1550925925925926,0.1550925925925926,0.6273148148148148
250173515003,0.15212981744421908,0.23123732251521298,0.42190669371196754,0.1947261663286004
250173515004,0.8064516129032258,0.13709677419354838,0.056451612903225805,0.0
250173521011,0.10714285714285714,0.2357142857142857,0.21904761904761905,0.4380952380952381
250173521012,0.28975741239892183,0.07008086253369272,0.10242587601078167,0.5377358490566038
250173521013,0.1610738255033557,0.13557046979865772,0.27248322147651005,0.43087248322147653
250173521021,0.10344827586206896,0.06513409961685823,0.20561941251596424,0.6257982120051085
250173521022,0.10960960960960961,0.024024024024024024,0.26576576576576577,0.6006006006006006
250173522001,0.2806652806652807,0.10810810810810811,0.25467775467775466,0.35654885654885654
250173523001,0.18311688311688312,0.045454545454545456,0.22727272727272727,0.5441558441558442
250173523002,0.07604562737642585,0.060836501901140684,0.1596958174904943,0.7034220532319392
250173523003,0.12527964205816555,0.05704697986577181,0.203579418344519,0.6140939597315436
250173524001,0.21003134796238246,0.18025078369905956,0.3385579937304075,0.2711598746081505
250173525001,0.11940298507462686,0.1111111111111111,0.1791044776119403,0.5903814262023217
250173525002,0.04507042253521127,0.01971830985915493,0.2915492957746479,0.643661971830986
250173526001,0.10136986301369863,0.0821917808219178,0.136986301369863,0.6794520547945205
250173526002,0.1714614499424626,0.08975834292289989,0.238204833141542,0.5005753739930955
250173527001,0.24561403508771928,0.15538847117794485,0.2681704260651629,0.3308270676691729
250173527002,0.23971377459749552,0.20214669051878353,0.259391771019678,0.29874776386404295
250173528001,0.03576158940397351,0.12847682119205298,0.223841059602649,0.6119205298013245
250173529001,0.02028397565922921,0.12981744421906694,0.25963488843813387,0.59026369168357
250173529002,0.011612903225806452,0.03870967741935484,0.24903225806451612,0.7006451612903226
250173530001,0.06776859504132231,0.08925619834710743,0.20991735537190082,0.6330578512396694
250173530002,0.35537190082644626,0.11570247933884298,0.14049586776859505,0.3884297520661157
250173531011,0.3584905660377358,0.06289308176100629,0.10062893081761007,0.4779874213836478
250173531012,0.206984667802385,0.17632027257240204,0.10221465076660988,0.514480408858603
250173531021,0.15625,0.1590909090909091,0.33238636363636365,0.3522727272727273
250173531022,0.0,1.0,0.0,0.0
250173531023,1.0,0.0,0.0,0.0
250173532001,0.2869198312236287,0.08720112517580872,0.2011251758087201,0.4247538677918425
250173532002,0.26559714795008915,0.13725490196078433,0.053475935828877004,0.5436720142602496
250173532003,0.017937219730941704,0.04035874439461883,0.10538116591928251,0.8363228699551569
250173532004,0.13432835820895522,0.2126865671641791,0.13432835820895522,0.5186567164179104
250173533001,0.0973630831643002,0.07910750507099391,0.12170385395537525,0.7018255578093306
250173533002,0.19291819291819293,0.052503052503052504,0.1807081807081807,0.5738705738705738
250173533003,0.014209591474245116,0.07104795737122557,0.1492007104795737,0.7655417406749556
250173536001,0.09603072983354674,0.07170294494238157,0.12419974391805377,0.708066581306018
250173536002,0.42911877394636017,0.04597701149425287,0.24521072796934865,0.2796934865900383
250173536003,0.043548387096774194,0.08225806451612903,0.17903225806451614,0.6951612903225807
250173537001,0.06759443339960239,0.1312127236580517,0.3061630218687873,0.49502982107355864
250173537002,0.055970149253731345,0.166044776119403,0.27611940298507465,0.5018656716417911
250173537004,0.2147239263803681,0.12269938650306748,0.22085889570552147,0.44171779141104295
250173537005,0.30930930930930933,0.13513513513513514,0.14114114114114115,0.4144144144144144
250173538001,0.23006134969325154,0.08588957055214724,0.11042944785276074,0.5736196319018405
250173538002,0.1664564943253468,0.3026481715006305,0.15006305170239598,0.38083228247162676
250173538003,0.0,0.08439897698209718,0.3836317135549872,0.5319693094629157
250173538004,0.07352941176470588,0.0,0.4166666666666667,0.5098039215686274
250173539001,0.33277310924369746,0.19831932773109243,0.13277310924369748,0.33613445378151263
250173539002,0.24514563106796117,0.12742718446601942,0.24393203883495146,0.38349514563106796
250173539003,0.5510204081632653,0.0,0.4489795918367347,0.0
250173540001,0.05535499398315283,0.13959085439229843,0.32250300842358604,0.4825511432009627
250173540002,0.21455223880597016,0.06343283582089553,0.1921641791044776,0.5298507462686567
250173540003,0.32348596750369274,0.10487444608567208,0.1964549483013294,0.37518463810930575
250173541001,0.08088235294117647,0.14215686274509803,0.20098039215686275,0.5759803921568627
250173541002,0.030666666666666665,0.104,0.22,0.6453333333333333
250173542001,0.011210762331838564,0.03587443946188341,0.18161434977578475,0.7713004484304933
250173542002,0.0787746170678337,0.08315098468271334,0.08096280087527352,0.7571115973741794
250173542003,0.08869179600886919,0.08647450110864745,0.43237250554323725,0.3924611973392461
250173543001,0.14862681744749595,0.09046849757673667,0.210016155088853,0.5508885298869144
250173543002,0.0,0.07692307692307693,0.2032967032967033,0.7197802197802198
250173543003,0.12730627306273062,0.0996309963099631,0.07749077490774908,0.6955719557195572
250173544001,0.06153846153846154,0.055384615384615386,0.31076923076923074,0.5723076923076923
250173544002,0.05855855855855856,0.06531531531531531,0.15090090090090091,0.7252252252252253
250173545001,0.11967545638945233,0.1460446247464503,0.1947261663286004,0.539553752535497
250173545002,0.0,0.07242990654205607,0.0794392523364486,0.8481308411214953
250173546012,0.13840399002493767,0.08478802992518704,0.2581047381546135,0.5187032418952618
250173546021,0.16251638269986893,0.16644823066841416,0.2621231979030144,0.4089121887287025
250173546022,0.0,0.03636363636363636,0.3797979797979798,0.5838383838383838
250173546023,0.17138599105812222,0.08345752608047691,0.2459016393442623,0.4992548435171386
250173547001,0.1411530815109344,0.041749502982107355,0.12127236580516898,0.6958250497017893
250173547002,0.0144,0.04,0.3728,0.5728
250173548001,0.10459183673469388,0.03316326530612245,0.1556122448979592,0.7066326530612245
250173548002,0.03852080123266564,0.04314329738058552,0.3436055469953775,0.5747303543913713
250173549011,0.0,0.0,0.0,1.0
250173549012,0.1532033426183844,0.19220055710306408,0.052924791086350974,0.6016713091922006
250173549013,0.023370233702337023,0.02706027060270603,0.12300123001230012,0.8265682656826568
250173549021,0.1625207296849088,0.03316749585406302,0.17081260364842454,0.6334991708126037
250173549022,0.12459016393442623,0.16721311475409836,0.01639344262295082,0.6918032786885245
250173549023,0.3577142857142857,0.27085714285714285,0.27885714285714286,0.09257142857142857
250173549024,0.28870292887029286,0.13389121338912133,0.12552301255230125,0.45188284518828453
250173550001,0.016563146997929608,0.2505175983436853,0.18633540372670807,0.546583850931677
250173550002,0.18974358974358974,0.0547008547008547,0.1641025641025641,0.5914529914529915
250173550003,0.10638297872340426,0.12234042553191489,0.09574468085106383,0.675531914893617
250173561001,0.03715170278637771,0.058823529411764705,0.13622291021671826,0.7678018575851393
250173561002,0.09651474530831099,0.0938337801608579,0.1447721179624665,0.6648793565683646
250173561003,0.0,0.14950166112956811,0.1362126245847176,0.7142857142857143
250173563001,0.06382978723404255,0.17659574468085107,0.44893617021276594,0.31063829787234043
250173563002,0.22930800542740842,0.09362279511533243,0.4056987788331072,0.27137042062415195
250173563003,0.05917159763313609,0.0,0.20118343195266272,0.7396449704142012
250173563004,0.0,0.0,0.32679738562091504,0.673202614379085
250173563005,0.0,0.1377551020408163,0.1989795918367347,0.6632653061224489
250173563006,0.05521472392638037,0.0,0.44171779141104295,0.5030674846625767
250173564001,0.0,0.1511627906976744,0.0,0.8488372093023255
250173564002,0.3018242122719735,0.04477611940298507,0.02321724709784411,0.6301824212271974
250173564003,0.03529411764705882,0.03823529411764706,0.07941176470588235,0.8470588235294118
250173564004,0.060085836909871244,0.1072961373390558,0.0,0.8326180257510729
250173564005,0.07453416149068323,0.0,0.3105590062111801,0.6149068322981367
250173564006,0.10416666666666667,0.0,0.0859375,0.8098958333333334
250173564007,0.04861111111111111,0.125,0.14583333333333334,0.6805555555555556
250173564008,0.10498220640569395,0.06761565836298933,0.15302491103202848,0.6743772241992882
250173565001,0.0,0.03117505995203837,0.13908872901678657,0.829736211031175
250173565002,0.0,0.08108108108108109,0.24662162162162163,0.6722972972972973
250173565003,0.1731374606505771,0.2770199370409234,0.25918153200419725,0.2906610703043022
250173565004,0.0,0.0,0.15706806282722513,0.8429319371727748
250173565005,0.10204081632653061,0.04336734693877551,0.2602040816326531,0.5943877551020408
250173565006,0.0,0.1583011583011583,0.11196911196911197,0.7297297297297297
250173566011,0.08270676691729323,0.09523809523809523,0.19799498746867167,0.6240601503759399
250173566012,0.21645021645021645,0.0,0.04329004329004329,0.7402597402597403
250173566013,0.016260162601626018,0.06775067750677506,0.13279132791327913,0.7831978319783198
250173566014,0.14628297362110312,0.11031175059952038,0.539568345323741,0.2038369304556355
250173566015,0.20508166969147004,0.10344827586206896,0.20326678765880218,0.4882032667876588
250173566021,0.12485549132947976,0.20115606936416186,0.28901734104046245,0.38497109826589593
250173566022,0.20359281437125748,0.0658682634730539,0.10778443113772455,0.6227544910179641
250173566023,0.030054644808743168,0.04918032786885246,0.03825136612021858,0.8825136612021858
250173566024,0.0,0.0,0.19148936170212766,0.8085106382978723
250173567011,0.0899830220713073,0.06621392190152801,0.2071307300509338,0.6366723259762309
250173567012,0.0690846286701209,0.11053540587219343,0.13644214162348878,0.6839378238341969
250173567013,0.06515151515151515,0.10606060606060606,0.32272727272727275,0.5060606060606061
250173567014,0.1863799283154122,0.1827956989247312,0.36917562724014336,0.2616487455197133
250173567015,0.27734375,0.0546875,0.234375,0.43359375
250173567016,0.02422145328719723,0.21280276816608998,0.1245674740484429,0.6384083044982699
250173567031,0.28804347826086957,0.09456521739130434,0.17608695652173914,0.44130434782608696
250173567032,0.0,0.05343511450381679,0.14122137404580154,0.8053435114503816
250173567033,0.0,0.0,0.2872340425531915,0.7127659574468085
250173567041,0.0554675118858954,0.03645007923930269,0.12361331220285261,0.7844690966719493
250173567042,0.039735099337748346,0.029801324503311258,0.09271523178807947,0.8377483443708609
250173567043,0.03614457831325301,0.0,0.2289156626506024,0.7349397590361446
250173567044,0.16461916461916462,0.10073710073710074,0.33415233415233414,0.4004914004914005
250173571001,0.0,0.047493403693931395,0.1820580474934037,0.7704485488126649
250173571002,0.10332950631458095,0.15040183696900114,0.15729047072330654,0.5889781859931114
250173571003,0.125,0.05397727272727273,0.08806818181818182,0.7329545454545454
250173571004,0.03374233128834356,0.1411042944785276,0.17177914110429449,0.6533742331288344
250173572001,0.1047040971168437,0.012139605462822459,0.051593323216995446,0.8315629742033384
250173572002,0.06521739130434782,0.014492753623188406,0.03260869565217391,0.8876811594202898
250173573001,0.0,0.0076726342710997444,0.13554987212276215,0.8567774936061381
250173573002,0.13627992633517497,0.07366482504604052,0.20257826887661143,0.5874769797421732
250173573003,0.17359413202933985,0.0,0.17603911980440098,0.6503667481662592
250173574001,0.07042253521126761,0.03873239436619718,0.07746478873239436,0.8133802816901409
250173574002,0.018691588785046728,0.1277258566978193,0.08099688473520249,0.7725856697819314
250173574003,0.10472972972972973,0.013513513513513514,0.16554054054054054,0.7162162162162162
250173575001,0.050505050505050504,0.10774410774410774,0.16161616161616163,0.6801346801346801
250173575002,0.18478260869565216,0.18478260869565216,0.17391304347826086,0.45652173913043476
250173575003,0.06793478260869565,0.08152173913043478,0.09510869565217392,0.7554347826086957
250173576001,0.05506607929515418,0.11233480176211454,0.1828193832599119,0.6497797356828194
250173576002,0.08412698412698413,0.05396825396825397,0.18253968253968253,0.6793650793650794
250173577001,0.15521628498727735,0.2035623409669211,0.0916030534351145,0.549618320610687
250173577002,0.20474777448071216,0.19881305637982197,0.08605341246290801,0.5103857566765578
250173577003,0.25048923679060664,0.0,0.25244618395303325,0.49706457925636005
250173577004,0.12529002320185614,0.2737819025522042,0.22041763341067286,0.3805104408352668
250173578001,0.07202216066481995,0.06925207756232687,0.07479224376731301,0.7839335180055401
250173578002,0.10457516339869281,0.06209150326797386,0.17320261437908496,0.6601307189542484
250173578003,0.08708708708708708,0.03003003003003003,0.15015015015015015,0.7327327327327328
250173578004,0.1597444089456869,0.04153354632587859,0.31629392971246006,0.48242811501597443
250173581001,0.075,0.025,0.08333333333333333,0.8166666666666667
250173581002,0.0,0.03180914512922465,0.1272365805168986,0.8409542743538767
250173581003,0.0148975791433892,0.0,0.0782122905027933,0.9068901303538175
250173581004,0.1050228310502283,0.0593607305936073,0.1141552511415525,0.7214611872146118
250173583001,0.1542056074766355,0.02336448598130841,0.19742990654205608,0.625
250173583002,0.021683673469387755,0.021683673469387755,0.13137755102040816,0.8252551020408163
250173583003,0.09846153846153846,0.055384615384615386,0.024615384615384615,0.8215384615384616
250173583004,0.13377926421404682,0.15384615384615385,0.1605351170568562,0.5518394648829431
250173584001,0.3010989010989011,0.13186813186813187,0.02197802197802198,0.545054945054945
250173584002,0.1037344398340249,0.08091286307053942,0.23858921161825727,0.5767634854771784
250173584003,0.08333333333333333,0.07211538461538461,0.11378205128205128,0.7307692307692307
250173584004,0.05390835579514825,0.04851752021563342,0.05929919137466307,0.8382749326145552
250173585001,0.0473313192346425,0.06545820745216516,0.07754279959718026,0.8096676737160121
250173585002,0.16517857142857142,0.12053571428571429,0.07589285714285714,0.6383928571428571
250173585003,0.012396694214876033,0.03856749311294766,0.11432506887052342,0.8347107438016529
250173586001,0.05823293172690763,0.10441767068273092,0.15461847389558234,0.6827309236947792
250173586002,0.0,0.0,0.17587939698492464,0.8241206030150754
250173586003,0.06537530266343826,0.0,0.0774818401937046,0.8571428571428571
250173586004,0.11522633744855967,0.0,0.2880658436213992,0.5967078189300411
250173586005,0.05357142857142857,0.1865079365079365,0.04365079365079365,0.7162698412698413
250173586006,0.0,0.021696252465483234,0.22287968441814596,0.7554240631163708
250173587001,0.017738359201773836,0.038802660753880266,0.12416851441241686,0.8192904656319291
250173587002,0.016842105263157894,0.04631578947368421,0.014736842105263158,0.9221052631578948
250173587003,0.051457975986277875,0.0,0.09605488850771869,0.8524871355060034
250173591001,0.10829103214890017,0.0338409475465313,0.26057529610829105,0.5972927241962775
250173591002,0.0,0.0,0.23897058823529413,0.7610294117647058
250173591003,0.040170940170940174,0.06923076923076923,0.2170940170940171,0.6735042735042736
250173591004,0.0,0.0,0.0,1.0
250173591005,0.128,0.1344,0.1392,0.5984
250173593031,0.18313953488372092,0.029069767441860465,0.20930232558139536,0.5784883720930233
250173593032,0.045714285714285714,0.11714285714285715,0.19714285714285715,0.64
250173593033,0.04667328699106256,0.05759682224428997,0.19860973187686196,0.6971201588877854
250173593034,0.06028833551769332,0.12319790301441677,0.06815203145478375,0.7483617300131061
250173593035,0.0,0.04065040650406504,0.1002710027100271,0.8590785907859079
250173594001,0.05128205128205128,0.14398422090729784,0.2978303747534517,0.5069033530571992
250173594002,0.2219482120838471,0.055487053020961775,0.25154130702836003,0.47102342786683105
250173594003,0.0112079701120797,0.1357409713574097,0.3150684931506849,0.5379825653798257
250173594004,0.25862068965517243,0.1724137931034483,0.19278996865203762,0.3761755485893417
250173594005,0.1561771561771562,0.08158508158508158,0.24475524475524477,0.5174825174825175
250173603001,0.06569343065693431,0.11678832116788321,0.11678832116788321,0.7007299270072993
250173603002,0.0,0.0,0.1678082191780822,0.8321917808219178
250173603003,0.09574468085106383,0.024822695035460994,0.02304964539007092,0.8563829787234043
250173603004,0.24101479915433405,0.13742071881606766,0.10359408033826638,0.5179704016913319
250173603005,0.0,0.19387755102040816,0.22244897959183674,0.5836734693877551
250173611001,0.02857142857142857,0.07692307692307693,0.07252747252747253,0.8219780219780219
250173611002,0.0,0.05246913580246913,0.16049382716049382,0.7870370370370371
250173611003,0.13716814159292035,0.06415929203539823,0.23672566371681417,0.5619469026548672
250173611004,0.03292181069958848,0.08641975308641975,0.25102880658436216,0.6296296296296297
250173611005,0.0,0.0,0.14106583072100312,0.8589341692789969
250173612001,0.047073791348600506,0.031806615776081425,0.24173027989821882,0.6793893129770993
250173612002,0.023809523809523808,0.04421768707482993,0.19047619047619047,0.7414965986394558
250173612004,0.14919852034525277,0.19728729963008632,0.15659679408138102,0.4969173859432799
250173612005,0.0,0.023809523809523808,0.0,0.9761904761904762
250173613001,0.03802281368821293,0.026615969581749048,0.11406844106463879,0.8212927756653993
250173613002,0.12394957983193278,0.13445378151260504,0.13025210084033614,0.6113445378151261
250173613003,0.0535279805352798,0.0,0.13381995133819952,0.8126520681265207
250173613004,0.023655913978494623,0.017204301075268817,0.07096774193548387,0.8881720430107527
250173613005,0.06201550387596899,0.17054263565891473,0.05813953488372093,0.7093023255813954
250173621001,0.04431818181818182,0.08863636363636364,0.09772727272727273,0.7693181818181818
250173621002,0.06630434782608696,0.1,0.041304347826086954,0.7923913043478261
250173631031,0.09395973154362416,0.12527964205816555,0.19015659955257272,0.5906040268456376
250173631032,0.0,0.0267639902676399,0.31873479318734793,0.6545012165450121
250173631041,0.17007534983853606,0.0,0.1356297093649085,0.6942949407965554
250173631042,0.029891304347826088,0.04891304347826087,0.09510869565217392,0.8260869565217391
250173631043,0.0,0.05128205128205128,0.28347578347578345,0.6652421652421653
250173631044,0.1955128205128205,0.0641025641025641,0.1858974358974359,0.5544871794871795
250173631051,0.03719599427753934,0.32474964234620884,0.2703862660944206,0.3676680972818312
250173631052,0.1440677966101695,0.19491525423728814,0.12106537530266344,0.5399515738498789
250173631061,0.1118421052631579,0.05592105263157895,0.3223684210526316,0.5098684210526315
250173631062,0.185,0.125,0.30833333333333335,0.38166666666666665
250173632011,0.1782608695652174,0.03260869565217391,0.19130434782608696,0.5978260869565217
250173632012,0.0,0.01910828025477707,0.03397027600849257,0.9469214437367304
250173632013,0.10320284697508897,0.12455516014234876,0.10320284697508897,0.6690391459074733
250173632021,0.13793103448275862,0.03065134099616858,0.12260536398467432,0.7088122605363985
250173632022,0.0,0.053169734151329244,0.16768916155419222,0.7791411042944786
250173632023,0.0,0.08709677419354839,0.07741935483870968,0.8354838709677419
250173641011,0.11864406779661017,0.1096045197740113,0.2327683615819209,0.5389830508474577
250173641012,0.30990415335463256,0.09584664536741214,0.1805111821086262,0.41373801916932906
250173641013,0.09989373007438895,0.10095642933049948,0.07120085015940489,0.7279489904357067
250173641021,0.019963702359346643,0.17967332123411978,0.44283121597096187,0.35753176043557167
250173641022,0.06097560975609756,0.19337979094076654,0.2264808362369338,0.519163763066202
250173641023,0.10666666666666667,0.06,0.31333333333333335,0.52
250173641024,0.04336734693877551,0.04081632653061224,0.0,0.9158163265306123
250173651001,0.03350970017636684,0.02292768959435626,0.09523809523809523,0.8483245149911817
250173651002,0.0734094616639478,0.022838499184339316,0.053833605220228384,0.8499184339314845
250173651003,0.01937046004842615,0.0,0.11743341404358354,0.8631961259079903
250173651004,0.07578558225508318,0.07948243992606285,0.21072088724584104,0.634011090573013
250173652011,0.026221692491060787,0.04886769964243146,0.07032181168057211,0.8545887961859356
250173652012,0.01702127659574468,0.13191489361702127,0.04468085106382979,0.8063829787234043
250173652013,0.028011204481792718,0.0,0.11764705882352941,0.8543417366946778
250173652014,0.0,0.026737967914438502,0.13636363636363635,0.8368983957219251
250173652021,0.06304347826086956,0.1391304347826087,0.12934782608695652,0.6684782608695652
250173652022,0.0,0.14792899408284024,0.16272189349112426,0.6893491124260355
250173652023,0.030303030303030304,0.0881542699724518,0.05234159779614325,0.8292011019283747
250173661001,0.0,0.034934497816593885,0.11790393013100436,0.8471615720524017
250173661002,0.02531645569620253,0.020253164556962026,0.11392405063291139,0.8405063291139241
250173661003,0.025974025974025976,0.11688311688311688,0.13852813852813853,0.7186147186147186
250173661004,0.1912087912087912,0.06813186813186813,0.0,0.7406593406593407
250173661005,0.23039215686274508,0.024509803921568627,0.11029411764705882,0.6348039215686274
250173662011,0.026694045174537988,0.039014373716632446,0.10780287474332649,0.8264887063655031
250173662012,0.12363636363636364,0.0,0.14545454545454545,0.730909090909091
250173662021,0.08322663252240717,0.0499359795134443,0.14980793854033292,0.7170294494238156
250173662022,0.0,0.05539772727272727,0.11931818181818182,0.8252840909090909
250173662023,0.04281345565749235,0.0,0.13761467889908258,0.8195718654434251
250173671001,0.1111111111111111,0.015151515151515152,0.045454545454545456,0.8282828282828283
250173671002,0.1179245283018868,0.09433962264150944,0.12971698113207547,0.6580188679245284
250173671003,0.12065439672801637,0.04703476482617587,0.1083844580777096,0.7239263803680982
250173671004,0.2809917355371901,0.0,0.21074380165289255,0.5082644628099173
250173672001,0.11481481481481481,0.09259259259259259,0.2222222222222222,0.5703703703703704
250173672002,0.11363636363636363,0.0,0.0,0.8863636363636364
250173672003,0.1111111111111111,0.21464646464646464,0.06818181818181818,0.6060606060606061
250173672004,0.09157509157509157,0.0347985347985348,0.09523809523809523,0.7783882783882784
250173672005,0.0,0.0,0.0,1.0
250173672006,0.0,0.26576576576576577,0.0,0.7342342342342343
250173681011,0.061046511627906974,0.12790697674418605,0.09011627906976744,0.7209302325581395
250173681012,0.07373271889400922,0.015360983102918587,0.2012288786482335,0.7096774193548387
250173681013,0.045307443365695796,0.07119741100323625,0.3592233009708738,0.5242718446601942
250173681014,0.20314033366045142,0.2100098135426889,0.047105004906771344,0.5397448478900884
250173681021,0.03398058252427184,0.12718446601941746,0.1883495145631068,0.6504854368932039
250173681022,0.11708860759493671,0.05590717299578059,0.09599156118143459,0.7310126582278481
250173682001,0.08905380333951762,0.21521335807050093,0.32838589981447125,0.3673469387755102
250173682002,0.013043478260869565,0.07971014492753623,0.19855072463768117,0.7086956521739131
250173682003,0.06859205776173286,0.0,0.06859205776173286,0.8628158844765343
250173683001,0.13649851632047477,0.3367952522255193,0.3916913946587537,0.13501483679525222
250173683002,0.042505592841163314,0.3131991051454139,0.26174496644295303,0.3825503355704698
250173683003,0.40292275574112735,0.06263048016701461,0.267223382045929,0.267223382045929
250173683004,0.03153988868274583,0.10946196660482375,0.424860853432282,0.43413729128014844
250173683005,0.10850439882697947,0.06744868035190615,0.2844574780058651,0.5395894428152492
250173684001,0.35843373493975905,0.1716867469879518,0.3644578313253012,0.10542168674698796
250173684002,0.09719626168224299,0.014953271028037384,0.22242990654205608,0.6654205607476635
250173684003,0.02857142857142857,0.12428571428571429,0.21,0.6371428571428571
250173684004,0.04054054054054054,0.0,0.5371621621621622,0.4222972972972973
250173684006,0.17298578199052134,0.12085308056872038,0.3222748815165877,0.38388625592417064
250173685001,0.1335559265442404,0.3823038397328882,0.21202003338898165,0.27212020033388984
250173685002,0.1918918918918919,0.15405405405405406,0.24594594594594596,0.4081081081081081
250173685003,0.2043701799485861,0.10411311053984576,0.36118251928020567,0.33033419023136246
250173686001,0.07655502392344497,0.06220095693779904,0.20574162679425836,0.6555023923444976
250173686002,0.038461538461538464,0.10256410256410256,0.34615384615384615,0.5128205128205128
250173686003,0.039735099337748346,0.282560706401766,0.0,0.6777041942604857
250173686004,0.09672619047619048,0.27232142857142855,0.17559523809523808,0.45535714285714285
250173686005,0.06782608695652174,0.12521739130434784,0.12869565217391304,0.6782608695652174
250173687001,0.14638447971781304,0.1710758377425044,0.14285714285714285,0.5396825396825397
250173687002,0.14181818181818182,0.3145454545454546,0.17272727272727273,0.3709090909090909
250173688001,0.3076923076923077,0.11449016100178891,0.19320214669051877,0.38461538461538464
250173688002,0.013432835820895522,0.18955223880597014,0.27611940298507465,0.5208955223880597
250173688003,0.06035889070146819,0.13539967373572595,0.18433931484502447,0.6199021207177814
250173688004,0.18209876543209877,0.0,0.14814814814814814,0.6697530864197531
250173688005,0.107981220657277,0.10093896713615023,0.3591549295774648,0.431924882629108
250173689011,0.0,0.22164948453608246,0.32989690721649484,0.4484536082474227
250173689012,0.04361370716510903,0.1838006230529595,0.1806853582554517,0.5919003115264797
250173689013,0.03713527851458886,0.03183023872679045,0.1989389920424403,0.7320954907161804
250173689014,0.3370473537604457,0.22841225626740946,0.04456824512534819,0.38997214484679665
250173689015,0.06905594405594405,0.09965034965034965,0.21765734265734266,0.6136363636363636
250173689016,0.16956521739130434,0.0891304347826087,0.3173913043478261,0.42391304347826086
250173689021,0.14037267080745341,0.2894409937888199,0.20248447204968945,0.36770186335403726
250173689022,0.22847682119205298,0.23841059602649006,0.347682119205298,0.18543046357615894
250173689023,0.04985337243401759,0.2756598240469208,0.3782991202346041,0.2961876832844575
250173690001,0.13793103448275862,0.0,0.3448275862068966,0.5172413793103449
250173691001,0.06756756756756757,0.057432432432432436,0.31756756756756754,0.5574324324324325
250173691002,0.02539298669891173,0.02902055622732769,0.2781136638452237,0.6674727932285369
250173691003,0.08663366336633663,0.03217821782178218,0.19801980198019803,0.6831683168316832
250173691004,0.11313868613138686,0.13138686131386862,0.19343065693430658,0.5620437956204379
250173701011,0.044274809160305344,0.061068702290076333,0.29465648854961835,0.6
250173701012,0.0,0.0,0.34317343173431736,0.6568265682656826
250173701013,0.06886657101865136,0.02295552367288379,0.27546628407460544,0.6327116212338594
250173701014,0.30332681017612523,0.14285714285714285,0.1487279843444227,0.4050880626223092
250173701015,0.2056818181818182,0.13295454545454546,0.18409090909090908,0.4772727272727273
250173701031,0.28587319243604004,0.0967741935483871,0.29810901001112344,0.3192436040044494
250173701032,0.18413597733711048,0.11614730878186968,0.2237960339943343,0.47592067988668557
250173701033,0.11085450346420324,0.11778290993071594,0.17551963048498845,0.5958429561200924
250173701041,0.05795768169273229,0.10487580496780129,0.2548298068077277,0.5823367065317387
250173701042,0.062411347517730496,0.05673758865248227,0.3829787234042553,0.4978723404255319
250173702011,0.02857142857142857,0.02857142857142857,0.3492063492063492,0.5936507936507937
250173702012,0.027522935779816515,0.045871559633027525,0.43669724770642204,0.48990825688073397
250173702013,0.026622296173044926,0.0,0.43261231281198004,0.540765391014975
250173702021,0.12987012987012986,0.11038961038961038,0.2077922077922078,0.551948051948052
250173702022,0.057057057057057055,0.09009009009009009,0.44744744744744747,0.40540540540540543
250173702023,0.013636363636363636,0.12727272727272726,0.3704545454545455,0.48863636363636365
250173702024,0.0636042402826855,0.08833922261484099,0.36042402826855124,0.4876325088339223
250173703011,0.22,0.07,0.17,0.54
250173703012,0.0958904109589041,0.04892367906066536,0.3131115459882583,0.5420743639921722
250173703013,0.052823315118397086,0.18397085610200364,0.20765027322404372,0.5555555555555556
250173703014,0.17114093959731544,0.17785234899328858,0.19798657718120805,0.45302013422818793
250173703015,0.16,0.28,0.19555555555555557,0.36444444444444446
250173703021,0.5365853658536586,0.1951219512195122,0.17073170731707318,0.0975609756097561
250173703022,0.12406576980568013,0.13153961136023917,0.34678624813153963,0.3976083707025411
250173704011,0.3260025873221216,0.02328589909443726,0.2846054333764554,0.36610608020698576
250173704012,0.06875753920386007,0.0856453558504222,0.25090470446320867,0.594692400482509
250173704021,0.2277580071174377,0.0,0.09252669039145907,0.6797153024911032
250173704022,0.20909090909090908,0.07045454545454545,0.21363636363636362,0.5068181818181818
250173704031,0.3224043715846995,0.0,0.23770491803278687,0.43989071038251365
250173704032,0.05608974358974359,0.038461538461538464,0.28846153846153844,0.6169871794871795
250173731001,0.05017921146953405,0.05734767025089606,0.12544802867383512,0.7670250896057348
250173731002,0.0,0.029535864978902954,0.26371308016877637,0.7067510548523207
250173731003,0.0,0.06345177664974619,0.583756345177665,0.35279187817258884
250173731004,0.04262295081967213,0.11475409836065574,0.036065573770491806,0.8065573770491803
250173731005,0.026476578411405296,0.034623217922606926,0.1670061099796334,0.7718940936863544
250173732001,0.12462462462462462,0.24624624624624625,0.2087087087087087,0.42042042042042044
250173732002,0.01907356948228883,0.0,0.3678474114441417,0.6130790190735694
250173732003,0.050445103857566766,0.04747774480712166,0.19584569732937684,0.7062314540059347
250173732004,0.21976592977893367,0.07802340702210664,0.2847854356306892,0.4174252275682705
250173733001,0.13541666666666666,0.07291666666666667,0.057291666666666664,0.734375
250173733002,0.24865831842576028,0.008944543828264758,0.17531305903398928,0.5670840787119857
250173733003,0.0215311004784689,0.08133971291866028,0.19617224880382775,0.7009569377990431
250173734001,0.10375,0.13,0.0725,0.69375
250173734002,0.1019522776572668,0.11713665943600868,0.17787418655097614,0.6030368763557483
250173735001,0.018617021276595744,0.02127659574468085,0.11702127659574468,0.8430851063829787
250173735002,0.028455284552845527,0.08739837398373984,0.10569105691056911,0.7784552845528455
250173735003,0.010438413361169102,0.05741127348643006,0.1638830897703549,0.7682672233820459
250173736001,0.03412073490813648,0.03412073490813648,0.04199475065616798,0.889763779527559
250173736003,0.12479201331114809,0.10149750415973377,0.06156405990016639,0.7121464226289518
250173737001,0.0,0.024475524475524476,0.16083916083916083,0.8146853146853147
250173737002,0.03529411764705882,0.042352941176470586,0.12705882352941175,0.7952941176470588
250173737003,0.03418803418803419,0.02564102564102564,0.09829059829059829,0.8418803418803419
250173737004,0.0,0.034482758620689655,0.20689655172413793,0.7586206896551724
250173738001,0.023703703703703703,0.01925925925925926,0.1111111111111111,0.845925925925926
250173738002,0.06363636363636363,0.15194805194805194,0.18831168831168832,0.5961038961038961
250173738003,0.05734767025089606,0.05913978494623656,0.22580645161290322,0.6577060931899642
250173738004,0.0,0.11224489795918367,0.11564625850340136,0.7721088435374149
250173739011,0.0,0.02866779089376054,0.16020236087689713,0.8111298482293423
250173739012,0.18201754385964913,0.03289473684210526,0.19956140350877194,0.5855263157894737
250173739021,0.27828054298642535,0.09276018099547512,0.10180995475113122,0.5271493212669683
250173739022,0.04814814814814815,0.05555555555555555,0.16296296296296298,0.7333333333333333
250173739023,0.05422993492407809,0.07592190889370933,0.10412147505422993,0.7657266811279827
250173740001,0.13409961685823754,0.01532567049808429,0.21264367816091953,0.6379310344827587
250173740002,0.11609907120743033,0.18111455108359134,0.0913312693498452,0.6114551083591331
250173740003,0.08277404921700224,0.042505592841163314,0.10738255033557047,0.767337807606264
250173741001,0.09852216748768473,0.08374384236453201,0.27586206896551724,0.541871921182266
250173741002,0.03710575139146568,0.061224489795918366,0.3302411873840445,0.5714285714285714
250173741003,0.040280210157618214,0.040280210157618214,0.2714535901926445,0.647985989492119
250173742001,0.018648018648018648,0.07226107226107226,0.1258741258741259,0.7832167832167832
250173742002,0.04081632653061224,0.08163265306122448,0.09013605442176871,0.7874149659863946
250173742003,0.0,0.1111111111111111,0.020202020202020204,0.8686868686868687
250173743001,0.0,0.10432569974554708,0.13486005089058525,0.7608142493638677
250173743002,0.04195804195804196,0.022727272727272728,0.08391608391608392,0.8513986013986014
250173743003,0.027950310559006212,0.018633540372670808,0.046583850931677016,0.906832298136646
250173744001,0.0,0.0979498861047836,0.0,0.9020501138952164
250173744002,0.0,0.0,0.07357859531772576,0.9264214046822743
250173744003,0.10181818181818182,0.0,0.09818181818181818,0.8
250173744004,0.26745718050065875,0.09354413702239789,0.01844532279314888,0.6205533596837944
250173744005,0.0,0.0,0.17434210526315788,0.8256578947368421
250173745001,0.075,0.15714285714285714,0.10357142857142858,0.6642857142857143
250173745002,0.184070796460177,0.0584070796460177,0.15752212389380532,0.6
250173745003,0.09818181818181818,0.0,0.15636363636363637,0.7454545454545455
250173745004,0.25705329153605017,0.03134796238244514,0.25391849529780564,0.45768025078369906
250173745005,0.041666666666666664,0.034722222222222224,0.09375,0.8298611111111112
250173746001,0.0,0.009216589861751152,0.1490015360983103,0.8417818740399385
250173746002,0.061855670103092786,0.00859106529209622,0.03264604810996564,0.8969072164948454
250173746003,0.06526315789473684,0.08,0.2694736842105263,0.5852631578947368
250173746004,0.09788359788359788,0.06613756613756613,0.1984126984126984,0.6375661375661376
250173747001,0.18192627824019025,0.04280618311533888,0.15101070154577884,0.6242568370986921
250173747002,0.1198501872659176,0.06367041198501873,0.14606741573033707,0.6704119850187266
250173747003,0.19367088607594937,0.09240506329113925,0.1620253164556962,0.5518987341772152
250173748001,0.023255813953488372,0.17571059431524547,0.12403100775193798,0.6770025839793282
250173748002,0.04127579737335835,0.03189493433395872,0.27204502814258913,0.6547842401500938
250173748003,0.16421052631578947,0.12,0.1957894736842105,0.52
250173821001,0.0288659793814433,0.04329896907216495,0.10721649484536082,0.8206185567010309
250173821002,0.1348973607038123,0.07624633431085044,0.14076246334310852,0.6480938416422287
250173821003,0.012422360248447204,0.08695652173913043,0.14906832298136646,0.7515527950310559
250173821004,0.06896551724137931,0.038314176245210725,0.1685823754789272,0.7241379310344828
250173821005,0.1365079365079365,0.09841269841269841,0.09523809523809523,0.6698412698412698
250173822001,0.09606986899563319,0.027656477438136828,0.2096069868995633,0.6666666666666666
250173822002,0.07899461400359066,0.017953321364452424,0.14183123877917414,0.7612208258527827
250173822003,0.15618661257606492,0.10344827586206896,0.09127789046653144,0.6490872210953347
250173822004,0.0,0.0688836104513064,0.13064133016627077,0.8004750593824228
250173823001,0.05970149253731343,0.0,0.2126865671641791,0.7276119402985075
250173823002,0.0,0.07374301675977654,0.17430167597765364,0.7519553072625699
250173823003,0.0,0.13523131672597866,0.05693950177935943,0.8078291814946619
250173823004,0.02759526938239159,0.0735873850197109,0.20630749014454666,0.6925098554533509
250173824001,0.06471494607087827,0.14329738058551617,0.39907550077041604,0.3929121725731895
250173824002,0.057494866529774126,0.11088295687885011,0.26899383983572894,0.5626283367556468
250173824003,0.15138282387190685,0.1703056768558952,0.08879184861717612,0.5895196506550219
250173824004,0.33509234828496043,0.1820580474934037,0.13984168865435356,0.34300791556728233
250173825001,0.15331010452961671,0.078397212543554,0.3588850174216028,0.4094076655052265
250173825002,0.1460843373493976,0.09789156626506024,0.2680722891566265,0.4879518072289157
250173825003,0.03917525773195876,0.026804123711340205,0.09896907216494845,0.8350515463917526
250173825004,0.09025270758122744,0.09205776173285199,0.3628158844765343,0.4548736462093863
250173826011,0.0,0.07675438596491228,0.3793859649122807,0.543859649122807
250173826012,0.0,0.2571428571428571,0.2025974025974026,0.5402597402597402
250173826013,0.10861423220973783,0.25280898876404495,0.149812734082397,0.4887640449438202
250173826014,0.10820895522388059,0.09079601990049752,0.2524875621890547,0.5485074626865671
250173826021,0.166189111747851,0.04871060171919771,0.07736389684813753,0.7077363896848138
250173826022,0.417960088691796,0.1662971175166297,0.0942350332594235,0.3215077605321508
250173826023,0.052060737527114966,0.21691973969631237,0.175704989154013,0.5553145336225597
250173826024,0.059845559845559844,0.09073359073359073,0.3359073359073359,0.5135135135135135
250173831011,0.24613003095975233,0.26160990712074306,0.33900928792569657,0.15325077399380804
250173831012,0.11829944547134935,0.2828096118299446,0.3345656192236599,0.2643253234750462
250173831021,0.20103761348897536,0.23346303501945526,0.46303501945525294,0.10246433203631647
250173831022,0.43478260869565216,0.22849213691026826,0.23126734505087881,0.10545790934320073
250173832001,0.3883357041251778,0.3485064011379801,0.14366998577524892,0.11948790896159317
250173832002,0.08172043010752689,0.0,0.22795698924731184,0.6903225806451613
250173832003,0.0,0.16968325791855204,0.5723981900452488,0.2579185520361991
250173832004,0.04158004158004158,0.062370062370062374,0.3970893970893971,0.498960498960499
250173833001,0.27899686520376177,0.15987460815047022,0.3401253918495298,0.22100313479623823
250173833002,0.11065006915629322,0.04426002766251729,0.326417704011065,0.5186721991701245
250173834011,0.0751592356687898,0.27770700636942675,0.23312101910828026,0.4140127388535032
250173834012,0.11743772241992882,0.0,0.3202846975088968,0.5622775800711743
250173834021,0.0951048951048951,0.24895104895104894,0.5174825174825175,0.13846153846153847
250173834022,0.3315436241610738,0.05100671140939597,0.30335570469798656,0.31409395973154364
250173835011,0.22533495736906212,0.0925700365408039,0.25334957369062117,0.4287454323995128
250173835012,0.5745454545454546,0.19393939393939394,0.09212121212121212,0.1393939393939394
250173835013,0.06435643564356436,0.07425742574257425,0.2599009900990099,0.6014851485148515
250173835021,0.04918032786885246,0.1092896174863388,0.3788706739526412,0.46265938069216755
250173835022,0.0,0.06371191135734072,0.33240997229916897,0.6038781163434903
250173835023,0.37089201877934275,0.107981220657277,0.18779342723004694,0.3333333333333333
250173836001,0.007722007722007722,0.06177606177606178,0.2754182754182754,0.6550836550836551
250173836002,0.17721518987341772,0.12025316455696203,0.2088607594936709,0.4936708860759494
250173836003,0.1018957345971564,0.18364928909952608,0.25,0.46445497630331756
250173836004,0.02945736434108527,0.08682170542635659,0.40310077519379844,0.4806201550387597
250173837001,0.16181229773462782,0.2168284789644013,0.038834951456310676,0.5825242718446602
250173837002,0.0,0.06872852233676977,0.16838487972508592,0.7628865979381443
250173837003,0.17983651226158037,0.07720254314259764,0.24069028156221617,0.5022706630336058
250173837004,0.1037463976945245,0.1440922190201729,0.2824207492795389,0.4697406340057637
250173838001,0.0,0.03969270166453265,0.09218950064020487,0.8681177976952625
250173838002,0.26112759643916916,0.0712166172106825,0.04747774480712166,0.6201780415430267
250173838003,0.0,0.07967032967032966,0.20054945054945056,0.7197802197802198
250173838004,0.1088646967340591,0.09642301710730948,0.24572317262830481,0.5489891135303266
250173838005,0.0,0.12080536912751678,0.2080536912751678,0.6711409395973155
250173839021,0.015435501653803748,0.12017640573318633,0.0804851157662624,0.7839029768467475
250173839022,0.019646365422396856,0.05108055009823183,0.3104125736738703,0.618860510805501
250173839023,0.03296703296703297,0.057387057387057384,0.1391941391941392,0.7704517704517705
250173839031,0.12473572938689217,0.11205073995771671,0.10782241014799154,0.6553911205073996
250173839032,0.0,0.047619047619047616,0.3188405797101449,0.6335403726708074
250173839041,0.0477326968973747,0.0,0.4009546539379475,0.5513126491646778
250173839042,0.0,0.052434456928838954,0.0,0.947565543071161
250173839043,0.07643312101910828,0.24203821656050956,0.34235668789808915,0.339171974522293
250173839044,0.23785425101214575,0.2034412955465587,0.20647773279352227,0.3522267206477733
250173840032,0.034055727554179564,0.058823529411764705,0.17027863777089783,0.7368421052631579
250173840033,0.14186851211072665,0.17358708189158017,0.408881199538639,0.27566320645905423
250173840034,0.05362776025236593,0.13406940063091483,0.17981072555205047,0.6324921135646687
250173840041,0.06727272727272728,0.05818181818181818,0.2290909090909091,0.6454545454545455
250173851011,0.08828671328671328,0.050699300699300696,0.23426573426573427,0.6267482517482518
250173851021,0.04484304932735426,0.0,0.2085201793721973,0.7466367713004485
250173851022,0.4397590361445783,0.0391566265060241,0.2996987951807229,0.2213855421686747
250173851023,0.0,0.03229974160206718,0.1020671834625323,0.8656330749354005
250173852011,0.03964401294498382,0.08009708737864078,0.40938511326860844,0.470873786407767
250173852031,0.07944732297063903,0.14335060449050085,0.4473229706390328,0.3298791018998273
250173852032,0.10201793721973094,0.033632286995515695,0.3172645739910314,0.547085201793722
250173852033,0.11772665764546685,0.11772665764546685,0.17050067658998647,0.5940460081190798
250173852041,0.04672057502246182,0.07457322551662174,0.20575022461814915,0.6729559748427673
250173861001,0.03582089552238806,0.0626865671641791,0.2,0.7014925373134329
250173861002,0.027210884353741496,0.1346938775510204,0.07210884353741497,0.7659863945578231
250173861003,0.04269662921348315,0.02696629213483146,0.08314606741573034,0.8471910112359551
250173871001,0.19904076738609114,0.15587529976019185,0.15827338129496402,0.486810551558753
250173871002,0.027662517289073305,0.10096818810511757,0.11203319502074689,0.7593360995850622
250173871003,0.02711864406779661,0.061016949152542375,0.19322033898305085,0.7186440677966102
250173871004,0.08200455580865604,0.1548974943052392,0.3234624145785877,0.4396355353075171
250173872011,0.09921671018276762,0.031331592689295036,0.08877284595300261,0.7806788511749347
250173872012,0.3217821782178218,0.0,0.08415841584158416,0.594059405940594
250173872013,0.0,0.0,0.2230769230769231,0.7769230769230769
250173872014,0.11773049645390071,0.12340425531914893,0.10921985815602837,0.649645390070922
250173872015,0.08417508417508418,0.31986531986531985,0.15824915824915825,0.4377104377104377
250173872021,0.0,0.021634615384615384,0.15865384615384615,0.8197115384615384
250173872022,0.01845018450184502,0.04797047970479705,0.25092250922509224,0.6826568265682657
250173872023,0.05263157894736842,0.02937576499388005,0.12607099143206854,0.791921664626683
250173881001,0.06526104417670683,0.07730923694779117,0.15963855421686746,0.6977911646586346
250173881002,0.11554921540656206,0.011412268188302425,0.15263908701854492,0.7203994293865906
250173881003,0.08488612836438923,0.2795031055900621,0.38509316770186336,0.2505175983436853
250173882001,0.258,0.086,0.108,0.548
250173882002,0.135706340378198,0.1735261401557286,0.3303670745272525,0.3604004449388209
250173882003,0.025806451612903226,0.06666666666666667,0.23655913978494625,0.6709677419354839
250173882004,0.02702702702702703,0.0,0.30353430353430355,0.6694386694386695
250173883001,0.7151979565772669,0.1583652618135377,0.12643678160919541,0.0
250173883002,0.48764044943820223,0.10337078651685393,0.3449438202247191,0.06404494382022471
250173883003,0.389937106918239,0.16037735849056603,0.32075471698113206,0.1289308176100629
250214001001,0.23225806451612904,0.1956989247311828,0.25806451612903225,0.3139784946236559
250214001002,0.11274509803921569,0.10457516339869281,0.3104575163398693,0.4722222222222222
250214001003,0.09319899244332494,0.04785894206549118,0.08312342569269521,0.7758186397984886
250214001004,0.37055837563451777,0.0,0.0,0.6294416243654822
250214001005,0.1596958174904943,0.12547528517110265,0.29277566539923955,0.4220532319391635
250214002011,0.1850828729281768,0.1408839779005525,0.20165745856353592,0.4723756906077348
250214002021,0.5599214145383105,0.20235756385068762,0.19842829076620824,0.03929273084479371
250214002022,0.10155440414507771,0.0,0.2538860103626943,0.644559585492228
250214003001,0.006329113924050633,0.023206751054852322,0.21308016877637131,0.7573839662447257
250214003002,0.14684287812041116,0.14243759177679882,0.15712187958883994,0.55359765051395
250214003003,0.0,0.24790619765494137,0.16080402010050251,0.5912897822445561
250214004011,0.19942473633748803,0.039309683604985615,0.22627037392138064,0.5349952061361457
250214004012,0.18600531443755536,0.07263064658990256,0.2728077945084145,0.4685562444641275
250214004021,0.0,0.15,0.12058823529411765,0.7294117647058823
250214004022,0.0,0.0,0.025522041763341066,0.974477958236659
250214005001,0.025537634408602152,0.1424731182795699,0.24865591397849462,0.5833333333333334
250214005002,0.0,0.13001605136436598,0.48475120385232745,0.3852327447833066
250214005003,0.0,0.20703125,0.12890625,0.6640625
250214005004,0.18490566037735848,0.05786163522012579,0.14842767295597484,0.6088050314465409
250214006001,0.10659186535764376,0.02244039270687237,0.2664796633941094,0.6044880785413744
250214006002,0.0,0.0,0.047619047619047616,0.9523809523809523
250214006003,0.03961748633879782,0.07650273224043716,0.2937158469945355,0.5901639344262295
250214006004,0.0,0.028935185185185185,0.1388888888888889,0.8321759259259259
250214007001,0.08196721311475409,0.07172131147540983,0.24180327868852458,0.6045081967213115
250214007002,0.0,0.053833605220228384,0.13213703099510604,0.8140293637846656
250214007003,0.07427055702917772,0.08488063660477453,0.23872679045092837,0.6021220159151194
250214008001,0.050221565731166914,0.0915805022156573,0.29542097488921715,0.5627769571639586
250214008002,0.10623556581986143,0.03464203233256351,0.11778290993071594,0.7413394919168591
250214008003,0.07753705815279362,0.20182440136830102,0.19156214367160776,0.5290763968072976
250214008004,0.4256198347107438,0.1115702479338843,0.06198347107438017,0.40082644628099173
250214009001,0.18503937007874016,0.1010498687664042,0.2755905511811024,0.43832020997375326
250214009002,0.5949367088607594,0.20569620253164558,0.13924050632911392,0.060126582278481014
250214009003,0.08313253012048193,0.1493975903614458,0.1686746987951807,0.5987951807228916
250214010001,0.0,0.02476780185758514,0.09597523219814241,0.8792569659442725
250214010002,0.0,0.01444043321299639,0.27075812274368233,0.7148014440433214
250214010003,0.25380710659898476,0.1713197969543147,0.09644670050761421,0.4784263959390863
250214011001,0.06821963394342762,0.08485856905158069,0.2079866888519135,0.6389351081530782
250214011002,0.0,0.0,0.0,1.0
250214011003,0.06573705179282868,0.013944223107569721,0.035856573705179286,0.8844621513944223
250214012011,0.23243933588761176,0.038314176245210725,0.13409961685823754,0.5951468710089399
250214012012,0.05938697318007663,0.11685823754789272,0.08045977011494253,0.7432950191570882
250214012013,0.0,0.0,0.15654952076677317,0.8434504792332268
250214012014,0.06527415143603134,0.0,0.06005221932114883,0.8746736292428199
250214012021,0.05803571428571429,0.23214285714285715,0.25892857142857145,0.45089285714285715
250214021011,0.08208955223880597,0.048507462686567165,0.3694029850746269,0.5
250214021012,0.061511423550087874,0.11247803163444639,0.16695957820738136,0.6590509666080844
250214021013,0.15743440233236153,0.026239067055393587,0.11370262390670553,0.7026239067055393
250214021021,0.19391634980988592,0.12357414448669202,0.3155893536121673,0.3669201520912547
250214021022,0.20224719101123595,0.08764044943820225,0.3707865168539326,0.3393258426966292
250214021023,0.14149821640903687,0.10582639714625446,0.3460166468489893,0.40665873959571935
250214022001,0.07670454545454546,0.10795454545454546,0.41761363636363635,0.3977272727272727
250214022002,0.06042884990253411,0.029239766081871343,0.2729044834307992,0.6374269005847953
250214023001,0.04878048780487805,0.041811846689895474,0.20905923344947736,0.7003484320557491
250214023002,0.12982456140350876,0.03684210526315789,0.18771929824561404,0.6456140350877193
250214023003,0.05616740088105727,0.05726872246696035,0.2488986784140969,0.6376651982378855
250214024001,0.13861386138613863,0.14285714285714285,0.3592644978783593,0.3592644978783593
250214024002,0.0625,0.13942307692307693,0.23557692307692307,0.5625
250214024003,0.05150214592274678,0.0,0.27467811158798283,0.6738197424892703
250214024004,0.27483443708609273,0.08774834437086093,0.18543046357615894,0.4519867549668874
250214024005,0.11864406779661017,0.03559322033898305,0.3271186440677966,0.5186440677966102
250214025001,0.2516778523489933,0.018456375838926176,0.15268456375838926,0.5771812080536913
250214025002,0.03802281368821293,0.12357414448669202,0.16539923954372623,0.6730038022813688
250214025003,0.1952941176470588,0.16470588235294117,0.14352941176470588,0.4964705882352941
250214031001,0.08737864077669903,0.0,0.08737864077669903,0.8252427184466019
250214031002,0.0,0.04984423676012461,0.12149532710280374,0.8286604361370716
250214031003,0.10465116279069768,0.0,0.08139534883720931,0.813953488372093
250214031004,0.0891089108910891,0.0,0.11089108910891089,0.8
250214031005,0.0332541567695962,0.0688836104513064,0.09026128266033254,0.8076009501187649
250214031006,0.0,0.09407665505226481,0.1254355400696864,0.7804878048780488
250214031007,0.10609480812641084,0.0,0.11738148984198646,0.7765237020316027
250214033001,0.024024024024024024,0.11711711711711711,0.08108108108108109,0.7777777777777778
250214033002,0.0,0.0718562874251497,0.06786427145708583,0.8602794411177644
250214033003,0.0,0.04451038575667656,0.12166172106824925,0.8338278931750742
250214034001,0.05235137533274179,0.16415261756876665,0.19254658385093168,0.59094942324756
250214034002,0.0,0.11312217194570136,0.09502262443438914,0.7918552036199095
250214034003,0.06593406593406594,0.040293040293040296,0.0,0.8937728937728938
250214034004,0.14579439252336449,0.18878504672897195,0.08598130841121496,0.5794392523364486
250214034005,0.07971014492753623,0.0,0.21739130434782608,0.7028985507246377
250214035011,0.06235294117647059,0.18352941176470589,0.1776470588235294,0.5764705882352941
250214035012,0.10067114093959731,0.5033557046979866,0.14429530201342283,0.2516778523489933
250214035021,0.09361069836552749,0.20059435364041606,0.08469539375928678,0.6210995542347697
250214035022,0.04214123006833713,0.0,0.05011389521640091,0.907744874715262
250214041001,0.14264264264264265,0.06606606606606606,0.13363363363363365,0.6576576576576577
250214041002,0.07242339832869081,0.06963788300835655,0.06128133704735376,0.7966573816155988
250214041003,0.019230769230769232,0.02564102564102564,0.05128205128205128,0.9038461538461539
250214042011,0.0,0.023809523809523808,0.05442176870748299,0.9217687074829932
250214042012,0.055944055944055944,0.0,0.13986013986013987,0.8041958041958042
250214042013,0.08888888888888889,0.02962962962962963,0.14074074074074075,0.7407407407407407
250214042014,0.14329268292682926,0.06402439024390244,0.16463414634146342,0.6280487804878049
250214042021,0.07078313253012049,0.08734939759036145,0.25903614457831325,0.5828313253012049
250214042022,0.08904109589041095,0.05707762557077625,0.11187214611872145,0.7420091324200914
250214042024,0.07692307692307693,0.0,0.15384615384615385,0.7692307692307693
250214043011,0.05804749340369393,0.026385224274406333,0.0395778364116095,0.8759894459102903
250214043012,0.0,0.0,0.1387900355871886,0.8612099644128114
250214043013,0.07161125319693094,0.0,0.10997442455242967,0.8184143222506394
250214043014,0.02577319587628866,0.059278350515463915,0.09278350515463918,0.8221649484536082
250214043015,0.05660377358490566,0.05929919137466307,0.10242587601078167,0.7816711590296496
250214043021,0.043041606886657105,0.08321377331420372,0.1951219512195122,0.6786226685796269
250214043022,0.0,0.09210526315789473,0.08771929824561403,0.8201754385964912
250214043023,0.03480278422273782,0.05336426914153132,0.16241299303944315,0.7494199535962877
250214044001,0.2702702702702703,0.11850311850311851,0.12058212058212059,0.49064449064449067
250214044002,0.11392405063291139,0.035443037974683546,0.043037974683544304,0.8075949367088607
250214044003,0.0,0.0,0.11494252873563218,0.8850574712643678
250214044005,0.009727626459143969,0.11673151750972763,0.21206225680933852,0.6614785992217899
250214051001,0.016194331983805668,0.07017543859649122,0.05128205128205128,0.8623481781376519
250214051002,0.04477611940298507,0.03283582089552239,0.19701492537313434,0.7253731343283583
250214051003,0.0,0.021538461538461538,0.09846153846153846,0.88
250214051004,0.019417475728155338,0.015533980582524271,0.06601941747572816,0.8990291262135922
250214061011,0.199207135777998,0.09910802775024777,0.1952428146679881,0.5064420218037661
250214061012,0.013657056145675266,0.04704097116843703,0.05311077389984825,0.8861911987860395
250214061013,0.06274509803921569,0.11176470588235295,0.09607843137254903,0.7294117647058823
250214061021,0.16620111731843576,0.0,0.1005586592178771,0.7332402234636871
250214061022,0.060453400503778336,0.08816120906801007,0.2518891687657431,0.5994962216624685
250214061023,0.0,0.05120481927710843,0.04216867469879518,0.9066265060240963
250214061024,0.0,0.024,0.1,0.876
250214071011,0.02321724709784411,0.013266998341625208,0.02321724709784411,0.9402985074626866
250214071012,0.11611785095320624,0.16984402079722705,0.14904679376083188,0.5649913344887348
250214071013,0.0720164609053498,0.1111111111111111,0.30246913580246915,0.51440329218107
250214071021,0.06573957016434892,0.12010113780025285,0.32364096080910243,0.49051833122629585
250214071022,0.10950080515297907,0.09500805152979067,0.09822866344605476,0.6972624798711755
250214081021,0.0508130081300813,0.08333333333333333,0.29878048780487804,0.5670731707317073
250214081022,0.026462395543175487,0.11420612813370473,0.28551532033426186,0.5738161559888579
250214081023,0.25271739130434784,0.16304347826086957,0.12771739130434784,0.45652173913043476
250214081024,0.2463768115942029,0.07971014492753623,0.34541062801932365,0.3285024154589372
250214081031,0.03153988868274583,0.13543599257884972,0.11131725417439703,0.7217068645640075
250214081032,0.024077046548956663,0.0,0.060995184590690206,0.9149277688603531
250214081041,0.022026431718061675,0.032305433186490456,0.21879588839941264,0.7268722466960352
250214081042,0.1301775147928994,0.07100591715976332,0.09763313609467456,0.7011834319526628
250214081043,0.05905511811023622,0.12598425196850394,0.02952755905511811,0.7854330708661418
250214091011,0.0,0.029832935560859187,0.14558472553699284,0.8245823389021479
250214091012,0.027888446215139442,0.07569721115537849,0.29880478087649404,0.5976095617529881
250214091014,0.04526748971193416,0.05761316872427984,0.2757201646090535,0.6213991769547325
250214091021,0.02891566265060241,0.09156626506024096,0.12650602409638553,0.7530120481927711
250214091022,0.03850931677018633,0.008695652173913044,0.18385093167701863,0.768944099378882
250214101001,0.23316912972085385,0.12807881773399016,0.20525451559934318,0.43349753694581283
250214101002,0.16030534351145037,0.10178117048346055,0.4173027989821883,0.32061068702290074
250214101003,0.03238095238095238,0.024761904761904763,0.25142857142857145,0.6914285714285714
250214101005,0.19304152637485972,0.29180695847362514,0.1829405162738496,0.33221099887766553
250214101006,0.0,0.0,0.250814332247557,0.749185667752443
250214103001,0.006024096385542169,0.1108433734939759,0.3927710843373494,0.4903614457831325
250214103002,0.12195121951219512,0.05013550135501355,0.33875338753387535,0.489159891598916
250214103003,0.11229946524064172,0.0213903743315508,0.20855614973262032,0.6577540106951871
250214104001,0.24087591240875914,0.05291970802919708,0.10766423357664233,0.5985401459854015
250214104002,0.18699186991869918,0.11924119241192412,0.3170731707317073,0.37669376693766937
250214104003,0.22974176313446126,0.2226179875333927,0.3490650044523598,0.19857524487978628
250214104004,0.0,0.09450171821305842,0.19931271477663232,0.7061855670103093
250214111011,0.19823008849557522,0.18938053097345134,0.0831858407079646,0.5292035398230088
250214111012,0.0,0.13038548752834467,0.18140589569160998,0.6882086167800453
250214111021,0.0,0.14068441064638784,0.23954372623574144,0.6197718631178707
250214111022,0.1307596513075965,0.1780821917808219,0.1320049813200498,0.5591531755915318
250214111023,0.0,0.036585365853658534,0.22439024390243903,0.7390243902439024
250214112001,0.03470715835140998,0.0,0.2754880694143167,0.6898047722342733
250214112002,0.025943396226415096,0.15644654088050314,0.23663522012578617,0.5809748427672956
250214112003,0.0,0.0,0.0255863539445629,0.9744136460554371
250214112004,0.13526570048309178,0.04106280193236715,0.24396135265700483,0.5797101449275363
250214113011,0.07212822796081923,0.048975957257346395,0.05699020480854853,0.8219056099732859
250214113012,0.0,0.18762886597938144,0.15051546391752577,0.6618556701030928
250214113013,0.10941475826972011,0.08142493638676845,0.17048346055979643,0.638676844783715
250214113022,0.15359477124183007,0.16013071895424835,0.32516339869281047,0.3611111111111111
250214113023,0.040268456375838924,0.2080536912751678,0.040268456375838924,0.7114093959731543
250214113024,0.12866817155756208,0.0,0.20090293453724606,0.6704288939051919
250214121001,0.16951788491446346,0.2286158631415241,0.07620528771384137,0.5256609642301711
250214121002,0.0,0.16909620991253643,0.1661807580174927,0.6647230320699709
250214121003,0.04062909567496723,0.0327653997378768,0.06028833551769332,0.8663171690694627
250214121004,0.0,0.0,0.11264367816091954,0.8873563218390804
250214122001,0.08455284552845528,0.11219512195121951,0.0943089430894309,0.7089430894308943
250214122002,0.02677376171352075,0.13253012048192772,0.0963855421686747,0.7443105756358769
250214123001,0.11510791366906475,0.04028776978417266,0.09064748201438849,0.753956834532374
250214123002,0.0,0.05583756345177665,0.20558375634517767,0.7385786802030457
250214123003,0.08571428571428572,0.05714285714285714,0.16428571428571428,0.6928571428571428
250214123004,0.05855161787365177,0.1325115562403698,0.11093990755007704,0.6979969183359014
250214131002,0.0,0.10485933503836317,0.21739130434782608,0.6777493606138107
250214131003,0.07633587786259542,0.13231552162849872,0.07633587786259542,0.7150127226463104
250214131004,0.03551912568306011,0.10382513661202186,0.3879781420765027,0.4726775956284153
250214131006,0.1736745886654479,0.0712979890310786,0.1480804387568556,0.6069469835466179
250214131007,0.3769063180827887,0.1830065359477124,0.25054466230936817,0.1895424836601307
250214132011,0.24596774193548387,0.18346774193548387,0.25806451612903225,0.3125
250214132012,0.2601054481546573,0.18453427065026362,0.2618629173989455,0.29349736379613356
250214132013,0.24978466838931956,0.10766580534022395,0.32558139534883723,0.3169681309216193
250214132021,0.0962962962962963,0.12275132275132275,0.11957671957671957,0.6613756613756614
250214133001,0.06958561376075059,0.10398749022673964,0.2361219702892885,0.5903049257232212
250214133002,0.04852320675105485,0.0949367088607595,0.26371308016877637,0.5928270042194093
250214133003,0.05106382978723404,0.07446808510638298,0.18085106382978725,0.6936170212765957
250214134011,0.11956521739130435,0.25,0.16485507246376813,0.46557971014492755
250214134012,0.13848631239935588,0.08695652173913043,0.20450885668276972,0.5700483091787439
250214134013,0.07482993197278912,0.14058956916099774,0.4331065759637188,0.35147392290249435
250214134021,0.09610389610389611,0.24155844155844156,0.21558441558441557,0.44675324675324674
250214134022,0.022821576763485476,0.03630705394190872,0.3475103734439834,0.5933609958506224
250214134023,0.009380863039399626,0.20075046904315197,0.20075046904315197,0.5891181988742964
250214135001,0.06015037593984962,0.10225563909774436,0.3443609022556391,0.4932330827067669
250214135002,0.21379310344827587,0.15862068965517243,0.27413793103448275,0.35344827586206895
250214135003,0.14064697609001406,0.36849507735583686,0.2630098452883263,0.22784810126582278
250214141001,0.0,0.0,0.3885542168674699,0.6114457831325302
250214141002,0.04247104247104247,0.10038610038610038,0.25868725868725867,0.5984555984555985
250214141003,0.0,0.1863013698630137,0.2821917808219178,0.5315068493150685
250214141004,0.0487062404870624,0.0776255707762557,0.1491628614916286,0.7245053272450532
250214141005,0.0,0.22857142857142856,0.0,0.7714285714285715
250214142001,0.0,0.06572769953051644,0.056338028169014086,0.8779342723004695
250214142002,0.0,0.021566401816118047,0.21112372304199772,0.7673098751418842
250214142003,0.0,0.10263157894736842,0.0868421052631579,0.8105263157894737
250214142004,0.0,0.09199522102747909,0.05137395459976105,0.8566308243727598
250214143001,0.13504823151125403,0.02572347266881029,0.2379421221864952,0.6012861736334405
250214143002,0.019553072625698324,0.09776536312849161,0.1871508379888268,0.6955307262569832
250214143003,0.0,0.0,0.10297029702970296,0.897029702970297
250214143004,0.1592797783933518,0.10664819944598337,0.19529085872576177,0.538781163434903
250214151011,0.017543859649122806,0.07017543859649122,0.13840155945419103,0.7738791423001949
250214151012,0.17898832684824903,0.03372243839169909,0.2230869001297017,0.5642023346303502
250214151013,0.03290676416819013,0.014625228519195612,0.1170018281535649,0.8354661791590493
250214151031,0.010752688172043012,0.10752688172043011,0.35913978494623655,0.5225806451612903
250214151032,0.04565217391304348,0.0,0.325,0.6293478260869565
250214151033,0.29704510108864696,0.1088646967340591,0.3297045101088647,0.2643856920684292
250214151041,0.033632286995515695,0.01569506726457399,0.3251121076233184,0.625560538116592
250214151042,0.08409506398537477,0.13711151736745886,0.16819012797074953,0.6106032906764168
250214152011,0.08891928864569083,0.06429548563611491,0.19835841313269495,0.6484268125854993
250214152012,0.22861356932153393,0.019174041297935103,0.16224188790560473,0.5899705014749262
250214152021,0.14006888633754305,0.21469575200918484,0.2629161882893226,0.3823191733639495
250214152022,0.0,0.0,0.5037593984962406,0.49624060150375937
250214153001,0.06414300736067298,0.04942166140904311,0.22292323869610936,0.6635120925341745
250214153002,0.08235294117647059,0.10980392156862745,0.22941176470588234,0.5784313725490197
250214161011,0.13405797101449277,0.021739130434782608,0.10869565217391304,0.7355072463768116
250214161012,0.05835010060362173,0.026156941649899398,0.08450704225352113,0.8309859154929577
250214161013,0.08490566037735849,0.0,0.10849056603773585,0.8066037735849056
250214161014,0.353515625,0.09375,0.109375,0.443359375
250214161021,0.05981794538361508,0.17945383615084526,0.24317295188556567,0.517555266579974
250214161022,0.03056768558951965,0.021834061135371178,0.056768558951965066,0.8908296943231441
250214162001,0.03164556962025317,0.4282700421940928,0.10970464135021098,0.43037974683544306
250214162002,0.06179775280898876,0.0,0.07865168539325842,0.8595505617977528
250214162003,0.0673076923076923,0.057692307692307696,0.21634615384615385,0.6586538461538461
250214162004,0.05084745762711865,0.4135593220338983,0.21016949152542372,0.3254237288135593
250214162005,0.01834862385321101,0.11467889908256881,0.20642201834862386,0.6605504587155964
250214162006,0.07455012853470437,0.06940874035989718,0.16195372750642673,0.6940874035989717
250214162007,0.16295025728987994,0.07890222984562607,0.17495711835334476,0.5831903945111492
250214163001,0.06807511737089202,0.051643192488262914,0.1596244131455399,0.7206572769953051
250214163002,0.0221606648199446,0.09695290858725762,0.22437673130193905,0.6565096952908587
250214163003,0.023255813953488372,0.0,0.17829457364341086,0.7984496124031008
250214163004,0.01910828025477707,0.022292993630573247,0.17197452229299362,0.7866242038216561
250214163005,0.36989795918367346,0.07908163265306123,0.07908163265306123,0.4719387755102041
250214164001,0.07633587786259542,0.1183206106870229,0.06870229007633588,0.7366412213740458
250214164002,0.033942558746736295,0.0,0.0,0.9660574412532638
250214164003,0.05,0.075,0.046875,0.828125
250214164004,0.37948717948717947,0.1076923076923077,0.07179487179487179,0.441025641025641
250214164005,0.0,0.0,0.22053231939163498,0.779467680608365
250214164006,0.0,0.021875,0.075,0.903125
250214164007,0.0,0.022099447513812154,0.04419889502762431,0.9337016574585635
250214171001,0.15040650406504066,0.04065040650406504,0.35365853658536583,0.45528455284552843
250214171002,0.03550295857988166,0.0,0.4260355029585799,0.5384615384615384
250214171003,0.06876790830945559,0.23209169054441262,0.35816618911174786,0.34097421203438394
250214171004,0.06666666666666667,0.09032258064516129,0.16344086021505377,0.6795698924731183
250214171005,0.0,0.11221122112211221,0.3333333333333333,0.5544554455445545
250214171006,0.10401002506265664,0.2756892230576441,0.3107769423558897,0.30952380952380953
250214172011,0.27100271002710025,0.18157181571815717,0.008130081300813009,0.5392953929539296
250214172012,0.23316062176165803,0.11917098445595854,0.24352331606217617,0.40414507772020725
250214172013,0.14303482587064675,0.12189054726368159,0.3681592039800995,0.36691542288557216
250214172014,0.17391304347826086,0.08995502248875563,0.2518740629685157,0.48425787106446777
250214172021,0.3178294573643411,0.0,0.18604651162790697,0.49612403100775193
250214172022,0.06774193548387097,0.13225806451612904,0.2838709677419355,0.5161290322580645
250214172023,0.11618257261410789,0.026970954356846474,0.2697095435684647,0.5871369294605809
250214172024,0.23243243243243245,0.1927927927927928,0.32432432432432434,0.25045045045045045
250214173001,0.13041289023162134,0.08358509566968782,0.20594159113796576,0.5800604229607251
250214174001,0.05093833780160858,0.08579088471849866,0.2734584450402145,0.5898123324396782
250214174002,0.20063694267515925,0.04777070063694268,0.1449044585987261,0.606687898089172
250214174003,0.2524752475247525,0.10891089108910891,0.12376237623762376,0.5148514851485149
250214175011,0.0,0.09399477806788512,0.381201044386423,0.5248041775456919
250214175012,0.10433070866141732,0.0,0.1515748031496063,0.7440944881889764
250214175013,0.19031531531531531,0.09684684684684684,0.5416666666666666,0.17117117117117117
250214175014,0.07012987012987013,0.04415584415584416,0.35584415584415585,0.5298701298701298
250214175021,0.2913907284768212,0.17218543046357615,0.1804635761589404,0.35596026490066224
250214175022,0.10666666666666667,0.07238095238095238,0.38666666666666666,0.4342857142857143
250214175023,0.35348837209302325,0.046511627906976744,0.14883720930232558,0.4511627906976744
250214175024,0.10641891891891891,0.14695945945945946,0.28547297297297297,0.46114864864864863
250214176011,0.0,0.07751937984496124,0.20155038759689922,0.7209302325581395
250214176012,0.0,0.05339805825242718,0.24029126213592233,0.7063106796116505
250214176013,0.2345360824742268,0.18814432989690721,0.3247422680412371,0.25257731958762886
250214176014,0.15256588072122051,0.231622746185853,0.3259361997226075,0.289875173370319
250214176021,0.08480565371024736,0.061837455830388695,0.392226148409894,0.46113074204946997
250214176022,0.18544600938967137,0.1443661971830986,0.1431924882629108,0.5269953051643192
250214176023,0.3480791618160652,0.1350407450523865,0.18975552968568102,0.32712456344586727
250214177021,0.0,0.11538461538461539,0.3418803418803419,0.5427350427350427
250214177022,0.2802056555269923,0.043701799485861184,0.36503856041131105,0.3110539845758355
250214177023,0.019801980198019802,0.18811881188118812,0.11138613861386139,0.6806930693069307
250214177031,0.6265664160401002,0.19548872180451127,0.17794486215538846,0.0
250214177032,0.12928759894459102,0.2691292875989446,0.45646437994722955,0.14511873350923482
250214177033,0.35619047619047617,0.10095238095238095,0.2857142857142857,0.2571428571428571
250214177041,0.041988950276243095,0.06077348066298342,0.543646408839779,0.35359116022099446
250214177042,0.02103049421661409,0.1167192429022082,0.30809674027339645,0.5541535226077813
250214178011,0.04533333333333334,0.17866666666666667,0.30133333333333334,0.4746666666666667
250214178012,0.0,0.2354368932038835,0.0970873786407767,0.6674757281553398
250214178013,0.02411873840445269,0.1836734693877551,0.3747680890538033,0.4174397031539889
250214178014,0.07589285714285714,0.0,0.23660714285714285,0.6875
250214178015,0.12965722801788376,0.17436661698956782,0.33681073025335323,0.3591654247391952
250214178021,0.1691542288557214,0.21724709784411278,0.33665008291873966,0.2769485903814262
250214178022,0.546142208774584,0.18910741301059,0.09379727685325265,0.17095310136157338
250214179011,0.19043478260869565,0.1408695652173913,0.4365217391304348,0.23217391304347826
250214179012,0.11860940695296524,0.2903885480572597,0.2229038854805726,0.36809815950920244
250214179013,0.38341968911917096,0.3963730569948187,0.10103626943005181,0.11917098445595854
250214179014,0.2712765957446808,0.13031914893617022,0.2898936170212766,0.30851063829787234
250214179015,0.2547332185886403,0.25903614457831325,0.35972461273666095,0.12650602409638553
250214179016,0.10696517412935323,0.3383084577114428,0.11691542288557213,0.43781094527363185
250214179021,0.10495049504950495,0.061386138613861385,0.2871287128712871,0.5465346534653466
250214179022,0.1751227495908347,0.132569558101473,0.35842880523731585,0.33387888707037644
250214179023,0.07373271889400922,0.12903225806451613,0.41244239631336405,0.3847926267281106
250214180021,0.062340966921119595,0.05343511450381679,0.3256997455470738,0.5585241730279898
250214180022,0.1299638989169675,0.1371841155234657,0.2851985559566787,0.44765342960288806
250214180023,0.01824817518248175,0.07481751824817519,0.5492700729927007,0.35766423357664234
250214180024,0.10200129115558425,0.1433182698515171,0.3621691413815365,0.39251129761136216
250214180031,0.09547123623011015,0.1909424724602203,0.20930232558139536,0.5042839657282742
250214180032,0.0,0.10991379310344827,0.1961206896551724,0.6939655172413793
250214180041,0.09821428571428571,0.24285714285714285,0.3357142857142857,0.32321428571428573
250214180042,0.16531604538087522,0.15235008103727715,0.2576985413290113,0.4246353322528363
250214180043,0.2485345838218054,0.12778429073856976,0.21219226260257915,0.4114888628370457
250214181011,0.10709838107098381,0.04234122042341221,0.1095890410958904,0.7409713574097135
250214181012,0.37746478873239436,0.04225352112676056,0.27887323943661974,0.30140845070422534
250214181013,0.4466338259441708,0.1986863711001642,0.16420361247947454,0.19047619047619047
250214181014,0.07898658718330849,0.07451564828614009,0.27421758569299554,0.5722801788375559
250214181021,0.14814814814814814,0.4045584045584046,0.12535612535612536,0.32193732193732194
250214181022,0.10631578947368421,0.09157894736842105,0.29368421052631577,0.508421052631579
250214181023,0.17992424242424243,0.11553030303030302,0.3712121212121212,0.3333333333333333
250214182011,0.1739674593241552,0.26282853566958697,0.3642052565707134,0.19899874843554444
250214182012,0.12170753860127158,0.10354223433242507,0.335149863760218,0.4396003633060854
250214182013,0.11713933415536375,0.0690505548705302,0.3477188655980271,0.46609124537607893
250214191001,0.146,0.172,0.112,0.57
250214191003,0.0,0.0,0.6717325227963525,0.3282674772036474
250214191004,0.033925686591276254,0.19547657512116318,0.15508885298869143,0.6155088852988692
250214191005,0.08895265423242468,0.08177905308464849,0.2309899569583931,0.5982783357245337
250214192001,0.15922798552472858,0.08443908323281062,0.2255729794933655,0.5307599517490953
250214192002,0.23839009287925697,0.1021671826625387,0.21671826625386997,0.44272445820433437
250214192003,0.0,0.0,0.20518867924528303,0.7948113207547169
250214192004,0.14492753623188406,0.08695652173913043,0.0966183574879227,0.6714975845410628
250214193001,0.1973392461197339,0.1574279379157428,0.1130820399113082,0.532150776053215
250214193002,0.162534435261708,0.13774104683195593,0.25068870523415976,0.4490358126721763
250214193003,0.2,0.16129032258064516,0.4290322580645161,0.20967741935483872
250214193004,0.020785219399538105,0.03695150115473441,0.30484988452655887,0.6374133949191686
250214194001,0.05017921146953405,0.0,0.2939068100358423,0.6559139784946236
250214194002,0.04112554112554113,0.2597402597402597,0.18181818181818182,0.5173160173160173
250214194003,0.39177101967799643,0.06440071556350627,0.11806797853309481,0.4257602862254025
250214195001,0.047021943573667714,0.12539184952978055,0.23197492163009403,0.5956112852664577
250214195002,0.06829268292682927,0.06463414634146342,0.1378048780487805,0.7292682926829268
250214196011,0.0502283105022831,0.0258751902587519,0.3013698630136986,0.6225266362252664
250214196021,0.17034068136272545,0.04408817635270541,0.3867735470941884,0.39879759519038077
250214196022,0.034383954154727794,0.06017191977077364,0.22349570200573066,0.6819484240687679
250214196023,0.028784648187633263,0.14285714285714285,0.15884861407249468,0.6695095948827292
250214197001,0.09636871508379888,0.05027932960893855,0.2011173184357542,0.6522346368715084
250214197002,0.14085739282589677,0.10061242344706911,0.09361329833770779,0.6649168853893264
250214198001,0.08275862068965517,0.15344827586206897,0.21379310344827587,0.55
250214198002,0.10351201478743069,0.4565619223659889,0.1866913123844732,0.2532347504621072
250214198003,0.05377906976744186,0.01308139534883721,0.4578488372093023,0.4752906976744186
250214201011,0.03741496598639456,0.003401360544217687,0.14285714285714285,0.8163265306122449
250214201012,0.110752688172043,0.035483870967741936,0.38387096774193546,0.4698924731182796
250214201013,0.016286644951140065,0.28664495114006516,0.15309446254071662,0.5439739413680782
250214201021,0.2660377358490566,0.06981132075471698,0.3452830188679245,0.31886792452830187
250214201022,0.21019771071800208,0.13215400624349635,0.3225806451612903,0.3350676378772112
250214202011,0.0,0.04240282685512368,0.20848056537102475,0.7491166077738516
250214202012,0.1798469387755102,0.20918367346938777,0.3494897959183674,0.2614795918367347
250214202021,0.11488673139158576,0.2815533980582524,0.09385113268608414,0.5097087378640777
250214202022,0.18429661941112324,0.10359869138495092,0.46455834242093785,0.247546346782988
250214202023,0.08010335917312661,0.10852713178294573,0.2751937984496124,0.5361757105943152
250214202025,0.08587257617728532,0.04986149584487535,0.4404432132963989,0.42382271468144045
250214203011,0.3023255813953488,0.12956810631229235,0.40863787375415284,0.15946843853820597
250214203012,0.08513931888544891,0.14860681114551083,0.28173374613003094,0.4845201238390093
250214203013,0.14874551971326164,0.16666666666666666,0.3163082437275986,0.3682795698924731
250214203014,0.12055335968379446,0.05731225296442688,0.116600790513834,0.7055335968379447
250214203021,0.07984031936127745,0.06986027944111776,0.20758483033932135,0.6427145708582834
250214203022,0.03942652329749104,0.27956989247311825,0.4157706093189964,0.26523297491039427
250214203023,0.06884057971014493,0.25,0.37681159420289856,0.30434782608695654
250214203024,0.13875,0.15,0.10125,0.61
250214203025,0.2731411229135053,0.21547799696509864,0.38088012139605465,0.13050075872534142
250214211001,0.06649937264742785,0.26097867001254704,0.43036386449184444,0.24215809284818068
250214211002,0.06532663316582915,0.19095477386934673,0.18592964824120603,0.5577889447236181
250214211003,0.234,0.186,0.244,0.336
250214211004,0.20543478260869566,0.02282608695652174,0.17173913043478262,0.6
250214212001,0.0757314974182444,0.22203098106712565,0.25817555938037867,0.4440619621342513
250214212002,0.0,0.028037383177570093,0.29439252336448596,0.677570093457944
250214212003,0.12165450121654502,0.0267639902676399,0.45985401459854014,0.39172749391727496
250214212004,0.032188841201716736,0.12660944206008584,0.27467811158798283,0.5665236051502146
250214212005,0.12926829268292683,0.1975609756097561,0.3804878048780488,0.2926829268292683
250214221001,0.09423076923076923,0.18269230769230768,0.27307692307692305,0.45
250214221002,0.14542190305206462,0.11310592459605028,0.14542190305206462,0.5960502692998204
250214221003,0.028530670470756064,0.04136947218259629,0.3223965763195435,0.6077032810271041
250214221004,0.13513513513513514,0.06563706563706563,0.23552123552123552,0.5637065637065637
250214222011,0.047619047619047616,0.0,0.20068027210884354,0.7517006802721088
250214222012,0.056962025316455694,0.29324894514767935,0.18354430379746836,0.46624472573839665
250214222021,0.03260869565217391,0.0625,0.1956521739130435,0.7092391304347826
250214222022,0.1592920353982301,0.015486725663716814,0.29646017699115046,0.5287610619469026
250214222023,0.1480978260869565,0.17798913043478262,0.47078804347826086,0.203125
250214222024,0.0,0.1723404255319149,0.251063829787234,0.5765957446808511
250214222025,0.0457516339869281,0.0784313725490196,0.28322440087145967,0.5925925925925926
250214223011,0.0855614973262032,0.11764705882352941,0.3048128342245989,0.4919786096256685
250214223012,0.03952095808383234,0.0718562874251497,0.19041916167664671,0.6982035928143713
250214223031,0.052083333333333336,0.1232638888888889,0.4322916666666667,0.3923611111111111
250214223032,0.07934990439770555,0.2323135755258126,0.26290630975143403,0.4254302103250478
250214223033,0.23125,0.08875,0.4825,0.1975
250214223041,0.0945273631840796,0.1691542288557214,0.34328358208955223,0.39303482587064675
250214223042,0.026607538802660754,0.04434589800443459,0.17073170731707318,0.7583148558758315
250214224011,0.0,0.16972477064220184,0.3165137614678899,0.5137614678899083
250214224012,0.4116719242902208,0.34858044164037855,0.09305993690851735,0.14668769716088328
250214224013,0.12562814070351758,0.29396984924623115,0.15201005025125627,0.42839195979899497
250214224021,0.03268765133171913,0.0,0.4092009685230024,0.5581113801452785
250214224022,0.44308943089430897,0.12601626016260162,0.10569105691056911,0.3252032520325203
250214224023,0.05675146771037182,0.13111545988258316,0.14677103718199608,0.6653620352250489
250214225011,0.13225058004640372,0.22505800464037123,0.31554524361948955,0.3271461716937355
250214225012,0.23055295220243674,0.1836925960637301,0.2924086223055295,0.2933458294283037
250214225013,0.03484320557491289,0.14285714285714285,0.23344947735191637,0.5888501742160279
250214225014,0.03459119496855346,0.09748427672955975,0.3710691823899371,0.4968553459119497
250214225021,0.3508771929824561,0.20833333333333334,0.10526315789473684,0.3355263157894737
250214225022,0.18326693227091634,0.14143426294820718,0.2948207171314741,0.3804780876494024
250214225023,0.11003861003861004,0.08301158301158301,0.30984555984555984,0.4971042471042471
250214225024,0.18451400329489293,0.08237232289950576,0.27347611202635913,0.4596375617792422
250214226001,0.08072916666666667,0.09375,0.10416666666666667,0.7213541666666666
250214226002,0.0469208211143695,0.2316715542521994,0.31378299120234604,0.40762463343108507
250214226003,0.05985915492957746,0.07042253521126761,0.4647887323943662,0.40492957746478875
250214226004,0.0405982905982906,0.0811965811965812,0.12606837606837606,0.7521367521367521
250214226005,0.2670157068062827,0.08376963350785341,0.07068062827225131,0.5785340314136126
250214226006,0.11347517730496454,0.07801418439716312,0.17907801418439717,0.6294326241134752
250214227001,0.09465648854961832,0.1435114503816794,0.35877862595419846,0.4030534351145038
250214227002,0.08108108108108109,0.09009009009009009,0.21621621621621623,0.6126126126126126
250214227003,0.043835616438356165,0.13150684931506848,0.3643835616438356,0.4602739726027397
250214227004,0.04365079365079365,0.1349206349206349,0.5595238095238095,0.2619047619047619
250214228001,0.19738276990185388,0.09814612868047982,0.24863685932388221,0.4558342420937841
250214228002,0.030418250950570342,0.06844106463878327,0.23954372623574144,0.6615969581749049
250214228003,0.05847953216374269,0.2134502923976608,0.21052631578947367,0.5175438596491229
250214228004,0.03333333333333333,0.03333333333333333,0.4148148148148148,0.5185185185185185
250214231011,0.23062730627306274,0.08118081180811808,0.03690036900369004,0.6512915129151291
250214231012,0.12755905511811025,0.026771653543307086,0.09448818897637795,0.7511811023622047
250214231013,0.0,0.3079710144927536,0.13043478260869565,0.5615942028985508
250214231021,0.14207650273224043,0.020036429872495445,0.17122040072859745,0.6666666666666666
250214231022,0.06461538461538462,0.1476923076923077,0.2230769230769231,0.5646153846153846
250214231023,0.08704453441295547,0.032388663967611336,0.10323886639676114,0.7773279352226721
250214401011,0.1815126050420168,0.17478991596638654,0.1092436974789916,0.534453781512605
250214401012,0.0686482661004954,0.17055909412597312,0.4699221514508139,0.2908704883227176
250214401013,0.15888778550148958,0.06852035749751738,0.33068520357497516,0.44190665342601787
250214401021,0.029315960912052116,0.014657980456026058,0.19055374592833876,0.7654723127035831
250214401022,0.009708737864077669,0.13592233009708737,0.3786407766990291,0.47572815533980584
250214412021,0.03869047619047619,0.03571428571428571,0.16071428571428573,0.7648809523809523
250214412031,0.10028382213812677,0.06054872280037843,0.1986754966887417,0.6404919583727531
250214412032,0.2032854209445585,0.1437371663244353,0.12320328542094455,0.5297741273100616
250214412041,0.044416243654822336,0.0583756345177665,0.22461928934010153,0.6725888324873096
250214412042,0.04736842105263158,0.06666666666666667,0.26228070175438595,0.6236842105263158
250214421011,0.0,0.08235294117647059,0.10588235294117647,0.8117647058823529
250214421012,0.02029769959404601,0.037889039242219216,0.15561569688768606,0.7861975642760487
250214421013,0.028089887640449437,0.12640449438202248,0.24719101123595505,0.598314606741573
250214421014,0.15853658536585366,0.03048780487804878,0.3445121951219512,0.46646341463414637
250214421031,0.015602836879432624,0.07092198581560284,0.16170212765957448,0.75177304964539
250214421032,0.07894736842105263,0.04784688995215311,0.11004784688995216,0.7631578947368421
250214421033,0.03508771929824561,0.0,0.05263157894736842,0.9122807017543859
250214421034,0.08383838383838384,0.052525252525252523,0.22323232323232323,0.6404040404040404
250214421041,0.11471861471861472,0.1406926406926407,0.17532467532467533,0.5692640692640693
250214421042,0.014104372355430184,0.019746121297602257,0.12552891396332863,0.840620592383639
250214421043,0.0,0.42117117117117114,0.0,0.5788288288288288
250214421051,0.10185185185185185,0.08564814814814815,0.1909722222222222,0.6215277777777778
250214422011,0.1481994459833795,0.0997229916897507,0.24376731301939059,0.5083102493074793
250214422012,0.05035128805620609,0.01990632318501171,0.1557377049180328,0.7740046838407494
250214422031,0.08223201174743025,0.0381791483113069,0.4581497797356828,0.42143906020558003
250214422032,0.18299246501614638,0.14854682454251883,0.2109795479009688,0.45748116254036597
250214422041,0.30672926447574334,0.1111111111111111,0.2190923317683881,0.36306729264475746
250214422042,0.07520891364902507,0.07799442896935933,0.403899721448468,0.4428969359331476
250214422043,0.18222722159730034,0.10348706411698538,0.19010123734533182,0.5241844769403825
250214431031,0.10368663594470046,0.07373271889400922,0.1336405529953917,0.6889400921658986
250214431032,0.07756232686980609,0.17174515235457063,0.39335180055401664,0.3573407202216066
250214431033,0.09239130434782608,0.11956521739130435,0.30434782608695654,0.483695652173913
250214431041,0.07577497129735936,0.19058553386911595,0.11595866819747416,0.6176808266360505
250214431042,0.04384133611691023,0.027139874739039668,0.21920668058455114,0.7098121085594989
250214431043,0.019867549668874173,0.0,0.11920529801324503,0.8609271523178808
250214431051,0.16,0.1032258064516129,0.33419354838709675,0.40258064516129033
250214431061,0.08349514563106795,0.10485436893203884,0.2796116504854369,0.5320388349514563
250214431062,0.25109649122807015,0.18859649122807018,0.28728070175438597,0.2730263157894737
250214431063,0.018497109826589597,0.07283236994219654,0.14219653179190753,0.7664739884393064
250214561011,0.03610675039246468,0.10675039246467818,0.31868131868131866,0.5384615384615384
250214561012,0.0,0.15959252971137522,0.2733446519524618,0.567062818336163
250214561021,0.1723756906077348,0.16795580110497238,0.39447513812154694,0.26519337016574585
250214561022,0.07050528789659224,0.15863689776733256,0.28437132784958874,0.4864864864864865
250214561023,0.057926829268292686,0.15853658536585366,0.5182926829268293,0.2652439024390244
250214562001,0.21164772727272727,0.05965909090909091,0.2556818181818182,0.47301136363636365
250214562002,0.05506607929515418,0.12334801762114538,0.21916299559471367,0.6024229074889867
250214563011,0.22816901408450704,0.1295774647887324,0.2507042253521127,0.39154929577464787
250214563012,0.1012216404886562,0.16404886561954624,0.4013961605584642,0.3333333333333333
250214563021,0.13095238095238096,0.27465986394557823,0.23299319727891157,0.36139455782312924
250214563022,0.09571788413098237,0.3022670025188917,0.24433249370277077,0.35768261964735515
250214563023,0.0,0.1950354609929078,0.4858156028368794,0.3191489361702128
250214563024,0.22328548644338117,0.12280701754385964,0.3333333333333333,0.32057416267942584
250214564011,0.11976047904191617,0.06287425149700598,0.3592814371257485,0.45808383233532934
250214564012,0.06368330464716007,0.07228915662650602,0.22203098106712565,0.6419965576592083
250214564021,0.07612456747404844,0.03460207612456748,0.06228373702422145,0.8269896193771626
250214564022,0.11894273127753303,0.15418502202643172,0.13656387665198239,0.5903083700440529
250214564023,0.01443298969072165,0.09587628865979382,0.20309278350515464,0.6865979381443299
250214564024,0.2113564668769716,0.0694006309148265,0.17665615141955837,0.5425867507886435
250214571001,0.060240963855421686,0.060240963855421686,0.1606425702811245,0.7188755020080321
250214571002,0.0,0.17832957110609482,0.2234762979683973,0.5981941309255079
250214571003,0.12264150943396226,0.1391509433962264,0.23349056603773585,0.5047169811320755
250214571004,0.11731843575418995,0.0297951582867784,0.36685288640595903,0.4860335195530726
250214572001,0.06711409395973154,0.10067114093959731,0.0,0.8322147651006712
250214572002,0.0,0.0,0.05803571428571429,0.9419642857142857
250214572003,0.07218683651804671,0.14437367303609341,0.22929936305732485,0.554140127388535
250214572004,0.0,0.080078125,0.15625,0.763671875
250214572005,0.0,0.0,0.09178743961352658,0.9082125603864735
250235001011,0.1338709677419355,0.05,0.1967741935483871,0.6193548387096774
250235001012,0.06756756756756757,0.125,0.14189189189189189,0.6655405405405406
250235001013,0.11603053435114503,0.11755725190839694,0.2152671755725191,0.5511450381679389
250235001031,0.11305518169582772,0.1386271870794078,0.1695827725437416,0.5787348586810229
250235001032,0.09409190371991247,0.06345733041575492,0.13129102844638948,0.7111597374179431
250235001041,0.11958762886597939,0.1134020618556701,0.16907216494845362,0.5979381443298969
250235001042,0.01834862385321101,0.08868501529051988,0.3363914373088685,0.5565749235474006
250235001043,0.0,0.1685082872928177,0.5,0.3314917127071823
250235001044,0.06896551724137931,0.09425287356321839,0.3103448275862069,0.5264367816091954
250235011011,0.2357142857142857,0.0380952380952381,0.09761904761904762,0.6285714285714286
250235011012,0.04337899543378995,0.045662100456621,0.1004566210045662,0.8105022831050228
250235011013,0.07909604519774012,0.2231638418079096,0.01977401129943503,0.6779661016949152
250235011021,0.11428571428571428,0.12467532467532468,0.17922077922077922,0.5818181818181818
250235011022,0.15548098434004473,0.04697986577181208,0.11409395973154363,0.6834451901565995
250235011023,0.01792573623559539,0.07042253521126761,0.04481434058898848,0.8668373879641486
250235011024,0.06466984343090537,0.05854322668481961,0.27161334240980256,0.6051735874744725
250235012011,0.11576354679802955,0.09852216748768473,0.08866995073891626,0.6970443349753694
250235012012,0.06604747162022703,0.008255933952528379,0.06707946336429309,0.8586171310629515
250235012031,0.22887323943661972,0.0,0.2746478873239437,0.4964788732394366
250235012032,0.024291497975708502,0.0,0.10931174089068826,0.8663967611336032
250235012041,0.027412280701754384,0.025219298245614034,0.22697368421052633,0.7203947368421053
250235012042,0.0,0.0,0.12341772151898735,0.8765822784810127
250235012043,0.2079646017699115,0.4646017699115044,0.23097345132743363,0.09646017699115045
250235021011,0.08915304606240713,0.07578008915304606,0.20802377414561665,0.6270430906389302
250235021012,0.0,0.05625,0.41875,0.525
250235021013,0.02959830866807611,0.15010570824524314,0.5010570824524313,0.3192389006342495
250235021014,0.10268948655256724,0.3410757946210269,0.18581907090464547,0.3704156479217604
250235021021,0.04011887072808321,0.12035661218424963,0.2362555720653789,0.6032689450222882
250235021022,0.09,0.15428571428571428,0.24285714285714285,0.5128571428571429
250235021023,0.30943396226415093,0.11509433962264151,0.2679245283018868,0.30754716981132074
250235022001,0.15019762845849802,0.08695652173913043,0.3662714097496706,0.3965744400527009
250235022002,0.18850987432675045,0.05206463195691203,0.38061041292639136,0.37881508078994613
250235022003,0.33102652825836215,0.10149942329873125,0.19953863898500576,0.3679354094579008
250235022004,0.04929577464788732,0.09507042253521127,0.25,0.6056338028169014
250235031011,0.15295629820051415,0.06683804627249357,0.2275064267352185,0.5526992287917738
250235031012,0.0,0.09176029962546817,0.15355805243445692,0.7546816479400749
250235031013,0.11069418386491557,0.0,0.150093808630394,0.7392120075046904
250235031014,0.0,0.1276595744680851,0.058027079303675046,0.8143133462282398
250235031021,0.0868421052631579,0.034210526315789476,0.1,0.7789473684210526
250235031022,0.037109375,0.02734375,0.08984375,0.845703125
250235031023,0.0,0.029304029304029304,0.10989010989010989,0.8608058608058609
250235031024,0.4489247311827957,0.0,0.11021505376344086,0.44086021505376344
250235031025,0.11834319526627218,0.07928994082840236,0.17041420118343195,0.6319526627218935
250235041011,0.04736129905277402,0.056833558863328824,0.10690121786197564,0.7889039242219216
250235041012,0.1352112676056338,0.03380281690140845,0.21549295774647886,0.6154929577464788
250235041013,0.06460674157303371,0.14887640449438203,0.199438202247191,0.5870786516853933
250235041021,0.036290322580645164,0.04838709677419355,0.1310483870967742,0.7842741935483871
250235041022,0.0,0.0,0.06734006734006734,0.9326599326599326
250235041023,0.014414414414414415,0.04684684684684685,0.15855855855855855,0.7801801801801802
250235041024,0.0,0.043478260869565216,0.1859903381642512,0.7705314009661836
250235051021,0.03183023872679045,0.0,0.1246684350132626,0.843501326259947
250235051022,0.08077544426494346,0.1583198707592892,0.210016155088853,0.5508885298869144
250235051023,0.0,0.12007874015748031,0.24015748031496062,0.639763779527559
250235051024,0.0,0.0,0.134375,0.865625
250235051031,0.0,0.01937984496124031,0.28552971576227393,0.6950904392764858
250235051032,0.06273062730627306,0.05904059040590406,0.16789667896678967,0.7103321033210332
250235051041,0.11764705882352941,0.0,0.13622291021671826,0.7461300309597523
250235051042,0.0,0.27635327635327633,0.2022792022792023,0.5213675213675214
250235051043,0.07090464547677261,0.1552567237163814,0.254278728606357,0.519559902200489
250235052011,0.0,0.12408759124087591,0.635036496350365,0.24087591240875914
250235052012,0.1949286846275753,0.07923930269413629,0.18858954041204437,0.5372424722662441
250235052021,0.0,0.0,0.38565022421524664,0.6143497757847534
250235052022,0.19339622641509435,0.036949685534591194,0.2672955974842767,0.5023584905660378
250235052023,0.06269113149847094,0.06116207951070336,0.24464831804281345,0.6314984709480123
250235061021,0.23550724637681159,0.0,0.17391304347826086,0.5905797101449275
250235061022,0.04054054054054054,0.0,0.22972972972972974,0.7297297297297297
250235061023,0.05825242718446602,0.22718446601941747,0.0,0.7145631067961165
250235061024,0.06796116504854369,0.0,0.14563106796116504,0.7864077669902912
250235061025,0.17590361445783131,0.3469879518072289,0.2385542168674699,0.2385542168674699
250235061026,0.05602716468590832,0.48047538200339557,0.21731748726655348,0.2461799660441426
250235061031,0.0,0.10185185185185185,0.42901234567901236,0.4691358024691358
250235061032,0.13997113997113997,0.07215007215007214,0.22655122655122656,0.5613275613275613
250235061041,0.03304347826086956,0.0,0.33217391304347826,0.6347826086956522
250235061042,0.0183585313174946,0.18466522678185746,0.1490280777537797,0.6479481641468683
250235062021,0.11100832562442182,0.10083256244218317,0.1692876965772433,0.6188714153561518
250235062031,0.1418732782369146,0.2630853994490358,0.22865013774104684,0.36639118457300274
250235062032,0.03907380607814761,0.22286541244573083,0.03907380607814761,0.6989869753979739
250235062033,0.12569832402234637,0.03212290502793296,0.1452513966480447,0.696927374301676
250235062051,0.0,0.11487481590574374,0.21207658321060383,0.6730486008836525
250235062052,0.09219858156028368,0.0,0.11347517730496454,0.7943262411347518
250235062061,0.5018867924528302,0.17358490566037735,0.2037735849056604,0.12075471698113208
250235062062,0.25,0.16225165562913907,0.27483443708609273,0.3129139072847682
250235062063,0.06948640483383686,0.11178247734138973,0.3474320241691843,0.47129909365558914
250235071011,0.047180667433831994,0.08860759493670886,0.22324510932105868,0.6409666283084005
250235071012,0.1921875,0.0734375,0.19375,0.540625
250235071013,0.05786618444846293,0.09403254972875226,0.05605786618444846,0.7920433996383364
250235071031,0.06796116504854369,0.05825242718446602,0.16747572815533981,0.7063106796116505
250235071032,0.10972568578553615,0.08478802992518704,0.04488778054862843,0.7605985037406484
250235071033,0.0,0.033942558746736295,0.45691906005221933,0.5091383812010444
250235071034,0.06140350877192982,0.10307017543859649,0.20175438596491227,0.6337719298245614
250235071041,0.043697478991596636,0.043697478991596636,0.15966386554621848,0.7529411764705882
250235071042,0.0627177700348432,0.0,0.313588850174216,0.6236933797909407
250235071043,0.11477411477411477,0.11721611721611722,0.36385836385836384,0.40415140415140416
250235071044,0.08461538461538462,0.12564102564102564,0.17435897435897435,0.6153846153846154
250235081011,0.04,0.029473684210526315,0.25894736842105265,0.671578947368421
250235081012,0.0,0.12195121951219512,0.08425720620842572,0.7937915742793792
250235081013,0.27459016393442626,0.0,0.07377049180327869,0.6516393442622951
250235081014,0.04297520661157025,0.08925619834710743,0.10743801652892562,0.7603305785123967
250235081015,0.04228855721393035,0.08955223880597014,0.263681592039801,0.6044776119402985
250235081021,0.039780521262002745,0.05898491083676269,0.29766803840877915,0.6035665294924554
250235081022,0.13218390804597702,0.0617816091954023,0.2471264367816092,0.5589080459770115
250235081023,0.15227272727272728,0.16363636363636364,0.27954545454545454,0.40454545454545454
250235082001,0.016129032258064516,0.1359447004608295,0.1152073732718894,0.7327188940092166
250235082002,0.1336283185840708,0.1495575221238938,0.18495575221238938,0.531858407079646
250235082003,0.05076923076923077,0.010769230769230769,0.13230769230769232,0.8061538461538461
250235091011,0.011988011988011988,0.43756243756243757,0.12687312687312688,0.42357642357642356
250235091012,0.13082039911308205,0.14412416851441243,0.08647450110864745,0.6385809312638581
250235091013,0.13901345291479822,0.03587443946188341,0.3183856502242152,0.5067264573991032
250235091014,0.09762202753441802,0.0,0.30663329161451813,0.5957446808510638
250235091021,0.07712082262210797,0.2622107969151671,0.17737789203084833,0.4832904884318766
250235091022,0.0,0.0635593220338983,0.4088983050847458,0.527542372881356
250235091023,0.1038961038961039,0.0,0.40584415584415584,0.4902597402597403
250235091024,0.0,0.12160413971539456,0.3053040103492885,0.5730918499353169
250235091025,0.051194539249146756,0.2354948805460751,0.14334470989761092,0.5699658703071673
250235101001,0.16698656429942418,0.14779270633397312,0.2476007677543186,0.43761996161228406
250235101002,0.0,0.14986376021798364,0.35149863760217986,0.4986376021798365
250235101003,0.072,0.0,0.196,0.732
250235101004,0.1382716049382716,0.04197530864197531,0.42962962962962964,0.39012345679012345
250235102001,0.03076923076923077,0.12051282051282051,0.25384615384615383,0.5948717948717949
250235102002,0.0,0.06605922551252848,0.4715261958997722,0.4624145785876993
250235102003,0.24242424242424243,0.0,0.3838383838383838,0.37373737373737376
250235102004,0.132829373650108,0.13390928725701945,0.357451403887689,0.3758099352051836
250235103001,0.35520684736091296,0.12268188302425106,0.23395149786019973,0.28815977175463625
250235103002,0.184,0.2986666666666667,0.3,0.21733333333333332
250235104001,0.2222222222222222,0.20952380952380953,0.44126984126984126,0.12698412698412698
250235104002,0.5515463917525774,0.17783505154639176,0.15721649484536082,0.1134020618556701
250235104003,0.02711864406779661,0.5661016949152542,0.2135593220338983,0.19322033898305085
250235104004,0.18620689655172415,0.09655172413793103,0.25517241379310346,0.46206896551724136
250235105011,0.19838056680161945,0.23481781376518218,0.4331983805668016,0.13360323886639677
250235105012,0.2457627118644068,0.2062146892655367,0.2598870056497175,0.288135593220339
250235105013,0.07871720116618076,0.17638483965014579,0.26239067055393583,0.48250728862973763
250235105031,0.3250283125707814,0.2276330690826727,0.38505096262740657,0.0622876557191393
250235105032,0.2832080200501253,0.15789473684210525,0.2857142857142857,0.2731829573934837
250235105033,0.21914357682619648,0.12090680100755667,0.29219143576826195,0.3677581863979849
250235105041,0.05474452554744526,0.354014598540146,0.36496350364963503,0.22627737226277372
250235105042,0.39095315024232635,0.23424878836833601,0.1938610662358643,0.18093699515347333
250235105051,0.2507836990595611,0.2309299895506792,0.17345872518286312,0.3448275862068966
250235105052,0.30984455958549223,0.22487046632124352,0.31917098445595854,0.1461139896373057
250235106001,0.0812720848056537,0.0,0.20848056537102475,0.7102473498233216
250235106002,0.06962025316455696,0.0,0.25316455696202533,0.6772151898734177
250235106003,0.016597510373443983,0.08506224066390042,0.24273858921161826,0.6556016597510373
250235107001,0.23972602739726026,0.3424657534246575,0.23972602739726026,0.1780821917808219
250235107002,0.10688836104513064,0.12589073634204276,0.2850356294536817,0.4821852731591449
250235107003,0.30945558739255014,0.22063037249283668,0.21203438395415472,0.25787965616045844
250235107004,0.017391304347826087,0.03188405797101449,0.14202898550724638,0.808695652173913
250235107005,0.11129848229342328,0.06913996627318718,0.13659359190556492,0.6829679595278246
250235108001,0.17703349282296652,0.33014354066985646,0.16267942583732056,0.33014354066985646
250235108002,0.24545454545454545,0.0,0.2863636363636364,0.4681818181818182
250235108003,0.6728395061728395,0.2037037037037037,0.12345679012345678,0.0
250235108004,0.04942339373970346,0.385502471169687,0.34761120263591433,0.21746293245469522
250235108005,0.38271604938271603,0.03292181069958848,0.5102880658436214,0.07407407407407407
250235108006,0.011686143572621035,0.2287145242070117,0.4958263772954925,0.2637729549248748
250235109001,0.4407114624505929,0.2885375494071146,0.24308300395256918,0.02766798418972332
250235109002,0.43664717348927873,0.2553606237816764,0.2709551656920078,0.037037037037037035
250235110001,0.16636528028933092,0.045207956600361664,0.47377938517179025,0.31464737793851716
250235110002,0.3464696223316913,0.277504105090312,0.2791461412151067,0.09688013136288999
250235111001,0.05530973451327434,0.17256637168141592,0.5033185840707964,0.2688053097345133
250235111002,0.06991525423728813,0.1440677966101695,0.3432203389830508,0.4427966101694915
250235111003,0.036016949152542374,0.07627118644067797,0.288135593220339,0.5995762711864406
250235112001,0.3497797356828194,0.0986784140969163,0.3568281938325991,0.1947136563876652
250235112002,0.23809523809523808,0.020833333333333332,0.5505952380952381,0.19047619047619047
250235112003,0.3897058823529412,0.22794117647058823,0.25183823529411764,0.13051470588235295
250235113011,0.24237140366172624,0.23714036617262424,0.15867480383609417,0.3618134263295554
250235113012,0.03349282296650718,0.430622009569378,0.3923444976076555,0.14354066985645933
250235113013,0.05917159763313609,0.378698224852071,0.24023668639053256,0.32189349112426036
250235113021,0.0797872340425532,0.03723404255319149,0.46808510638297873,0.4148936170212766
250235113022,0.26578073089701,0.17940199335548174,0.18272425249169436,0.37209302325581395
250235113023,0.18882175226586104,0.07250755287009064,0.3685800604229607,0.37009063444108764
250235114001,0.0,0.10152284263959391,0.7715736040609137,0.12690355329949238
250235114002,0.18789808917197454,0.12738853503184713,0.5286624203821656,0.15605095541401273
250235114003,0.1810344827586207,0.1788793103448276,0.4547413793103448,0.1853448275862069
250235114004,0.13427561837455831,0.2508833922261484,0.3674911660777385,0.24734982332155478
250235115001,0.21068249258160238,0.10089020771513353,0.32344213649851633,0.3649851632047478
250235115002,0.05660377358490566,0.2688679245283019,0.5471698113207547,0.12735849056603774
250235115003,0.15705765407554673,0.16302186878727634,0.36182902584493043,0.31809145129224653
250235115004,0.14905149051490515,0.3523035230352303,0.23577235772357724,0.26287262872628725
250235116011,0.22362204724409449,0.2,0.26614173228346455,0.3102362204724409
250235116012,0.1794871794871795,0.44871794871794873,0.3717948717948718,0.0
250235116013,0.11178861788617886,0.241869918699187,0.29065040650406504,0.3556910569105691
250235116021,0.05811623246492986,0.2124248496993988,0.16633266533066132,0.56312625250501
250235116022,0.5698234349919743,0.09470304975922954,0.0,0.33547351524879615
250235116023,0.020588235294117647,0.35,0.2676470588235294,0.36176470588235293
250235117011,0.1652892561983471,0.09917355371900827,0.24380165289256198,0.49173553719008267
250235117012,0.125,0.16725352112676056,0.20774647887323944,0.5
250235117013,0.0,0.04895104895104895,0.34265734265734266,0.6083916083916084
250235117014,0.035940803382663845,0.07610993657505286,0.30655391120507397,0.5813953488372093
250235117021,0.04800817160367722,0.1348314606741573,0.33094994892747703,0.48621041879468846
250235201001,0.0884450784593438,0.19258202567760344,0.11982881597717546,0.5991440798858774
250235201002,0.05572755417956656,0.0,0.3126934984520124,0.631578947368421
250235201003,0.1687289088863892,0.05961754780652419,0.06186726659167604,0.7097862767154106
250235201004,0.024390243902439025,0.2229965156794425,0.1951219512195122,0.5574912891986062
250235202011,0.30824372759856633,0.035842293906810034,0.24372759856630824,0.4121863799283154
250235202012,0.18165467625899281,0.12769784172661872,0.39388489208633093,0.29676258992805754
250235202013,0.04158790170132325,0.10964083175803403,0.21739130434782608,0.6313799621928167
250235202021,0.15535714285714286,0.25892857142857145,0.1375,0.44821428571428573
250235202022,0.04590570719602978,0.038461538461538464,0.1054590570719603,0.8101736972704715
250235202023,0.2644341801385681,0.07043879907621248,0.15473441108545036,0.5103926096997691
250235211011,0.1037037037037037,0.05740740740740741,0.3037037037037037,0.5351851851851852
250235211012,0.02005730659025788,0.10601719197707736,0.4183381088825215,0.45558739255014324
250235211013,0.13459119496855346,0.12327044025157233,0.2591194968553459,0.4830188679245283
250235211021,0.17398945518453426,0.14586994727592267,0.29701230228471004,0.38312829525483305
250235211022,0.20702179176755447,0.06779661016949153,0.2542372881355932,0.47094430992736075
250235212011,0.16796875,0.224609375,0.392578125,0.21484375
250235212012,0.11221590909090909,0.11221590909090909,0.19318181818181818,0.5823863636363636
250235212021,0.12349397590361445,0.06626506024096386,0.0783132530120482,0.7319277108433735
250235212022,0.0,0.277602523659306,0.2555205047318612,0.4668769716088328
250235212023,0.1,0.1,0.3567567567567568,0.44324324324324327
250235221011,0.027164685908319185,0.057724957555178265,0.4431239388794567,0.47198641765704585
250235221012,0.1341772151898734,0.0810126582278481,0.07848101265822785,0.7063291139240506
250235221013,0.0761904761904762,0.1365079365079365,0.24761904761904763,0.5396825396825397
250235221021,0.0757238307349666,0.23608017817371937,0.2884187082405345,0.3997772828507795
250235221022,0.10466988727858294,0.14170692431561996,0.13687600644122383,0.6167471819645732
250235221023,0.06480304955527319,0.10673443456162643,0.12833545108005082,0.7001270648030495
250235231001,0.08384710234278668,0.18495684340320592,0.2638717632552404,0.46732429099876693
250235231002,0.09722222222222222,0.03125,0.1875,0.6840277777777778
250235232011,0.07272727272727272,0.17777777777777778,0.20606060606060606,0.5434343434343434
250235232012,0.03483606557377049,0.0860655737704918,0.21106557377049182,0.6680327868852459
250235232031,0.06543624161073826,0.15100671140939598,0.2063758389261745,0.5771812080536913
250235232032,0.06364617044228695,0.11758360302049622,0.23300970873786409,0.5857605177993528
250235232041,0.2129032258064516,0.10451612903225807,0.28258064516129033,0.4
250235232042,0.02460456942003515,0.20913884007029876,0.30052724077328646,0.46572934973637964
250235241011,0.0,0.0738255033557047,0.38926174496644295,0.5369127516778524
250235241012,0.062095730918499355,0.09961190168175937,0.2871927554980595,0.5510996119016818
250235241021,0.1077943615257048,0.23051409618573798,0.13764510779436154,0.5240464344941956
250235241022,0.10752688172043011,0.10931899641577061,0.16845878136200718,0.6146953405017921
250235241023,0.058704453441295545,0.05465587044534413,0.27125506072874495,0.6153846153846154
250235251011,0.10427807486631016,0.07219251336898395,0.34759358288770054,0.47593582887700536
250235251012,0.08393039918116683,0.09621289662231321,0.2917093142272262,0.5281473899692938
250235251013,0.14012738853503184,0.17091295116772823,0.3662420382165605,0.3227176220806794
250235251041,0.051601423487544484,0.042704626334519574,0.24199288256227758,0.6637010676156584
250235251042,0.05846153846153846,0.09538461538461539,0.23076923076923078,0.6153846153846154
250235251043,0.03571428571428571,0.05803571428571429,0.11830357142857142,0.7879464285714286
250235251044,0.03990610328638498,0.08215962441314555,0.3568075117370892,0.5211267605633803
250235252041,0.0144,0.0128,0.1344,0.8384
250235252042,0.019011406844106463,0.057034220532319393,0.3517110266159696,0.5722433460076045
250235261001,0.0,0.12077294685990338,0.13526570048309178,0.7439613526570048
250235261002,0.11055276381909548,0.21608040201005024,0.135678391959799,0.5376884422110553
250235261003,0.13994910941475827,0.10178117048346055,0.4758269720101781,0.2824427480916031
250235261004,0.32083958020989506,0.1904047976011994,0.23388305847076463,0.25487256371814093
250235261005,0.0,0.0593607305936073,0.2115677321156773,0.7290715372907154
250235301001,0.08443271767810026,0.10686015831134564,0.16358839050131926,0.6451187335092349
250235301002,0.13784665579119088,0.20880913539967375,0.22430668841761828,0.4290375203915171
250235302001,0.3494845360824742,0.13195876288659794,0.30515463917525776,0.2134020618556701
250235302002,0.1179596174282678,0.23698193411264612,0.310308182784272,0.33475026567481403
250235303001,0.12075471698113208,0.4660377358490566,0.14528301886792452,0.2679245283018868
250235303002,0.14188034188034188,0.38461538461538464,0.23931623931623933,0.2341880341880342
250235303003,0.017582417582417582,0.0945054945054945,0.46813186813186813,0.4197802197802198
250235303004,0.14375,0.24583333333333332,0.45208333333333334,0.15833333333333333
250235304001,0.14191852825229961,0.278580814717477,0.26938239159001315,0.31011826544021026
250235304002,0.030120481927710843,0.0,0.16265060240963855,0.8072289156626506
250235304003,0.02313624678663239,0.13110539845758354,0.23136246786632392,0.6143958868894601
250235304004,0.0,0.04437869822485207,0.11242603550295859,0.8431952662721893
250235305001,0.07205240174672489,0.1703056768558952,0.10480349344978165,0.6528384279475983
250235305002,0.4574712643678161,0.09655172413793103,0.26436781609195403,0.18160919540229886
250235305003,0.23809523809523808,0.22556390977443608,0.18546365914786966,0.3508771929824561
250235305004,0.05862068965517241,0.0,0.4379310344827586,0.503448275862069
250235305005,0.14244604316546763,0.13093525179856116,0.26762589928057556,0.4589928057553957
250235306001,0.0,0.14218009478672985,0.1848341232227488,0.6729857819905213
250235306002,0.0,0.027848101265822784,0.3468354430379747,0.6253164556962025
250235306003,0.0,0.13646055437100213,0.19616204690831557,0.6673773987206824
250235306004,0.06010016694490818,0.11686143572621036,0.2303839732888147,0.5926544240400667
250235306005,0.0,0.033846153846153845,0.48615384615384616,0.48
250235307001,0.020491803278688523,0.14754098360655737,0.5314207650273224,0.3005464480874317
250235307002,0.15103734439834024,0.1045643153526971,0.3087136929460581,0.43568464730290457
250235307003,0.08211143695014662,0.07038123167155426,0.14173998044965788,0.7057673509286413
250235308011,0.07483794932233354,0.15085444902769593,0.1850324101355333,0.5892751915144372
250235308012,0.08375,0.02,0.1775,0.71875
250235308021,0.13909774436090225,0.045112781954887216,0.5639097744360902,0.2518796992481203
250235308022,0.0,0.21587301587301588,0.26666666666666666,0.5174603174603175
250235308023,0.06088560885608856,0.16605166051660517,0.2693726937269373,0.503690036900369
250235308024,0.05241090146750524,0.05660377358490566,0.389937106918239,0.5010482180293501
250235308025,0.0,0.1315136476426799,0.15632754342431762,0.7121588089330024
250235309021,0.06341463414634146,0.1024390243902439,0.19634146341463415,0.6378048780487805
250235309022,0.023228803716608595,0.13008130081300814,0.389082462253194,0.45760743321718933
250235309031,0.07158836689038031,0.06711409395973154,0.3378076062639821,0.5234899328859061
250235309032,0.1590493601462523,0.2303473491773309,0.25685557586837293,0.3537477148080439
250235309033,0.08912655971479501,0.0,0.2531194295900178,0.6577540106951871
250235309041,0.06854838709677419,0.10887096774193548,0.35786290322580644,0.4647177419354839
250235309042,0.096875,0.015625,0.33125,0.55625
250235401011,0.04145077720207254,0.15803108808290156,0.36787564766839376,0.4326424870466321
250235401012,0.07861635220125786,0.17295597484276728,0.449685534591195,0.29874213836477986
250235401013,0.23529411764705882,0.1676470588235294,0.25882352941176473,0.3382352941176471
250235401021,0.07820646506777894,0.09176225234619395,0.2523461939520334,0.5776850886339937
250235401031,0.05357142857142857,0.05119047619047619,0.23452380952380952,0.6607142857142857
250235401032,0.024205748865355523,0.01059001512859304,0.10741301059001512,0.8577912254160364
250235411001,0.010062893081761006,0.0729559748427673,0.33584905660377357,0.5811320754716981
250235411002,0.07033248081841433,0.07672634271099744,0.18414322250639387,0.6687979539641944
250235411003,0.06768558951965066,0.039301310043668124,0.37336244541484714,0.519650655021834
250235421011,0.09823182711198428,0.13555992141453832,0.3005893909626719,0.4656188605108055
250235421012,0.01394585726004922,0.2969647251845775,0.28465955701394585,0.4044298605414274
250235421013,0.05141388174807198,0.04884318766066838,0.38431876606683807,0.5154241645244216
250235421014,0.12544802867383512,0.12544802867383512,0.2974910394265233,0.45161290322580644
250235421021,0.14694280078895464,0.10650887573964497,0.35502958579881655,0.3915187376725838
250235422001,0.0,0.21954022988505748,0.2689655172413793,0.5114942528735632
250235422002,0.11372549019607843,0.25098039215686274,0.32784313725490194,0.30745098039215685
250235422003,0.054009819967266774,0.2193126022913257,0.2945990180032733,0.4320785597381342
250235423011,0.16302765647743814,0.20232896652110627,0.22416302765647744,0.4104803493449782
250235423012,0.33459357277882795,0.19848771266540643,0.10586011342155009,0.3610586011342155
250235423013,0.0,0.08080808080808081,0.3409090909090909,0.5782828282828283
250235423021,0.485,0.17,0.06,0.285
250235423022,0.24518613607188702,0.1386392811296534,0.22721437740693196,0.3889602053915276
250235423023,0.26506024096385544,0.153184165232358,0.37521514629948366,0.20654044750430292
250235431001,0.1385237613751264,0.05055611729019211,0.26693629929221435,0.5439838220424671
250235441001,0.14029850746268657,0.15223880597014924,0.25671641791044775,0.4507462686567164
250235441002,0.056338028169014086,0.13771517996870108,0.486697965571205,0.3192488262910798
250235441003,0.06417910447761194,0.10895522388059702,0.41044776119402987,0.4164179104477612
250235441004,0.26436781609195403,0.13793103448275862,0.3195402298850575,0.27816091954022987
250235442001,0.20121951219512196,0.31341463414634146,0.20609756097560974,0.27926829268292686
250235442002,0.09223300970873786,0.2022653721682848,0.3851132686084142,0.32038834951456313
250235442003,0.18763326226012794,0.18550106609808104,0.3390191897654584,0.2878464818763326
250235442004,0.15709969788519637,0.18126888217522658,0.2809667673716012,0.3806646525679758
250235451001,0.20962566844919786,0.32620320855614976,0.3764705882352941,0.0877005347593583
250235451002,0.12341772151898735,0.1550632911392405,0.22784810126582278,0.4936708860759494
250235451003,0.031088082901554404,0.07512953367875648,0.23488773747841105,0.6588946459412781
250235451004,0.1440501043841336,0.29227557411273486,0.2609603340292276,0.302713987473904
250235452001,0.06597222222222222,0.28125,0.10416666666666667,0.5486111111111112
250235452002,0.11412268188302425,0.04850213980028531,0.42368045649072755,0.4136947218259629
250235452003,0.11658653846153846,0.2668269230769231,0.23557692307692307,0.38100961538461536
250235452004,0.20216216216216215,0.2864864864864865,0.25405405405405407,0.2572972972972973
250235453001,0.249185667752443,0.2703583061889251,0.15472312703583063,0.3257328990228013
250235453002,0.1673728813559322,0.1440677966101695,0.5317796610169492,0.15677966101694915
250235453003,0.044444444444444446,0.11428571428571428,0.4507936507936508,0.3904761904761905
250235453004,0.2393026941362916,0.08557844690966719,0.4611727416798732,0.21394611727416799
250235454001,0.05401459854014599,0.024817518248175182,0.6671532846715329,0.25401459854014596
250235454002,0.09343936381709742,0.3558648111332008,0.39165009940357853,0.15904572564612326
250235454003,0.06722689075630252,0.19747899159663865,0.47478991596638653,0.2605042016806723
250235454004,0.4600484261501211,0.1016949152542373,0.39709443099273606,0.04116222760290557
250235454005,0.16516129032258065,0.38838709677419353,0.2761290322580645,0.1703225806451613
250235601001,0.07297830374753451,0.17159763313609466,0.23668639053254437,0.5187376725838264
250235601002,0.0,0.0,0.7905138339920948,0.20948616600790515
250235601003,0.018439716312056736,0.2297872340425532,0.16028368794326242,0.5914893617021276
250235601004,0.07260273972602739,0.07671232876712329,0.35753424657534244,0.4931506849315068
250235601005,0.11363636363636363,0.045454545454545456,0.045454545454545456,0.7954545454545454
250235601006,0.02569593147751606,0.017130620985010708,0.5139186295503212,0.44325481798715205
250235611001,0.06846473029045644,0.058091286307053944,0.2551867219917012,0.6182572614107884
250235611002,0.04892966360856269,0.1345565749235474,0.41284403669724773,0.4036697247706422
250235611003,0.0821917808219178,0.0410958904109589,0.2493150684931507,0.6273972602739726
250235611004,0.24285714285714285,0.09047619047619047,0.15714285714285714,0.5095238095238095
250235611005,0.0,0.08042895442359249,0.39946380697050937,0.5201072386058981
250235614001,0.11882229232386961,0.1819137749737119,0.29652996845425866,0.4027339642481598
250235614002,0.07202993451824134,0.3713751169317119,0.16089803554724041,0.39569691300280635
250235614003,0.025878003696857672,0.04805914972273567,0.21811460258780038,0.7079482439926063
250239802001,0.1111111111111111,0.0,0.3333333333333333,0.5555555555555556
250239803001,0.8666666666666667,0.0,0.0,0.13333333333333333
250250001011,0.06918238993710692,0.18553459119496854,0.22641509433962265,0.5188679245283019
250250001012,0.0,0.023076923076923078,0.2076923076923077,0.7692307692307693
250250001021,0.0,0.06282722513089005,0.2905759162303665,0.6465968586387435
250250001022,0.2025691699604743,0.12154150197628459,0.17885375494071146,0.49703557312252966
250250002011,0.09131403118040089,0.133630289532294,0.3051224944320713,0.46993318485523383
250250002012,0.07823960880195599,0.1198044009779951,0.10268948655256724,0.6992665036674817
250250002013,0.234,0.044,0.186,0.536
250250002014,0.0410958904109589,0.2328767123287671,0.2557077625570776,0.4703196347031963
250250002021,0.1015625,0.14453125,0.20703125,0.546875
250250002022,0.0,0.3181818181818182,0.10353535353535354,0.5782828282828283
250250002023,0.2857142857142857,0.14403778040141677,0.16883116883116883,0.4014167650531287
250250003011,0.0,0.10116731517509728,0.19455252918287938,0.7042801556420234
250250003012,0.01730103806228374,0.0,0.1695501730103806,0.8131487889273357
250250003013,0.08099688473520249,0.021806853582554516,0.16199376947040497,0.735202492211838
250250003014,0.04746835443037975,0.08227848101265822,0.28164556962025317,0.5886075949367089
250250003021,0.050880626223091974,0.15264187866927592,0.27984344422700586,0.5166340508806262
250250003022,0.07052896725440806,0.06297229219143577,0.34886649874055414,0.517632241813602
250250004011,0.0,0.04946236559139785,0.5494623655913978,0.4010752688172043
250250004012,0.039627039627039624,0.037296037296037296,0.4801864801864802,0.4428904428904429
250250004013,0.18181818181818182,0.0975609756097561,0.2638580931263858,0.4567627494456763
250250004014,0.5814606741573034,0.05898876404494382,0.12827715355805244,0.23127340823970038
250250004021,0.1436893203883495,0.18446601941747573,0.34368932038834954,0.32815533980582523
250250004022,0.04797047970479705,0.055350553505535055,0.28044280442804426,0.6162361623616236
250250004023,0.04779411764705882,0.025735294117647058,0.2867647058823529,0.6397058823529411
250250005021,0.13409961685823754,0.10727969348659004,0.3160919540229885,0.4425287356321839
250250005022,0.09210526315789473,0.20526315789473684,0.2131578947368421,0.48947368421052634
250250005023,0.3448753462603878,0.14958448753462603,0.25069252077562326,0.2548476454293629
250250005031,0.061971830985915494,0.05070422535211268,0.29295774647887324,0.5943661971830986
250250005032,0.11488250652741515,0.1227154046997389,0.4308093994778068,0.33159268929503916
250250005051,0.08360128617363344,0.18971061093247588,0.3665594855305466,0.36012861736334406
250250005052,0.44785276073619634,0.10633946830265849,0.2658486707566462,0.17995910020449898
250250005053,0.30708661417322836,0.2952755905511811,0.08267716535433071,0.31496062992125984
250250005061,0.45652173913043476,0.06376811594202898,0.2391304347826087,0.24057971014492754
250250005062,0.06493506493506493,0.16558441558441558,0.2224025974025974,0.547077922077922
250250006011,0.06944444444444445,0.037037037037037035,0.1574074074074074,0.7361111111111112
250250006012,0.08548707753479125,0.17693836978131214,0.21669980119284293,0.5208747514910537
250250006013,0.08540925266903915,0.09252669039145907,0.24199288256227758,0.5800711743772242
250250006014,0.14317673378076062,0.09395973154362416,0.30201342281879195,0.4608501118568233
250250006031,0.543859649122807,0.0912280701754386,0.22690058479532163,0.13801169590643275
250250006041,0.4519685039370079,0.12913385826771653,0.1763779527559055,0.24251968503937008
250250006042,0.17058823529411765,0.19215686274509805,0.4019607843137255,0.23529411764705882
250250007011,0.1391941391941392,0.10989010989010989,0.4139194139194139,0.336996336996337
250250007012,0.38235294117647056,0.21764705882352942,0.2529411764705882,0.14705882352941177
250250007013,0.11577608142493638,0.11959287531806616,0.3969465648854962,0.36768447837150126
250250007014,0.2871927554980595,0.10866752910737387,0.21604139715394566,0.38809831824062097
250250007031,0.42061855670103093,0.21443298969072164,0.2,0.16494845360824742
250250007032,0.2972972972972973,0.23095823095823095,0.25307125307125306,0.21867321867321868
250250007041,0.18627450980392157,0.07516339869281045,0.35294117647058826,0.38562091503267976
250250007042,0.1257995735607676,0.1044776119402985,0.27505330490405117,0.4946695095948827
250250007043,0.15873015873015872,0.29931972789115646,0.2857142857142857,0.2562358276643991
250250007044,0.3298611111111111,0.2204861111111111,0.328125,0.12152777777777778
250250008041,0.12680577849117175,0.27608346709470305,0.1332263242375602,0.463884430176565
250250008042,0.09043478260869565,0.12347826086956522,0.24347826086956523,0.542608695652174
250250008051,0.3179190751445087,0.08285163776493257,0.17341040462427745,0.4258188824662813
250250008052,0.2359882005899705,0.3008849557522124,0.20353982300884957,0.25958702064896755
250250008053,0.26973684210526316,0.34210526315789475,0.07017543859649122,0.31798245614035087
250250008061,0.0,0.0,1.0,0.0
250250008062,0.291044776119403,0.11194029850746269,0.29701492537313434,0.3
250250101031,0.3116438356164384,0.3904109589041096,0.05136986301369863,0.2465753424657534
250250101032,0.0,0.0,0.0,1.0
250250101033,0.7192982456140351,0.12280701754385964,0.15789473684210525,0.0
250250101041,0.24608150470219436,0.08150470219435736,0.21316614420062696,0.4592476489028213
250250101042,0.2554585152838428,0.07641921397379912,0.2685589519650655,0.39956331877729256
250250101043,0.5815899581589958,0.03556485355648536,0.19665271966527198,0.18619246861924685
250250102041,0.5555555555555556,0.15432098765432098,0.12962962962962962,0.16049382716049382
250250102042,0.4005167958656331,0.04909560723514212,0.11369509043927649,0.43669250645994834
250250102043,0.3268398268398268,0.170995670995671,0.2792207792207792,0.22294372294372294
250250102051,0.5016181229773463,0.03398058252427184,0.20064724919093851,0.26375404530744334
250250102052,0.1514726507713885,0.06591865357643759,0.5680224403927069,0.21458625525946703
250250102053,0.33925925925925926,0.22518518518518518,0.08444444444444445,0.3511111111111111
250250102054,0.3787878787878788,0.2727272727272727,0.05627705627705628,0.2922077922077922
250250102061,0.17857142857142858,0.16428571428571428,0.16428571428571428,0.4928571428571429
250250102062,0.5413105413105413,0.06837606837606838,0.3504273504273504,0.039886039886039885
250250103001,0.5591397849462365,0.27956989247311825,0.08602150537634409,0.07526881720430108
250250103002,0.06153846153846154,0.1,0.4230769230769231,0.4153846153846154
250250104031,0.4419753086419753,0.2814814814814815,0.15555555555555556,0.12098765432098765
250250104032,0.42936802973977695,0.34014869888475835,0.1654275092936803,0.06505576208178439
250250104033,0.24107142857142858,0.0744047619047619,0.1875,0.49702380952380953
250250104041,0.302158273381295,0.11510791366906475,0.4172661870503597,0.16546762589928057
250250104042,0.4585365853658537,0.23414634146341465,0.17073170731707318,0.13658536585365855
250250104043,0.5719298245614035,0.09649122807017543,0.2771929824561403,0.054385964912280704
250250104044,0.4921259842519685,0.17716535433070865,0.14173228346456693,0.1889763779527559
250250104051,1.0,0.0,0.0,0.0
250250104052,0.5228628230616302,0.11928429423459244,0.22266401590457258,0.13518886679920478
250250104053,0.7022058823529411,0.22794117647058823,0.05514705882352941,0.014705882352941176
250250104081,0.2126642771804062,0.11230585424133811,0.3966547192353644,0.27837514934289126
250250105001,0.275,0.11136363636363636,0.25681818181818183,0.3568181818181818
250250105002,0.3347050754458162,0.40329218106995884,0.08367626886145405,0.17832647462277093
250250105003,0.21428571428571427,0.11904761904761904,0.3826530612244898,0.28401360544217685
250250106001,0.1781874039938556,0.07680491551459294,0.18740399385560677,0.5576036866359447
250250106002,0.27130852340936373,0.08283313325330131,0.11404561824729892,0.531812725090036
250250106003,0.22887323943661972,0.14964788732394366,0.2992957746478873,0.3221830985915493
250250107011,0.22350230414746544,0.055299539170506916,0.14746543778801843,0.5737327188940092
250250107012,0.00963855421686747,0.014457831325301205,0.23373493975903614,0.7421686746987952
250250107013,0.056372549019607844,0.04411764705882353,0.12009803921568628,0.7794117647058824
250250107021,0.042643923240938165,0.05970149253731343,0.16204690831556504,0.7356076759061834
250250107022,0.08529411764705883,0.03529411764705882,0.2529411764705882,0.6264705882352941
250250107023,0.07024029574861368,0.018484288354898338,0.28835489833641403,0.6229205175600739
250250108011,0.09734513274336283,0.1415929203539823,0.2448377581120944,0.5162241887905604
250250108012,0.21505376344086022,0.03225806451612903,0.2114695340501792,0.5412186379928315
250250108013,0.1921921921921922,0.06156156156156156,0.13513513513513514,0.6111111111111112
250250108021,0.1034928848641656,0.0038809831824062097,0.19663648124191463,0.6959896507115135
250250108022,0.15395894428152493,0.02346041055718475,0.1744868035190616,0.6480938416422287
250250108023,0.0868421052631579,0.05789473684210526,0.23157894736842105,0.6236842105263158
250250201011,0.0,0.0,0.27631578947368424,0.7236842105263158
250250201012,0.0814111261872456,0.07598371777476255,0.18453188602442333,0.6580732700135685
250250201013,0.07702888583218707,0.061898211829436035,0.1939477303988996,0.6671251719394773
250250201014,0.0,0.01729559748427673,0.3553459119496855,0.6273584905660378
250250202001,0.31370038412291934,0.020486555697823303,0.2752880921895006,0.3905249679897567
250250202002,0.1219047619047619,0.049523809523809526,0.23047619047619047,0.5980952380952381
250250202003,0.0837138508371385,0.0654490106544901,0.1537290715372907,0.6971080669710806
250250203011,0.21207177814029363,0.08238172920065252,0.1729200652528548,0.532626427406199
250250203021,0.11895910780669144,0.08550185873605948,0.1970260223048327,0.5985130111524164
250250203041,0.18761384335154827,0.018214936247723135,0.10564663023679417,0.6885245901639344
250250203042,0.06315789473684211,0.0,0.0,0.9368421052631579
250250203051,0.23053892215568864,0.0,0.11676646706586827,0.6526946107784432
250250203052,0.19473319473319473,0.07345807345807345,0.1288981288981289,0.6029106029106029
250250301001,0.17134416543574593,0.11521418020679468,0.2688330871491876,0.4446085672082718
250250301002,0.041121495327102804,0.028037383177570093,0.27850467289719627,0.6523364485981309
250250302001,0.10465116279069768,0.0,0.31007751937984496,0.5852713178294574
250250302002,0.11389521640091116,0.09339407744874716,0.20956719817767655,0.5831435079726651
250250303011,0.11277173913043478,0.05434782608695652,0.18070652173913043,0.6521739130434783
250250303012,0.0,0.0,0.29545454545454547,0.7045454545454546
250250303021,0.15636363636363637,0.012121212121212121,0.2593939393939394,0.5721212121212121
250250304001,0.0,0.1286549707602339,0.3742690058479532,0.49707602339181284
250250304002,0.056402439024390245,0.08841463414634146,0.4375,0.4176829268292683
250250304003,0.0841799709724238,0.08127721335268505,0.43541364296081275,0.3991291727140784
250250304004,0.16625,0.03625,0.0925,0.705
250250305001,0.19504643962848298,0.04643962848297214,0.10835913312693499,0.6501547987616099
250250305002,0.08450704225352113,0.08450704225352113,0.2676056338028169,0.5633802816901409
250250305003,0.10614525139664804,0.0223463687150838,0.35195530726256985,0.5195530726256983
250250401001,0.24819277108433735,0.04578313253012048,0.04819277108433735,0.6578313253012048
250250401002,0.08575031525851198,0.08701134930643127,0.13114754098360656,0.6960907944514502
250250402001,0.45318352059925093,0.2696629213483146,0.2247191011235955,0.052434456928838954
250250402002,0.060240963855421686,0.016867469879518072,0.0891566265060241,0.8337349397590361
250250403001,0.39634146341463417,0.11585365853658537,0.2804878048780488,0.2073170731707317
250250403002,0.0,0.034482758620689655,0.1545338441890166,0.8109833971902938
250250403003,0.01832460732984293,0.0,0.16753926701570682,0.8141361256544503
250250403004,0.03296703296703297,0.08516483516483517,0.23901098901098902,0.6428571428571429
250250403005,0.03076923076923077,0.11384615384615385,0.12307692307692308,0.7323076923076923
250250404011,0.15700737618545837,0.10642781875658588,0.220231822971549,0.5163329820864068
250250404012,0.05319148936170213,0.13829787234042554,0.2127659574468085,0.5957446808510638
250250406001,0.14719626168224298,0.08644859813084112,0.11098130841121495,0.655373831775701
250250406002,0.04216867469879518,0.03132530120481928,0.05301204819277108,0.8734939759036144
250250408011,0.7078651685393258,0.1303370786516854,0.11235955056179775,0.04943820224719101
250250408012,0.3159509202453988,0.30368098159509205,0.3006134969325153,0.07975460122699386
250250408013,0.07584269662921349,0.04073033707865169,0.1446629213483146,0.7387640449438202
250250501011,0.17177914110429449,0.06288343558282208,0.4447852760736196,0.3205521472392638
250250501012,0.49770290964777947,0.31852986217457885,0.10719754977029096,0.07656967840735068
250250501013,0.07078039927404718,0.1161524500907441,0.35934664246823955,0.4537205081669691
250250502001,0.26474622770919065,0.10973936899862825,0.3374485596707819,0.2880658436213992
250250502002,0.20284697508896798,0.1423487544483986,0.31494661921708184,0.3398576512455516
250250502003,0.05687203791469194,0.2843601895734597,0.20853080568720378,0.45023696682464454
250250502004,0.016666666666666666,0.3,0.5633333333333334,0.12
250250503001,0.1522491349480969,0.08131487889273356,0.3875432525951557,0.3788927335640138
250250503002,0.27309236947791166,0.14056224899598393,0.4859437751004016,0.10040160642570281
250250503003,0.5938337801608579,0.08981233243967829,0.021447721179624665,0.2949061662198391
250250504001,0.41919191919191917,0.045454545454545456,0.31313131313131315,0.2222222222222222
250250504002,0.23001230012300122,0.07872078720787208,0.2816728167281673,0.4095940959409594
250250505001,0.049,0.223,0.271,0.457
250250506001,0.20484581497797358,0.04185022026431718,0.33480176211453744,0.4185022026431718
250250506002,0.10778443113772455,0.18263473053892215,0.4161676646706587,0.2934131736526946
250250507001,0.0935374149659864,0.24829931972789115,0.4744897959183674,0.1836734693877551
250250507002,0.11406844106463879,0.20152091254752852,0.4866920152091255,0.19771863117870722
250250507003,0.06504065040650407,0.22560975609756098,0.22764227642276422,0.4817073170731707
250250509011,0.034904013961605584,0.21465968586387435,0.2774869109947644,0.47294938917975565
250250509012,0.061224489795918366,0.0326530612244898,0.4122448979591837,0.49387755102040815
250250509013,0.18100890207715134,0.1572700296735905,0.36795252225519287,0.29376854599406527
250250510001,0.07918968692449356,0.1998158379373849,0.3360957642725598,0.3848987108655617
250250510002,0.5442477876106194,0.0752212389380531,0.20575221238938052,0.1747787610619469
250250510003,0.05764411027568922,0.22556390977443608,0.2807017543859649,0.43609022556390975
250250511011,0.043154761904761904,0.1875,0.35714285714285715,0.41220238095238093
250250511012,0.33574007220216606,0.12364620938628158,0.4214801444043321,0.11913357400722022
250250511013,0.09502262443438914,0.17420814479638008,0.07239819004524888,0.6583710407239819
250250511014,0.07885304659498207,0.13978494623655913,0.5591397849462365,0.2222222222222222
250250512001,0.17714285714285713,0.03142857142857143,0.09714285714285714,0.6942857142857143
250250512002,0.225140712945591,0.1275797373358349,0.2870544090056285,0.3602251407129456
250250512003,0.0425531914893617,0.08687943262411348,0.26773049645390073,0.6028368794326241
250250601011,0.012345679012345678,0.04938271604938271,0.19958847736625515,0.7386831275720165
250250601012,0.0,0.10377358490566038,0.14465408805031446,0.7515723270440252
250250601013,0.015909090909090907,0.125,0.24545454545454545,0.6136363636363636
250250601014,0.06483790523690773,0.06733167082294264,0.28428927680798005,0.5835411471321695
250250602001,0.16857142857142857,0.08285714285714285,0.1457142857142857,0.6028571428571429
250250602002,0.05849056603773585,0.08490566037735849,0.22641509433962265,0.630188679245283
250250603011,0.19444444444444445,0.0798611111111111,0.013888888888888888,0.7118055555555556
250250603012,0.023404255319148935,0.023404255319148935,0.19574468085106383,0.7574468085106383
250250603013,0.08943089430894309,0.02113821138211382,0.18699186991869918,0.7024390243902439
250250604001,0.10590277777777778,0.043402777777777776,0.1753472222222222,0.6753472222222222
250250604002,0.0,0.02867383512544803,0.2724014336917563,0.6989247311827957
250250604003,0.0,0.10746812386156648,0.20947176684881602,0.6830601092896175
250250604004,0.05693069306930693,0.1188118811881188,0.024752475247524754,0.7995049504950495
250250604005,0.0,0.0,0.14689265536723164,0.8531073446327684
250250605011,0.058823529411764705,0.07692307692307693,0.26244343891402716,0.6018099547511312
250250605012,0.07494145199063232,0.0,0.14754098360655737,0.7775175644028103
250250605013,0.0,0.0,0.24248927038626608,0.7575107296137339
250250605014,0.12259615384615384,0.08173076923076923,0.18269230769230768,0.6129807692307693
250250605015,0.04044943820224719,0.04943820224719101,0.18202247191011237,0.7280898876404495
250250606011,0.15520628683693516,0.04223968565815324,0.054027504911591355,0.7485265225933202
250250606021,0.19583333333333333,0.09166666666666666,0.0,0.7125
250250606031,0.03275109170305677,0.03056768558951965,0.2292576419213974,0.7074235807860262
250250606041,0.02857142857142857,0.045714285714285714,0.10285714285714286,0.8228571428571428
250250606042,0.05223880597014925,0.06716417910447761,0.07761194029850746,0.8029850746268656
250250607001,0.5,0.1674641148325359,0.291866028708134,0.04066985645933014
250250607002,0.7481884057971014,0.17572463768115942,0.057971014492753624,0.018115942028985508
250250608001,0.0,0.0,0.08423913043478261,0.9157608695652174
250250608002,0.0,0.11447811447811448,0.1111111111111111,0.7744107744107744
250250608003,0.03079416531604538,0.0,0.13290113452188007,0.8363047001620746
250250608004,0.17887323943661973,0.09154929577464789,0.2140845070422535,0.5154929577464789
250250610001,0.05758426966292135,0.023876404494382022,0.21207865168539325,0.7064606741573034
250250610002,0.44673539518900346,0.49828178694158076,0.05154639175257732,0.003436426116838488
250250610003,0.30103806228373703,0.4740484429065744,0.16262975778546712,0.06228373702422145
250250611011,0.5230352303523035,0.3035230352303523,0.018970189701897018,0.15447154471544716
250250611012,0.6781456953642384,0.20794701986754968,0.09006622516556291,0.02384105960264901
250250612011,0.31573157315731576,0.0517051705170517,0.11551155115511551,0.517051705170517
250250612031,0.0,0.01028999064546305,0.09635173058933583,0.8933582787652011
250250612041,0.026771653543307086,0.07401574803149606,0.2204724409448819,0.6787401574803149
250250701021,0.6975476839237057,0.11716621253405994,0.0,0.18528610354223432
250250701022,0.20094936708860758,0.08702531645569621,0.1819620253164557,0.5300632911392406
250250701023,0.0,0.4811320754716981,0.27358490566037735,0.24528301886792453
250250701031,0.15319148936170213,0.28085106382978725,0.2765957446808511,0.28936170212765955
250250701041,0.14563106796116504,0.0,0.1029126213592233,0.7514563106796116
250250701042,0.08620689655172414,0.0,0.21120689655172414,0.7025862068965517
250250701043,0.36186770428015563,0.06809338521400778,0.03501945525291829,0.5350194552529183
250250702011,0.5994897959183674,0.375,0.025510204081632654,0.0
250250702012,0.17810760667903525,0.014842300556586271,0.18923933209647495,0.6178107606679035
250250702021,0.31011826544021026,0.14126149802890933,0.14848883048620237,0.40013140604467806
250250702022,0.519163763066202,0.3554006968641115,0.1254355400696864,0.0
250250703011,0.2074074074074074,0.1037037037037037,0.047407407407407405,0.6414814814814814
250250703012,0.0,0.06039076376554174,0.13321492007104796,0.8063943161634103
250250703021,0.171021377672209,0.09501187648456057,0.04513064133016627,0.6888361045130641
250250703022,0.19273743016759776,0.0,0.0,0.8072625698324022
250250703023,0.5327868852459017,0.0,0.1284153005464481,0.33879781420765026
250250704021,0.13445378151260504,0.059873949579831935,0.22899159663865545,0.5766806722689075
250250704022,0.5787037037037037,0.2638888888888889,0.09104938271604938,0.06635802469135803
250250705011,0.0,0.026455026455026454,0.15343915343915343,0.8201058201058201
250250705012,0.3844221105527638,0.09296482412060302,0.12060301507537688,0.4020100502512563
250250705021,0.17024793388429751,0.12892561983471074,0.05619834710743802,0.6446280991735537
250250705022,0.6617538688282977,0.13927781871775977,0.06853352984524687,0.13043478260869565
250250706001,0.1607843137254902,0.03725490196078431,0.11372549019607843,0.6882352941176471
250250706002,0.02996845425867508,0.0,0.025236593059936908,0.944794952681388
250250707001,0.38235294117647056,0.19117647058823528,0.04852941176470588,0.3779411764705882
250250707002,0.02306805074971165,0.1118800461361015,0.11534025374855825,0.7497116493656286
250250708011,0.16636851520572452,0.22719141323792486,0.07692307692307693,0.5295169946332737
250250708021,0.3056379821958457,0.06330365974282888,0.2324431256181998,0.39861523244312563
250250708022,0.13692946058091288,0.07883817427385892,0.2946058091286307,0.4896265560165975
250250709011,0.4984894259818731,0.1903323262839879,0.15861027190332327,0.15256797583081572
250250709021,0.39065420560747666,0.041121495327102804,0.12897196261682242,0.4392523364485981
250250709022,0.14885496183206107,0.12022900763358779,0.05916030534351145,0.6717557251908397
250250711011,0.054613935969868174,0.0583804143126177,0.20527306967984935,0.6817325800376648
250250711012,0.2764084507042254,0.22535211267605634,0.45422535211267606,0.04401408450704225
250250711013,0.4099462365591398,0.06854838709677419,0.11424731182795698,0.40725806451612906
250250711014,0.0471976401179941,0.05014749262536873,0.3333333333333333,0.5693215339233039
250250712011,0.10214168039538715,0.011532125205930808,0.19604612850082373,0.6902800658978583
250250712012,0.3835227272727273,0.017045454545454544,0.13352272727272727,0.4659090909090909
250250712013,0.0,0.0,0.11464968152866242,0.8853503184713376
250250712014,0.5483359746434231,0.21077654516640254,0.21394611727416799,0.02694136291600634
250250801001,0.3925,0.3025,0.1175,0.1875
250250801002,0.3656957928802589,0.2297734627831715,0.16181229773462782,0.24271844660194175
250250803001,0.5847953216374269,0.11695906432748537,0.19005847953216373,0.10818713450292397
250250803002,0.2978723404255319,0.21112929623567922,0.3060556464811784,0.18494271685761046
250250804011,0.529839883551674,0.18631732168850074,0.2066957787481805,0.07714701601164484
250250804012,0.5103011093502378,0.3185419968304279,0.14580031695721077,0.025356576862123614
250250805001,0.23473282442748092,0.21374045801526717,0.40458015267175573,0.14694656488549618
250250805002,0.41928934010152286,0.3553299492385787,0.14111675126903553,0.08426395939086294
250250806011,0.5202863961813843,0.1575178997613365,0.19331742243436753,0.1288782816229117
250250806012,0.5495495495495496,0.2072072072072072,0.06306306306306306,0.18018018018018017
250250806013,0.7910447761194029,0.15920398009950248,0.0,0.04975124378109453
250250808011,0.5580357142857143,0.16071428571428573,0.265625,0.015625
250250808012,0.4579172610556348,0.12696148359486448,0.26676176890156916,0.14835948644793154
250250809001,0.14195979899497488,0.15829145728643215,0.3379396984924623,0.36180904522613067
250250809002,0.17892156862745098,0.12254901960784313,0.27941176470588236,0.41911764705882354
250250809003,0.1952191235059761,0.10756972111553785,0.1553784860557769,0.5418326693227091
250250810011,0.0,0.1271186440677966,0.3008474576271186,0.5720338983050848
250250810012,0.2065972222222222,0.2604166666666667,0.4479166666666667,0.08506944444444445
250250810013,0.5884615384615385,0.2826923076923077,0.08269230769230769,0.046153846153846156
250250810014,0.5924170616113744,0.13151658767772512,0.22511848341232227,0.0509478672985782
250250810015,0.35714285714285715,0.20168067226890757,0.0,0.4411764705882353
250250811011,0.3475409836065574,0.029508196721311476,0.5377049180327869,0.08524590163934426
250250811012,0.12895377128953772,0.0,0.4306569343065693,0.44038929440389296
250250811021,0.31266846361185985,0.1293800539083558,0.3288409703504043,0.22911051212938005
250250811022,0.23114355231143552,0.09975669099756691,0.28345498783454987,0.38564476885644766
250250812001,0.2725225225225225,0.08558558558558559,0.32657657657657657,0.3153153153153153
250250812002,0.5570987654320988,0.16203703703703703,0.1743827160493827,0.10648148148148148
250250812003,0.7489177489177489,0.12987012987012986,0.07792207792207792,0.04329004329004329
250250813011,0.7738095238095238,0.16964285714285715,0.05654761904761905,0.0
250250813012,0.39826302729528534,0.315136476426799,0.07568238213399504,0.2109181141439206
250250813021,0.5895652173913043,0.10782608695652174,0.1634782608695652,0.1391304347826087
250250813022,0.39201451905626133,0.29038112522686027,0.23411978221415608,0.08348457350272233
250250814001,0.3767605633802817,0.21830985915492956,0.15140845070422534,0.2535211267605634
250250814002,0.019417475728155338,0.08414239482200647,0.2977346278317152,0.598705501618123
250250814003,0.36666666666666664,0.24035087719298245,0.13508771929824562,0.2578947368421053
250250814004,0.07936507936507936,0.4444444444444444,0.23015873015873015,0.24603174603174602
250250815001,0.21390374331550802,0.21390374331550802,0.3582887700534759,0.21390374331550802
250250815002,0.20893141945773525,0.22009569377990432,0.3827751196172249,0.18819776714513556
250250817001,0.46226415094339623,0.3710691823899371,0.16666666666666666,0.0
250250817002,0.4316860465116279,0.311046511627907,0.16715116279069767,0.09011627906976744
250250817003,0.6021505376344086,0.16666666666666666,0.10215053763440861,0.12903225806451613
250250817004,0.2867256637168142,0.40353982300884955,0.15398230088495576,0.15575221238938053
250250817005,0.23673469387755103,0.32653061224489793,0.19183673469387755,0.24489795918367346
250250818001,0.568695652173913,0.12,0.20173913043478262,0.10956521739130434
250250818002,0.38461538461538464,0.12195121951219512,0.3621013133208255,0.13133208255159476
250250818003,0.417910447761194,0.20522388059701493,0.26865671641791045,0.10820895522388059
250250819001,0.3408521303258145,0.13283208020050125,0.10025062656641603,0.42606516290726815
250250819002,0.3325,0.0,0.0475,0.62
250250819003,0.32792207792207795,0.045454545454545456,0.237012987012987,0.38961038961038963
250250819004,0.3333333333333333,0.22440087145969498,0.39869281045751637,0.04357298474945534
250250820001,0.199288256227758,0.03914590747330961,0.2491103202846975,0.5124555160142349
250250820002,0.2086720867208672,0.2764227642276423,0.2086720867208672,0.3062330623306233
250250820003,0.3717277486910995,0.15706806282722513,0.21465968586387435,0.25654450261780104
250250821001,0.6310272536687631,0.1090146750524109,0.2180293501048218,0.041928721174004195
250250821002,0.4097222222222222,0.1638888888888889,0.06944444444444445,0.35694444444444445
250250821003,0.42714570858283435,0.19461077844311378,0.17365269461077845,0.20459081836327345
250250901001,0.5553319919517102,0.2655935613682093,0.052313883299798795,0.1267605633802817
250250901002,0.2476489028213166,0.18495297805642633,0.219435736677116,0.34796238244514105
250250901003,0.21897810218978103,0.2664233576642336,0.34306569343065696,0.17153284671532848
250250901004,0.3937592867756315,0.29569093610698366,0.10549777117384844,0.2050520059435364
250250901005,0.013824884792626729,0.39631336405529954,0.2857142857142857,0.30414746543778803
250250902001,0.42857142857142855,0.3225806451612903,0.2119815668202765,0.03686635944700461
250250902002,0.5611111111111111,0.13333333333333333,0.22777777777777777,0.07777777777777778
250250902003,0.1976401179941003,0.10914454277286136,0.3775811209439528,0.31563421828908556
250250903001,0.23546511627906977,0.37790697674418605,0.3372093023255814,0.04941860465116279
250250903002,0.3458980044345898,0.06873614190687362,0.2660753880266075,0.31929046563192903
250250903003,0.3597560975609756,0.5,0.0,0.1402439024390244
250250904001,0.3282208588957055,0.05521472392638037,0.1901840490797546,0.4263803680981595
250250904002,0.3830734966592428,0.09799554565701558,0.22494432071269488,0.29398663697104677
250250904003,0.3786407766990291,0.038834951456310676,0.37540453074433655,0.20711974110032363
250250904004,0.1935483870967742,0.1889400921658986,0.47465437788018433,0.14285714285714285
250250906001,0.48104956268221577,0.09620991253644315,0.20116618075801748,0.22157434402332363
250250906002,0.26849894291754756,0.2346723044397463,0.2156448202959831,0.28118393234672306
250250907001,0.05536332179930796,0.058823529411764705,0.1245674740484429,0.7612456747404844
250250907002,0.25704225352112675,0.045774647887323945,0.2112676056338028,0.4859154929577465
250250907003,0.4409937888198758,0.09109730848861283,0.11180124223602485,0.35610766045548653
250250907004,0.3333333333333333,0.1922141119221411,0.1411192214111922,0.3333333333333333
250250909011,0.48522550544323484,0.1150855365474339,0.2115085536547434,0.18818040435458788
250250909012,0.38529411764705884,0.23088235294117648,0.2426470588235294,0.1411764705882353
250250910011,0.0353356890459364,0.5971731448763251,0.0,0.3674911660777385
250250910012,0.22966507177033493,0.2583732057416268,0.15789473684210525,0.35406698564593303
250250910013,0.0,0.12084592145015106,0.18429003021148035,0.6948640483383686
250250910014,0.1477832512315271,0.090311986863711,0.367816091954023,0.39408866995073893
250250911001,0.042789223454833596,0.13787638668779714,0.19809825673534073,0.6212361331220285
250250911002,0.3848684210526316,0.03289473684210526,0.15460526315789475,0.4276315789473684
250250911003,0.07171314741035857,0.398406374501992,0.07171314741035857,0.4581673306772908
250250911004,0.08076923076923077,0.12692307692307692,0.2153846153846154,0.5769230769230769
250250911005,0.20245398773006135,0.07975460122699386,0.05521472392638037,0.6625766871165644
250250912001,0.28537735849056606,0.15566037735849056,0.22169811320754718,0.33726415094339623
250250912002,0.211864406779661,0.09830508474576272,0.16440677966101694,0.5254237288135594
250250912003,0.35874439461883406,0.17488789237668162,0.09865470852017937,0.36771300448430494
250250913001,0.3295964125560538,0.2645739910313901,0.15695067264573992,0.24887892376681614
250250913002,0.5257452574525745,0.1897018970189702,0.17073170731707318,0.11382113821138211
250250914001,0.2602040816326531,0.20578231292517007,0.32142857142857145,0.21258503401360543
250250914002,0.38649155722326456,0.19136960600375236,0.2682926829268293,0.15384615384615385
250250915001,0.18446601941747573,0.130374479889043,0.39805825242718446,0.2871012482662968
250250915002,0.45809248554913296,0.05635838150289017,0.3309248554913295,0.1546242774566474
250250915003,0.15763546798029557,0.2955665024630542,0.3399014778325123,0.20689655172413793
250250916001,0.17922948073701842,0.02512562814070352,0.4271356783919598,0.3685092127303183
250250916002,0.4228855721393035,0.12935323383084577,0.31343283582089554,0.13432835820895522
250250916003,0.5315315315315315,0.22072072072072071,0.13513513513513514,0.11261261261261261
250250917001,0.04678362573099415,0.2787524366471735,0.40545808966861596,0.26900584795321636
250250917002,0.3771626297577855,0.11072664359861592,0.314878892733564,0.1972318339100346
250250917003,0.22488038277511962,0.24401913875598086,0.3349282296650718,0.19617224880382775
250250918001,0.4388111888111888,0.1590909090909091,0.18356643356643357,0.21853146853146854
250250918002,0.38271604938271603,0.14506172839506173,0.21604938271604937,0.25617283950617287
250250918003,0.44072164948453607,0.020618556701030927,0.37628865979381443,0.16237113402061856
250250919001,0.4107142857142857,0.05,0.325,0.21428571428571427
250250919002,0.23387096774193547,0.5443548387096774,0.0,0.2217741935483871
250250919003,0.2924187725631769,0.18231046931407943,0.3194945848375451,0.20577617328519857
250250919004,0.10843373493975904,0.0,0.47289156626506024,0.4186746987951807
250250920001,0.37258687258687256,0.12162162162162163,0.2528957528957529,0.2528957528957529
250250920002,0.1792717086834734,0.08823529411764706,0.41316526610644255,0.31932773109243695
250250920003,0.056179775280898875,0.15730337078651685,0.25842696629213485,0.5280898876404494
250250920004,0.17684887459807075,0.2958199356913183,0.2733118971061093,0.2540192926045016
250250921011,0.4742857142857143,0.21428571428571427,0.08142857142857143,0.23
250250921012,0.20527859237536658,0.16422287390029325,0.4340175953079179,0.19648093841642228
250250921013,0.23579545454545456,0.048295454545454544,0.10511363636363637,0.6107954545454546
250250921014,0.3954248366013072,0.23529411764705882,0.28431372549019607,0.08496732026143791
250250921015,0.32303370786516855,0.09176029962546817,0.37734082397003743,0.20786516853932585
250250922001,0.07167235494880546,0.13310580204778158,0.23208191126279865,0.5631399317406144
250250922002,0.027237354085603113,0.14007782101167315,0.19066147859922178,0.642023346303502
250250922003,0.17592592592592593,0.1388888888888889,0.25308641975308643,0.43209876543209874
250250922004,0.1810344827586207,0.3232758620689655,0.35344827586206895,0.14224137931034483
250250923001,0.16358024691358025,0.0030864197530864196,0.4382716049382716,0.3950617283950617
250250923002,0.2222222222222222,0.25757575757575757,0.29292929292929293,0.22727272727272727
250250923003,0.1271551724137931,0.3620689655172414,0.2478448275862069,0.2629310344827586
250250923004,0.3430232558139535,0.0,0.3488372093023256,0.3081395348837209
250250924001,0.0859375,0.33984375,0.29296875,0.28125
250250924002,0.42857142857142855,0.25,0.11734693877551021,0.20408163265306123
250250924003,0.3753581661891118,0.1489971346704871,0.12034383954154727,0.3553008595988539
250250924004,0.38596491228070173,0.22966507177033493,0.37161084529505584,0.012759170653907496
250250924005,0.5239852398523985,0.11070110701107011,0.36531365313653136,0.0
250251001001,0.3933333333333333,0.4166666666666667,0.12666666666666668,0.06333333333333334
250251001002,0.3220338983050847,0.4788135593220339,0.11864406779661017,0.08050847457627118
250251001003,0.16842105263157894,0.4,0.10526315789473684,0.3263157894736842
250251001004,0.17993079584775087,0.08304498269896193,0.31141868512110726,0.42560553633217996
250251001005,0.27876106194690264,0.3274336283185841,0.15486725663716813,0.23893805309734514
250251001006,0.4948717948717949,0.24358974358974358,0.19230769230769232,0.06923076923076923
250251001007,0.17491749174917492,0.13861386138613863,0.4389438943894389,0.24752475247524752
250251002001,0.26540284360189575,0.05924170616113744,0.495260663507109,0.18009478672985782
250251002002,0.4666666666666667,0.11428571428571428,0.22380952380952382,0.19523809523809524
250251002003,0.23385300668151449,0.22939866369710468,0.17371937639198218,0.36302895322939865
250251003001,0.2300380228136882,0.23193916349809887,0.22053231939163498,0.31749049429657794
250251003002,0.16,0.312,0.288,0.24
250251003003,0.38028169014084506,0.09295774647887324,0.17746478873239438,0.3492957746478873
250251003004,0.2469879518072289,0.21987951807228914,0.3253012048192771,0.20783132530120482
250251004001,0.5134706814580031,0.05388272583201268,0.15213946117274169,0.2805071315372425
250251004002,0.20316622691292877,0.13192612137203166,0.1662269129287599,0.49868073878627966
250251004003,0.1951219512195122,0.06191369606003752,0.21200750469043153,0.5309568480300187
250251004004,0.1070559610705596,0.23357664233576642,0.17761557177615572,0.48175182481751827
250251005001,0.530718954248366,0.1607843137254902,0.08496732026143791,0.2235294117647059
250251005002,0.10300429184549356,0.07081545064377683,0.1459227467811159,0.6802575107296137
250251005003,0.2924901185770751,0.14031620553359683,0.23122529644268774,0.3359683794466403
250251005004,0.47607655502392343,0.09090909090909091,0.14354066985645933,0.2894736842105263
250251005005,0.20815450643776823,0.3497854077253219,0.19098712446351931,0.2510729613733906
250251006011,0.07455012853470437,0.030848329048843187,0.20051413881748073,0.6940874035989717
250251006012,0.16332378223495703,0.332378223495702,0.16905444126074498,0.335243553008596
250251006013,0.0,0.25925925925925924,0.27469135802469136,0.4660493827160494
250251006014,0.32346723044397463,0.0,0.21881606765327696,0.45771670190274844
250251006031,0.008,0.1056,0.3248,0.5616
250251006032,0.05504587155963303,0.05504587155963303,0.2706422018348624,0.6192660550458715
250251007001,0.07912087912087912,0.026373626373626374,0.25934065934065936,0.6351648351648351
250251007002,0.19916142557651992,0.16352201257861634,0.20754716981132076,0.429769392033543
250251007003,0.029605263157894735,0.01644736842105263,0.19078947368421054,0.7631578947368421
250251007004,0.02032520325203252,0.11788617886178862,0.15853658536585366,0.7032520325203252
250251007005,0.0,0.1067193675889328,0.2885375494071146,0.6047430830039525
250251008001,0.1013215859030837,0.2599118942731278,0.29515418502202645,0.3436123348017621
250251008002,0.03322259136212625,0.09966777408637874,0.30066445182724255,0.5664451827242525
250251008003,0.266553480475382,0.2614601018675722,0.030560271646859084,0.44142614601018676
250251008004,0.14020270270270271,0.17060810810810811,0.1570945945945946,0.5320945945945946
250251008005,0.14588859416445624,0.18037135278514588,0.246684350132626,0.4270557029177719
250251008006,0.22717622080679406,0.3375796178343949,0.12101910828025478,0.31422505307855625
250251009001,0.152317880794702,0.09933774834437085,0.39403973509933776,0.3543046357615894
250251009002,0.14163090128755365,0.20600858369098712,0.4678111587982833,0.18454935622317598
250251009003,0.13924050632911392,0.0,0.22531645569620254,0.6354430379746835
250251009004,0.02531645569620253,0.09282700421940929,0.39943741209563993,0.48241912798874825
250251010011,0.0,0.06097560975609756,0.33739837398373984,0.6016260162601627
250251010012,0.05415162454873646,0.48375451263537905,0.2996389891696751,0.1624548736462094
250251010013,0.32962138084632514,0.1759465478841871,0.4142538975501114,0.0801781737193764
250251010014,0.4186046511627907,0.3313953488372093,0.07267441860465117,0.17732558139534885
250251010015,0.22587719298245615,0.1600877192982456,0.24561403508771928,0.3684210526315789
250251010016,0.013961605584642234,0.23211169284467714,0.15532286212914484,0.5986038394415357
250251010021,0.5432432432432432,0.0,0.062162162162162166,0.3945945945945946
250251010022,0.34782608695652173,0.30344202898550726,0.2164855072463768,0.1322463768115942
250251010023,0.07744107744107744,0.20089786756453423,0.48597081930415265,0.2356902356902357
250251011011,0.060526315789473685,0.2131578947368421,0.5789473684210527,0.14736842105263157
250251011012,0.07513416815742398,0.22003577817531306,0.31305903398926654,0.39177101967799643
250251011013,0.27900552486187846,0.2596685082872928,0.08839779005524862,0.3729281767955801
250251011021,0.31962025316455694,0.21835443037974683,0.34177215189873417,0.12025316455696203
250251011022,0.23828125,0.1875,0.330078125,0.244140625
250251011023,0.255859375,0.205078125,0.30859375,0.23046875
250251011024,0.31601731601731603,0.341991341991342,0.06926406926406926,0.2727272727272727
250251101041,0.08403361344537816,0.38235294117647056,0.3739495798319328,0.15966386554621848
250251101042,0.5639810426540285,0.15639810426540285,0.13507109004739337,0.14454976303317535
250251101051,0.11101243339253997,0.0763765541740675,0.26465364120781526,0.5479573712255773
250251101061,0.14925373134328357,0.0,0.208955223880597,0.6417910447761194
250251101062,0.056074766355140186,0.38691588785046727,0.2336448598130841,0.3233644859813084
250251102011,0.2740899357601713,0.16809421841541755,0.29014989293361887,0.2676659528907923
250251103011,0.029850746268656716,0.1318407960199005,0.5671641791044776,0.27114427860696516
250251103012,0.14583333333333334,0.11458333333333333,0.2517361111111111,0.4878472222222222
250251104011,0.16150740242261102,0.10901749663526245,0.4387617765814266,0.29071332436069985
250251104012,0.07823613086770982,0.14793741109530584,0.2716927453769559,0.5021337126600285
250251104031,0.42283298097251587,0.07188160676532769,0.24312896405919662,0.26215644820295986
250251104032,0.09523809523809523,0.14625850340136054,0.16326530612244897,0.5952380952380952
250251104033,0.23387096774193547,0.04435483870967742,0.17338709677419356,0.5483870967741935
250251104034,0.008869179600886918,0.09977827050997783,0.188470066518847,0.7028824833702882
250251104035,0.05459057071960298,0.02481389578163772,0.3349875930521092,0.5856079404466501
250251105011,0.07758620689655173,0.10919540229885058,0.1896551724137931,0.6235632183908046
250251105012,0.07109004739336493,0.1911532385466035,0.14533965244865718,0.5924170616113744
250251105013,0.0410958904109589,0.0273972602739726,0.27671232876712326,0.6547945205479452
250251105021,0.039783001808318265,0.19349005424954793,0.14466546112115733,0.6220614828209765
250251105022,0.21305182341650672,0.09980806142034548,0.1852207293666027,0.5019193857965452
250251105023,0.02564102564102564,0.3333333333333333,0.08547008547008547,0.5555555555555556
250251106011,0.031049250535331904,0.15524625267665954,0.2044967880085653,0.6092077087794433
250251106012,0.11713665943600868,0.08026030368763558,0.09978308026030369,0.702819956616052
250251106071,0.0,0.18426501035196688,0.18012422360248448,0.6356107660455487
250251106072,0.04956268221574344,0.05102040816326531,0.2099125364431487,0.6895043731778425
250251106073,0.057750759878419454,0.0486322188449848,0.3951367781155015,0.49848024316109424
250251106074,0.0,0.0,0.45652173913043476,0.5434782608695652
250251201031,0.047879616963064295,0.025991792065663474,0.12995896032831739,0.7961696306429549
250251201041,0.01440329218106996,0.10082304526748971,0.2613168724279835,0.6234567901234568
250251201042,0.10876623376623376,0.04383116883116883,0.30194805194805197,0.5454545454545454
250251201051,0.10861423220973783,0.06367041198501873,0.1947565543071161,0.6329588014981273
250251201052,0.14184397163120568,0.09219858156028368,0.11347517730496454,0.6524822695035462
250251201053,0.033210332103321034,0.07380073800738007,0.22509225092250923,0.6678966789667896
250251202011,0.11411411411411411,0.08108108108108109,0.33933933933933935,0.46546546546546547
250251202012,0.3125,0.12828947368421054,0.16447368421052633,0.39473684210526316
250251202013,0.21369294605809128,0.0,0.22821576763485477,0.558091286307054
250251203011,0.07692307692307693,0.0,0.17194570135746606,0.751131221719457
250251203012,0.24119241192411925,0.2140921409214092,0.11653116531165311,0.4281842818428184
250251203013,0.2735191637630662,0.024390243902439025,0.20557491289198607,0.4965156794425087
250251203014,0.05873715124816446,0.04405286343612335,0.34801762114537443,0.5491923641703378
250251204001,0.05723905723905724,0.1447811447811448,0.23905723905723905,0.5589225589225589
250251204002,0.0,0.07110091743119266,0.16743119266055045,0.7614678899082569
250251204003,0.11151736745886655,0.0712979890310786,0.2340036563071298,0.583180987202925
250251204004,0.04387990762124711,0.07043879907621248,0.27713625866050806,0.6085450346420324
250251204005,0.14451612903225808,0.1625806451612903,0.16774193548387098,0.5251612903225806
250251205001,0.1337386018237082,0.11854103343465046,0.1945288753799392,0.5531914893617021
250251205002,0.11529411764705882,0.009411764705882352,0.06588235294117648,0.8094117647058824
250251205003,0.33544303797468356,0.08860759493670886,0.2974683544303797,0.27848101265822783
250251206001,0.0,0.03009259259259259,0.2337962962962963,0.7361111111111112
250251206002,0.030927835051546393,0.10309278350515463,0.15979381443298968,0.7061855670103093
250251206003,0.0,0.23148148148148148,0.07407407407407407,0.6944444444444444
250251207001,0.07012987012987013,0.02077922077922078,0.35324675324675325,0.5558441558441558
250251207002,0.016453382084095063,0.12979890310786105,0.25411334552102377,0.5996343692870201
250251301011,0.028376844494892167,0.10102156640181612,0.3530079455164586,0.5175936435868331
250251301012,0.05485232067510549,0.0,0.10126582278481013,0.8438818565400844
250251301013,0.04604051565377532,0.0,0.02394106813996317,0.9300184162062615
250251301014,0.04980842911877394,0.21839080459770116,0.24521072796934865,0.48659003831417624
250251301015,0.02258064516129032,0.08709677419354839,0.1,0.7903225806451613
250251301016,0.0,0.11695906432748537,0.32456140350877194,0.5584795321637427
250251302001,0.1986062717770035,0.0313588850174216,0.14634146341463414,0.6236933797909407
250251302002,0.04819277108433735,0.09036144578313253,0.1536144578313253,0.7078313253012049
250251302003,0.1257396449704142,0.038461538461538464,0.32840236686390534,0.507396449704142
250251302004,0.0,0.0787037037037037,0.06481481481481481,0.8564814814814815
250251302005,0.10597826086956522,0.0,0.296195652173913,0.5978260869565217
250251303001,0.0,0.1417624521072797,0.06513409961685823,0.7931034482758621
250251303002,0.0,0.14222222222222222,0.07555555555555556,0.7822222222222223
250251303003,0.05491329479768786,0.04046242774566474,0.10115606936416185,0.8034682080924855
250251303004,0.023054755043227664,0.17002881844380405,0.37752161383285304,0.42939481268011526
250251303005,0.0335195530726257,0.061452513966480445,0.20949720670391062,0.6955307262569832
250251304021,0.1941747572815534,0.12233009708737864,0.18640776699029127,0.4970873786407767
250251304022,0.03233256351039261,0.03002309468822171,0.12240184757505773,0.815242494226328
250251304023,0.06048387096774194,0.06854838709677419,0.3185483870967742,0.5524193548387096
250251304024,0.238562091503268,0.28431372549019607,0.14596949891067537,0.3311546840958606
250251304041,0.18353174603174602,0.17063492063492064,0.25496031746031744,0.39087301587301587
250251304042,0.06284153005464481,0.07650273224043716,0.27595628415300544,0.5846994535519126
250251304061,0.2982086406743941,0.37513171759747105,0.1780821917808219,0.14857744994731295
250251304062,0.25146198830409355,0.20634920634920634,0.28905597326649957,0.2531328320802005
250251304063,0.3161764705882353,0.0,0.4117647058823529,0.27205882352941174
250251401021,0.2288329519450801,0.13729977116704806,0.16247139588100687,0.47139588100686497
250251401022,0.18552875695732837,0.18738404452690166,0.22077922077922077,0.40630797773654914
250251401023,0.03208556149732621,0.11229946524064172,0.08823529411764706,0.767379679144385
250251401024,0.047619047619047616,0.09740259740259741,0.1471861471861472,0.7077922077922078
250251401051,0.18181818181818182,0.0973111395646607,0.32522407170294493,0.39564660691421255
250251401052,0.23105360443622922,0.02033271719038817,0.19593345656192238,0.5526802218114603
250251401061,0.34265734265734266,0.1034965034965035,0.21678321678321677,0.33706293706293705
250251401062,0.6517571884984026,0.18210862619808307,0.1501597444089457,0.01597444089456869
250251401071,0.22095671981776766,0.1469248291571754,0.2164009111617312,0.4157175398633257
250251401072,0.09183673469387756,0.10884353741496598,0.22108843537414966,0.5782312925170068
250251402011,0.20920502092050208,0.14644351464435146,0.23221757322175732,0.4121338912133891
250251402012,0.023655913978494623,0.07526881720430108,0.3096774193548387,0.5913978494623656
250251402021,0.030864197530864196,0.04938271604938271,0.4691358024691358,0.4506172839506173
250251402022,0.1411764705882353,0.2529411764705882,0.3137254901960784,0.29215686274509806
250251402023,0.17,0.23666666666666666,0.16666666666666666,0.4266666666666667
250251402024,0.05164992826398852,0.13486370157819225,0.19368723098995697,0.6197991391678622
250251402025,0.0,0.0,0.09049773755656108,0.9095022624434389
250251403001,0.2504638218923933,0.10575139146567718,0.40816326530612246,0.23562152133580705
250251403002,0.0,0.03048780487804878,0.3719512195121951,0.5975609756097561
250251403003,0.5183098591549296,0.022535211267605635,0.15023474178403756,0.3089201877934272
250251403004,0.0,0.0,0.41847826086956524,0.5815217391304348
250251403005,0.2768959435626102,0.14285714285714285,0.17989417989417988,0.400352733686067
250251403006,0.30238726790450926,0.01856763925729443,0.6790450928381963,0.0
250251404001,0.6657754010695187,0.045454545454545456,0.13903743315508021,0.1497326203208556
250251404002,0.022292993630573247,0.2229299363057325,0.43312101910828027,0.321656050955414
250251404003,0.3850746268656716,0.17313432835820897,0.0,0.4417910447761194
250251404004,0.27314814814814814,0.3611111111111111,0.18981481481481483,0.17592592592592593
250251404005,0.02654867256637168,0.14454277286135694,0.504424778761062,0.32448377581120946
250251404006,0.2122905027932961,0.14618249534450653,0.2635009310986965,0.3780260707635009
250251404007,0.09050772626931568,0.1346578366445916,0.4746136865342163,0.30022075055187636
250251601021,0.12612612612612611,0.3213213213213213,0.40540540540540543,0.14714714714714713
250251601022,0.0,0.26181818181818184,0.3781818181818182,0.36
250251601023,0.25396825396825395,0.1746031746031746,0.1473922902494331,0.42403628117913833
250251601024,0.5619047619047619,0.4380952380952381,0.0,0.0
250251601031,0.4404432132963989,0.2659279778393352,0.08310249307479224,0.21052631578947367
250251601032,0.0,0.298932384341637,0.701067615658363,0.0
250251601033,0.10109289617486339,0.3907103825136612,0.34972677595628415,0.15846994535519127
250251601034,0.18357487922705315,0.057971014492753624,0.2028985507246377,0.5555555555555556
250251602001,0.0921409214092141,0.3685636856368564,0.3143631436314363,0.22493224932249323
250251602002,0.16611295681063123,0.12956810631229235,0.5614617940199336,0.14285714285714285
250251602003,0.20242914979757085,0.2388663967611336,0.46963562753036436,0.08906882591093117
250251602004,0.18181818181818182,0.15673981191222572,0.3322884012539185,0.329153605015674
250251603001,0.2578616352201258,0.08490566037735849,0.2389937106918239,0.41823899371069184
250251603002,0.34368530020703936,0.14078674948240166,0.15631469979296067,0.35921325051759834
250251604001,0.23384615384615384,0.2153846153846154,0.41846153846153844,0.13230769230769232
250251604002,0.4448818897637795,0.16535433070866143,0.20078740157480315,0.1889763779527559
250251604003,0.11066398390342053,0.0,0.2595573440643863,0.6297786720321932
250251604004,0.4037122969837587,0.29698375870069604,0.1716937354988399,0.12761020881670534
250251605011,0.005870841487279843,0.11350293542074363,0.3776908023483366,0.50293542074364
250251605012,0.29521276595744683,0.26861702127659576,0.2579787234042553,0.17819148936170212
250251605013,0.1,0.053125,0.284375,0.5625
250251605014,0.6687631027253669,0.08385744234800839,0.22641509433962265,0.020964360587002098
250251605015,0.21509433962264152,0.14339622641509434,0.44528301886792454,0.19622641509433963
250251605021,0.4241486068111455,0.26625386996904027,0.02786377708978328,0.28173374613003094
250251605023,0.3875,0.25,0.17916666666666667,0.18333333333333332
250251605024,0.12903225806451613,0.3010752688172043,0.3154121863799283,0.25448028673835127
250251605025,0.08533916849015317,0.12253829321663019,0.4573304157549234,0.3347921225382932
250251606012,0.18,0.19285714285714287,0.31285714285714283,0.3142857142857143
250251606013,0.11512027491408934,0.14776632302405499,0.2663230240549828,0.47079037800687284
250251606014,0.11666666666666667,0.15,0.35333333333333333,0.38
250251606021,0.15778688524590165,0.2028688524590164,0.32581967213114754,0.3135245901639344
250251606022,0.13306451612903225,0.4153225806451613,0.0967741935483871,0.3548387096774194
250251606023,0.15028901734104047,0.08092485549132948,0.4190751445086705,0.34971098265895956
250251606024,0.6754966887417219,0.2781456953642384,0.046357615894039736,0.0
250251606025,0.0,0.37066666666666664,0.34933333333333333,0.28
250251701011,0.27980132450331124,0.3294701986754967,0.12748344370860928,0.2632450331125828
250251701012,0.0,0.0392156862745098,0.29411764705882354,0.6666666666666666
250251701013,0.05901639344262295,0.04590163934426229,0.32131147540983607,0.5737704918032787
250251701021,0.08009153318077804,0.016018306636155607,0.2768878718535469,0.6270022883295194
250251701022,0.08950617283950617,0.09567901234567901,0.4845679012345679,0.33024691358024694
250251701023,0.03814713896457766,0.2098092643051771,0.553133514986376,0.1989100817438692
250251701024,0.24347826086956523,0.12391304347826088,0.2782608695652174,0.35434782608695653
250251702001,0.4992412746585736,0.15477996965098634,0.15629742033383914,0.18968133535660092
250251702002,0.2859960552268245,0.1854043392504931,0.23274161735700197,0.2958579881656805
250251702003,0.11869436201780416,0.3056379821958457,0.4035608308605341,0.17210682492581603
250251702004,0.2635294117647059,0.24705882352941178,0.27058823529411763,0.2188235294117647
250251703011,0.0657030223390276,0.1445466491458607,0.25229960578186594,0.5374507227332457
250251703012,0.16797488226059654,0.10832025117739404,0.36577708006279436,0.3579277864992151
250251703013,0.0472972972972973,0.32094594594594594,0.20270270270270271,0.42905405405405406
250251703014,0.11538461538461539,0.22596153846153846,0.17307692307692307,0.4855769230769231
250251703021,0.03470715835140998,0.03253796095444685,0.05639913232104121,0.8763557483731019
250251703022,0.5197568389057751,0.0060790273556231,0.11246200607902736,0.3617021276595745
250251703023,0.2304147465437788,0.11827956989247312,0.49615975422427033,0.15514592933947774
250251704001,0.12628865979381443,0.04381443298969072,0.4097938144329897,0.42010309278350516
250251704002,0.17408123791102514,0.30754352030947774,0.19729206963249515,0.32108317214700194
250251704003,0.3119266055045872,0.290519877675841,0.09785932721712538,0.2996941896024465
250251704004,0.484251968503937,0.12992125984251968,0.33858267716535434,0.047244094488188976
250251704005,0.07869481765834933,0.0,0.29942418426103645,0.6218809980806143
250251705021,0.06976744186046512,0.015503875968992248,0.3023255813953488,0.6124031007751938
250251705022,0.4799465240641711,0.28475935828877,0.13770053475935828,0.09759358288770054
250251705023,0.44664031620553357,0.07509881422924901,0.20553359683794467,0.2727272727272727
250251705031,0.2539912917271408,0.09724238026124818,0.23947750362844702,0.409288824383164
250251705041,0.13590033975084936,0.1812004530011325,0.1506228765571914,0.5322763306908267
250251705042,0.08900523560209424,0.034031413612565446,0.42670157068062825,0.450261780104712
250251706011,0.20905172413793102,0.13577586206896552,0.4051724137931034,0.25
250251706012,0.07597535934291581,0.17864476386036962,0.10677618069815195,0.6386036960985626
250251706013,0.04657534246575343,0.1178082191780822,0.34794520547945207,0.4876712328767123
250251706014,0.18640776699029127,0.24854368932038834,0.23495145631067962,0.3300970873786408
250251707011,0.291358024691358,0.17777777777777778,0.25925925925925924,0.2716049382716049
250251707012,0.160676532769556,0.1226215644820296,0.3150105708245243,0.40169133192389006
250251707021,0.5294117647058824,0.40641711229946526,0.0,0.06417112299465241
250251707022,0.2872727272727273,0.1690909090909091,0.20363636363636364,0.34
250251707023,0.09917355371900827,0.1384297520661157,0.3822314049586777,0.38016528925619836
250251707024,0.045454545454545456,0.22107438016528927,0.5082644628099173,0.22520661157024793
250251707025,0.5325884543761639,0.22905027932960895,0.0633147113594041,0.1750465549348231
250251708001,0.2740899357601713,0.2698072805139186,0.12098501070663811,0.3351177730192719
250251708002,0.23501762632197415,0.06698002350176263,0.2784958871915394,0.4195064629847238
250251708003,0.3111111111111111,0.15308641975308643,0.1308641975308642,0.4049382716049383
250251708004,0.21580547112462006,0.14893617021276595,0.4194528875379939,0.21580547112462006
250251801011,0.3452054794520548,0.038356164383561646,0.20273972602739726,0.4136986301369863
250251801012,0.05549626467449306,0.17395944503735325,0.31590181430096054,0.45464247598719315
250251801013,0.5510688836104513,0.035629453681710214,0.13064133016627077,0.2826603325415677
250251801014,0.12100139082058414,0.11404728789986092,0.38247566063977745,0.38247566063977745
250251802001,0.08193979933110368,0.08862876254180602,0.3795986622073579,0.4498327759197324
250251802002,0.18181818181818182,0.17132867132867133,0.3776223776223776,0.2692307692307692
250251802003,0.19141914191419143,0.1782178217821782,0.31683168316831684,0.31353135313531355
250251802004,0.242152466367713,0.06576980568011959,0.29596412556053814,0.3961136023916293
250251803011,0.18725099601593626,0.0398406374501992,0.06772908366533864,0.7051792828685259
250251803012,0.11988304093567251,0.30701754385964913,0.22514619883040934,0.347953216374269
250251803013,0.17870722433460076,0.0,0.17490494296577946,0.6463878326996197
250251803014,0.07250755287009064,0.24773413897280966,0.17522658610271905,0.5045317220543807
250251804001,0.16901408450704225,0.09330985915492958,0.31338028169014087,0.4242957746478873
250251804002,0.0392156862745098,0.06666666666666667,0.14901960784313725,0.7450980392156863
250251805001,0.08842443729903537,0.2861736334405145,0.342443729903537,0.2829581993569132
250251805002,0.13043478260869565,0.0,0.15217391304347827,0.717391304347826
250251805003,0.04609218436873747,0.22044088176352705,0.3226452905811623,0.41082164328657317
250251805004,0.0148975791433892,0.09124767225325885,0.2309124767225326,0.6629422718808193
250259810001,0.0,0.0,1.0,0.0
250259811002,0.0,0.0,1.0,0.0
250259813001,0.0,0.0,0.0,1.0
250259818001,0.0,0.0,0.6296296296296297,0.37037037037037035
330150033011,0.12594458438287154,0.0906801007556675,0.26322418136020154,0.5201511335012594
330150033012,0.0,0.16666666666666666,0.1715210355987055,0.6618122977346278
330150033021,0.11455847255369929,0.162291169451074,0.3834526650755768,0.33969769291964996
330150033022,0.0,0.15083798882681565,0.1452513966480447,0.7039106145251397
330150033023,0.054,0.048,0.368,0.53
330150034001,0.206401766004415,0.2582781456953642,0.12251655629139073,0.41280353200883
330150034002,0.0,0.08139534883720931,0.40406976744186046,0.5145348837209303
330150034003,0.3766025641025641,0.2403846153846154,0.19230769230769232,0.1907051282051282
330150034004,0.31976744186046513,0.374031007751938,0.06395348837209303,0.24224806201550386
330150035001,0.0650887573964497,0.10650887573964497,0.5384615384615384,0.28994082840236685
330150035002,0.18451749734888653,0.09968186638388123,0.4931071049840933,0.22269353128313893
330150035003,0.16167120799273388,0.1807447774750227,0.33969118982742963,0.3178928247048138
330150035004,0.1575,0.5025,0.175,0.165
330150036011,0.032846715328467155,0.09854014598540146,0.23722627737226276,0.6313868613138686
330150036012,0.1588613406795225,0.05601469237832874,0.44352617079889806,0.3415977961432507
330150036013,0.0,0.18359375,0.40234375,0.4140625
330150036014,0.01335113484646195,0.07209612817089453,0.5246995994659546,0.38985313751668893
330150036021,0.020689655172413793,0.02413793103448276,0.24482758620689654,0.7103448275862069
330150036022,0.029953917050691243,0.27880184331797236,0.24308755760368664,0.44815668202764974
330150036023,0.03929024081115336,0.048162230671736375,0.11406844106463879,0.7984790874524715
330150037011,0.12129760225669958,0.07475317348377997,0.4203102961918195,0.383638928067701
330150037012,0.0,0.18809776833156217,0.2412327311370882,0.5706695005313497
330150037031,0.0,0.2684703433922997,0.19458896982310095,0.5369406867845994
330150037032,0.044009779951100246,0.05867970660146699,0.21271393643031786,0.684596577017115
330150037033,0.024806201550387597,0.18604651162790697,0.37829457364341085,0.4108527131782946
330150038011,0.0,0.05492730210016155,0.25848142164781907,0.6865912762520194
330150038012,0.0,0.09562841530054644,0.03278688524590164,0.8715846994535519
330150038013,0.045871559633027525,0.10550458715596331,0.05504587155963303,0.7935779816513762
330150038021,0.02378255945639864,0.10192525481313704,0.232163080407701,0.6421291053227633
330150038022,0.2907975460122699,0.049079754601226995,0.1607361963190184,0.49938650306748467
330150039011,0.10835401157981803,0.2109181141439206,0.21918941273779982,0.46153846153846156
330150039012,0.07481296758104738,0.12718204488778054,0.12967581047381546,0.6683291770573566
330150039021,0.030902348578491966,0.06180469715698393,0.273176761433869,0.6341161928306551
330150039022,0.0234375,0.11979166666666667,0.2890625,0.5677083333333334
330150040001,0.0,0.039764359351988215,0.2503681885125184,0.7098674521354934
330150040002,0.03398058252427184,0.0703883495145631,0.21237864077669902,0.683252427184466
330150040003,0.0,0.0102880658436214,0.32098765432098764,0.668724279835391
330150500001,0.05893909626719057,0.05893909626719057,0.3555992141453831,0.5265225933202358
330150500002,0.09262759924385633,0.11058601134215501,0.18525519848771266,0.611531190926276
330150510001,0.033367037411526794,0.14459049544994945,0.13346814964610718,0.6885743174924166
330150510002,0.030136986301369864,0.050684931506849315,0.2410958904109589,0.678082191780822
330150520001,0.19165727170236754,0.06313416009019165,0.18489289740698986,0.560315670800451
330150520002,0.02247191011235955,0.17134831460674158,0.25702247191011235,0.5491573033707865
330150520003,0.06535947712418301,0.11437908496732026,0.2908496732026144,0.5294117647058824
330150530001,0.23132530120481928,0.14216867469879518,0.2216867469879518,0.40481927710843374
330150530002,0.04274465691788527,0.1361079865016873,0.2778402699662542,0.5433070866141733
330150540001,0.03745318352059925,0.0898876404494382,0.2784019975031211,0.5942571785268415
330150540002,0.08243727598566308,0.1015531660692951,0.24611708482676226,0.5698924731182796
330150550011,0.10310734463276836,0.2344632768361582,0.2528248587570621,0.4096045197740113
330150550012,0.09819639278557114,0.03006012024048096,0.08817635270541083,0.7835671342685371
330150550013,0.11573236889692586,0.0216998191681736,0.20433996383363473,0.6582278481012658
330150550014,0.10267857142857142,0.27380952380952384,0.40773809523809523,0.21577380952380953
330150550021,0.25617283950617287,0.21296296296296297,0.2361111111111111,0.29475308641975306
330150550022,0.14146341463414633,0.11951219512195121,0.45121951219512196,0.28780487804878047
330150550023,0.0,0.17412935323383086,0.41127694859038144,0.41459369817578773
330150560001,0.10815307820299501,0.11813643926788686,0.3410981697171381,0.43261231281198004
330150560002,0.04746317512274959,0.1718494271685761,0.176759410801964,0.6039279869067103
330150560003,0.019148936170212766,0.15106382978723404,0.18085106382978725,0.648936170212766
330150570001,0.10326086956521739,0.13858695652173914,0.42391304347826086,0.3342391304347826
330150570002,0.06016260162601626,0.05203252032520325,0.1821138211382114,0.7056910569105691
330150570003,0.04556962025316456,0.10379746835443038,0.28354430379746837,0.5670886075949367
330150580001,0.13157894736842105,0.15460526315789475,0.5032894736842105,0.21052631578947367
330150580002,0.08153078202995008,0.09151414309484193,0.21630615640599002,0.610648918469218
330150580003,0.0443213296398892,0.0840258541089566,0.4450600184672207,0.4265927977839335
330150590001,0.10934744268077601,0.18694885361552027,0.3527336860670194,0.3509700176366843
330150590002,0.02768549280177187,0.10299003322259136,0.40863787375415284,0.46068660022148394
330150590003,0.10652353426919901,0.0495458298926507,0.40627580511973577,0.43765483071841454
330150600001,0.04219409282700422,0.04360056258790436,0.23628691983122363,0.6779184247538678
330150600002,0.05063291139240506,0.02911392405063291,0.16455696202531644,0.7556962025316456
330150610011,0.19825708061002179,0.05119825708061002,0.2113289760348584,0.5392156862745098
330150610012,0.08231707317073171,0.1209349593495935,0.44410569105691056,0.35264227642276424
330150610013,0.06218274111675127,0.10152284263959391,0.20304568527918782,0.633248730964467
330150620001,0.14439140811455847,0.14439140811455847,0.2159904534606205,0.49522673031026254
330150625001,0.05278592375366569,0.11143695014662756,0.16422287390029325,0.6715542521994134
330150625002,0.04694167852062589,0.10241820768136557,0.25889046941678523,0.5917496443812233
330150630011,0.12061711079943899,0.2314165497896213,0.23281907433380084,0.41514726507713884
330150630012,0.09906759906759907,0.09673659673659674,0.34032634032634035,0.46386946386946387
330150630031,0.27506112469437655,0.16625916870415647,0.3704156479217604,0.1882640586797066
330150630032,0.12430939226519337,0.287292817679558,0.3701657458563536,0.21823204419889503
330150630033,0.14,0.08,0.5,0.28
330150630041,0.18230563002680966,0.0,0.1903485254691689,0.6273458445040214
330150640001,0.06620209059233449,0.08246225319396051,0.18234610917537747,0.6689895470383276
330150650051,0.0765661252900232,0.14965197215777262,0.28306264501160094,0.49071925754060325
330150650052,0.15428571428571428,0.13142857142857142,0.37142857142857144,0.34285714285714286
330150650061,0.0547945205479452,0.10102739726027397,0.4486301369863014,0.3955479452054795
330150650062,0.08256880733944955,0.11926605504587157,0.26146788990825687,0.536697247706422
330150650071,0.07392197125256673,0.13963039014373715,0.3141683778234086,0.4722792607802875
330150650072,0.2191358024691358,0.1728395061728395,0.25,0.35802469135802467
330150650081,0.07042253521126761,0.19483568075117372,0.3826291079812207,0.352112676056338
330150650082,0.116751269035533,0.467005076142132,0.14213197969543148,0.27411167512690354
330150650083,0.07142857142857142,0.4444444444444444,0.2857142857142857,0.1984126984126984
330150650091,0.18543046357615894,0.1152317880794702,0.18940397350993377,0.5099337748344371
330150650092,0.14351851851851852,0.1736111111111111,0.37037037037037035,0.3125
330150650093,0.055865921787709494,0.10614525139664804,0.4022346368715084,0.43575418994413406
330150650101,0.026833631484794274,0.08586762075134168,0.5062611806797853,0.3810375670840787
330150650102,0.03240223463687151,0.09832402234636871,0.4122905027932961,0.4569832402234637
330150650103,0.042801556420233464,0.06031128404669261,0.2529182879377432,0.6439688715953308
330150660001,0.07162534435261708,0.02203856749311295,0.2727272727272727,0.6336088154269972
330150660002,0.06389776357827476,0.31629392971246006,0.28594249201277955,0.33386581469648563
330150660003,0.052406417112299465,0.040641711229946524,0.19144385026737967,0.7155080213903743
330150670001,0.04371584699453552,0.08469945355191257,0.10382513661202186,0.76775956284153
330150670002,0.16435432230522945,0.0672358591248666,0.2678762006403415,0.5005336179295624
330150670003,0.0,0.17962003454231434,0.14507772020725387,0.6753022452504318
330150670004,0.05756013745704467,0.04725085910652921,0.211340206185567,0.6838487972508591
330150675021,0.10752688172043011,0.13978494623655913,0.46543778801843316,0.2872503840245776
330150675022,0.20029673590504452,0.18100890207715134,0.3086053412462908,0.31008902077151335
330150675023,0.08444444444444445,0.19111111111111112,0.1688888888888889,0.5555555555555556
330150675031,0.06349206349206349,0.3968253968253968,0.1746031746031746,0.36507936507936506
330150675032,0.12696850393700787,0.1062992125984252,0.3927165354330709,0.37401574803149606
330150675041,0.0955137481910275,0.1345875542691751,0.20839363241678727,0.5615050651230101
330150675042,0.022857142857142857,0.15619047619047619,0.37333333333333335,0.44761904761904764
330150675051,0.01098901098901099,0.054945054945054944,0.15070643642072212,0.783359497645212
330150691001,0.1354642313546423,0.0654490106544901,0.2009132420091324,0.5981735159817352
330150691002,0.027675276752767528,0.09778597785977859,0.3007380073800738,0.5738007380073801
330150691003,0.2874015748031496,0.1377952755905512,0.23031496062992127,0.34448818897637795
330150691004,0.16376306620209058,0.1672473867595819,0.20557491289198607,0.4634146341463415
330150692001,0.049281314168377825,0.10882956878850103,0.2936344969199179,0.5482546201232033
330150692002,0.028169014084507043,0.18544600938967137,0.47417840375586856,0.31220657276995306
330150692003,0.07979626485568761,0.22410865874363328,0.30390492359932086,0.3921901528013582
330150693001,0.06909090909090909,0.05272727272727273,0.3054545454545455,0.5727272727272728
330150693002,0.25375939849624063,0.11466165413533834,0.18045112781954886,0.45112781954887216
330150697001,0.11711711711711711,0.0,0.1891891891891892,0.6936936936936937
330150697002,0.0514018691588785,0.0911214953271028,0.4205607476635514,0.4369158878504673
330150697003,0.03291139240506329,0.12151898734177215,0.23544303797468355,0.610126582278481
330150710011,0.1371841155234657,0.1444043321299639,0.20938628158844766,0.5090252707581228
330150710012,0.013953488372093023,0.12906976744186047,0.29651162790697677,0.5604651162790698
330150710021,0.0,0.068,0.324,0.608
330150710022,0.09690444145356662,0.07537012113055182,0.23822341857335128,0.5895020188425303
330151001001,0.06535947712418301,0.05991285403050109,0.2657952069716776,0.6089324618736384
330151001002,0.05186721991701245,0.3236514522821577,0.31742738589211617,0.3070539419087137
330151001003,0.12361111111111112,0.03333333333333333,0.20972222222222223,0.6333333333333333
330151002001,0.1162280701754386,0.041666666666666664,0.40350877192982454,0.43859649122807015
330151002002,0.07368421052631578,0.023157894736842106,0.38105263157894737,0.5221052631578947
330151002003,0.09302325581395349,0.3054263565891473,0.22635658914728682,0.3751937984496124
330151002004,0.1571994715984148,0.16512549537648613,0.19682959048877147,0.4808454425363276
330151003011,0.1444321940463065,0.11356119073869901,0.31422271223814774,0.42778390297684676
330151003012,0.0,0.12062256809338522,0.33657587548638135,0.5428015564202334
330151003013,0.12100840336134454,0.09915966386554621,0.39327731092436974,0.3865546218487395
330151003021,0.11216730038022814,0.23193916349809887,0.3612167300380228,0.2946768060836502
330151003022,0.030716723549488054,0.09556313993174062,0.3742889647326507,0.49943117178612056
330151004011,0.13214990138067062,0.1341222879684418,0.1932938856015779,0.5404339250493096
330151004012,0.17177914110429449,0.1423312883435583,0.2871165644171779,0.3987730061349693
330151004013,0.28448275862068967,0.20812807881773399,0.2315270935960591,0.27586206896551724
330151004021,0.08495145631067962,0.03762135922330097,0.2815533980582524,0.595873786407767
330151004022,0.1610738255033557,0.08053691275167785,0.25838926174496646,0.5
330151011011,0.06626506024096386,0.17620481927710843,0.2545180722891566,0.5030120481927711
330151011012,0.07149853085210578,0.07541625857002938,0.3428011753183154,0.5102840352595495
330151011013,0.07736389684813753,0.12893982808022922,0.3638968481375358,0.4297994269340974
330151011021,0.10681818181818181,0.19318181818181818,0.29772727272727273,0.4022727272727273
330151011022,0.07421875,0.22916666666666666,0.3385416666666667,0.3580729166666667
330151021001,0.013114754098360656,0.06557377049180328,0.09344262295081968,0.8278688524590164
330151021002,0.18501170960187355,0.053864168618266976,0.20608899297423888,0.5550351288056206
330151021003,0.04371584699453552,0.028688524590163935,0.19672131147540983,0.7308743169398907
330151031001,0.0,0.13020833333333334,0.2604166666666667,0.609375
330151031002,0.08237547892720307,0.10344827586206896,0.2260536398467433,0.5881226053639846
330151031003,0.0,0.07418111753371869,0.3333333333333333,0.5924855491329479
330151031004,0.04225352112676056,0.056338028169014086,0.35774647887323946,0.543661971830986
330151041011,0.09950738916256158,0.2620689655172414,0.22955665024630542,0.4088669950738916
330151041012,0.07905138339920949,0.20355731225296442,0.1956521739130435,0.5217391304347826
330151041021,0.08775510204081632,0.044897959183673466,0.22448979591836735,0.6428571428571429
330151041022,0.07489878542510121,0.08097165991902834,0.3360323886639676,0.5080971659919028
330151041023,0.060240963855421686,0.043674698795180725,0.30271084337349397,0.5933734939759037
330151051001,0.5213333333333333,0.13866666666666666,0.0,0.34
330151051002,0.19516407599309155,0.11744386873920552,0.16062176165803108,0.5267702936096719
330151051003,0.06299212598425197,0.0688976377952756,0.421259842519685,0.4468503937007874
330151051004,0.09058823529411765,0.10705882352941176,0.31529411764705884,0.48705882352941177
330151061011,0.06968325791855204,0.16470588235294117,0.0832579185520362,0.6823529411764706
330151061012,0.025041736227045076,0.0,0.14524207011686144,0.8297161936560935
330151061013,0.0,0.038539553752535496,0.02636916835699797,0.9350912778904665
330151061014,0.0,0.0234192037470726,0.04215456674473068,0.9344262295081968
330151061021,0.05677210056772101,0.038118410381184104,0.22060016220600162,0.6845093268450932
330151061022,0.0,0.0743073047858942,0.061712846347607056,0.8639798488664987
330151061023,0.03481012658227848,0.03322784810126582,0.21518987341772153,0.7167721518987342
330151062001,0.13659147869674185,0.24686716791979949,0.47117794486215536,0.14536340852130325
330151062002,0.06779661016949153,0.1016949152542373,0.17288135593220338,0.6576271186440678
330151062003,0.15441176470588236,0.3088235294117647,0.2696078431372549,0.26715686274509803
330151062004,0.24789915966386555,0.26260504201680673,0.2710084033613445,0.2184873949579832
330151064001,0.23044096728307253,0.1251778093883357,0.22759601706970128,0.4167852062588905
330151064002,0.09449636552440291,0.12357217030114226,0.37383177570093457,0.40809968847352024
330151064003,0.03201970443349754,0.11576354679802955,0.3399014778325123,0.5123152709359606
330151071001,0.3098330241187384,0.07977736549165121,0.33766233766233766,0.2727272727272727
330151071002,0.0,0.12719298245614036,0.21052631578947367,0.6622807017543859
330151071003,0.4267241379310345,0.1939655172413793,0.2349137931034483,0.14439655172413793
330151072001,0.23076923076923078,0.12058212058212059,0.2806652806652807,0.367983367983368
330151072002,0.08952959028831563,0.06980273141122914,0.37481031866464337,0.4658573596358118
330151072003,0.026726057906458798,0.062360801781737196,0.2561247216035635,0.6547884187082406
330151072004,0.15151515151515152,0.1696969696969697,0.43434343434343436,0.24444444444444444
330151072005,0.035110533159947985,0.0,0.32769830949284784,0.6371911573472041
330151074001,0.05263157894736842,0.14736842105263157,0.24736842105263157,0.5526315789473685
330151074002,0.061224489795918366,0.053061224489795916,0.32653061224489793,0.5591836734693878
330151075001,0.061696658097686374,0.07712082262210797,0.2365038560411311,0.6246786632390745
330151075002,0.11495535714285714,0.11272321428571429,0.08147321428571429,0.6908482142857143
330151075003,0.029850746268656716,0.15074626865671642,0.25522388059701495,0.564179104477612
330170801001,0.10685483870967742,0.016129032258064516,0.17338709677419356,0.7036290322580645
330170801002,0.026066350710900472,0.14928909952606634,0.20853080568720378,0.6161137440758294
330170802021,0.2596491228070175,0.09473684210526316,0.18771929824561404,0.45789473684210524
330170802022,0.08226221079691516,0.2750642673521851,0.22879177377892032,0.4138817480719794
330170802031,0.3452914798206278,0.4798206278026906,0.13004484304932734,0.04484304932735426
330170802032,0.17034700315457413,0.08832807570977919,0.29652996845425866,0.444794952681388
330170802041,0.38193018480492813,0.20123203285420946,0.11909650924024641,0.29774127310061604
330170805001,0.040787623066104076,0.06610407876230662,0.23066104078762306,0.6624472573839663
330170805002,0.10978043912175649,0.08183632734530938,0.4870259481037924,0.3213572854291417
330170805003,0.04276315789473684,0.05921052631578947,0.4605263157894737,0.4375
330170805004,0.051587301587301584,0.24867724867724866,0.2037037037037037,0.49603174603174605
330170811011,0.17304747320061256,0.16232771822358347,0.44104134762633995,0.22358346094946402
330170811012,0.08487084870848709,0.22970479704797048,0.235239852398524,0.45018450184501846
330170811013,0.05621301775147929,0.40828402366863903,0.1390532544378698,0.39644970414201186
330170811021,0.11630847029077118,0.18331226295828065,0.13400758533501897,0.5663716814159292
330170812001,0.29285714285714287,0.21,0.10285714285714286,0.3942857142857143
330170812002,0.04247104247104247,0.0,0.1969111969111969,0.7606177606177607
330170812003,0.013745704467353952,0.22938144329896906,0.35309278350515466,0.40378006872852235
330170812004,0.0,0.08139534883720931,0.13662790697674418,0.7819767441860465
330170813001,0.21100278551532034,0.13022284122562675,0.4171309192200557,0.2416434540389972
330170813002,0.1386861313868613,0.145985401459854,0.4583941605839416,0.2569343065693431
330170813003,0.05338078291814947,0.2402135231316726,0.2580071174377224,0.4483985765124555
330170814001,0.1680327868852459,0.15368852459016394,0.3463114754098361,0.3319672131147541
330170814002,0.11015736766809728,0.2832618025751073,0.43204577968526464,0.17453505007153075
330170815001,0.10800385728061716,0.07232401157184185,0.4021215043394407,0.4175506268081003
330170815002,0.13141993957703926,0.17371601208459214,0.3564954682779456,0.338368580060423
330170815003,0.36302895322939865,0.15367483296213807,0.21158129175946547,0.2717149220489978
330170815004,0.15158924205378974,0.13447432762836187,0.29706601466992666,0.41687041564792177
330170816001,0.04823151125401929,0.1564844587352626,0.1789924973204716,0.6162915326902465
330170816002,0.09557109557109557,0.0,0.12354312354312354,0.7808857808857809
330170816003,0.46637744034707157,0.07592190889370933,0.24945770065075923,0.20824295010845986
330170816004,0.03776223776223776,0.039160839160839164,0.34685314685314683,0.5762237762237762
330170820001,0.1495176848874598,0.1045016077170418,0.4003215434083601,0.34565916398713825
330170820002,0.20512820512820512,0.11538461538461539,0.3162393162393162,0.36324786324786323
330170830011,0.1735357917570499,0.3123644251626898,0.34273318872017355,0.17136659436008678
330170830012,0.3932291666666667,0.1875,0.24131944444444445,0.1779513888888889
330170830013,0.08719851576994433,0.055658627087198514,0.3228200371057514,0.5343228200371057
330170830014,0.08358208955223881,0.29850746268656714,0.408955223880597,0.208955223880597
330170830015,0.16901408450704225,0.059154929577464786,0.38591549295774646,0.38591549295774646
330170830021,0.1609403254972875,0.21338155515370705,0.32007233273056057,0.30560578661844484
330170830022,0.09202453987730061,0.1570552147239264,0.5361963190184049,0.2147239263803681
330170830023,0.0,0.03903903903903904,0.33933933933933935,0.6216216216216216
330170830024,0.047619047619047616,0.17687074829931973,0.6530612244897959,0.12244897959183673
330170830025,0.22666666666666666,0.043333333333333335,0.36333333333333334,0.36666666666666664
330170841001,0.08139534883720931,0.15503875968992248,0.374031007751938,0.38953488372093026
330170841002,0.04187192118226601,0.12807881773399016,0.4458128078817734,0.3842364532019704
330170841003,0.21182266009852216,0.2955665024630542,0.24014778325123154,0.2524630541871921
330170841004,0.119140625,0.14453125,0.216796875,0.51953125
330170842011,0.08870967741935484,0.05,0.4112903225806452,0.45
330170842012,0.2939068100358423,0.07885304659498207,0.34587813620071683,0.28136200716845877
330170842013,0.0226628895184136,0.13314447592067988,0.31444759206798867,0.5297450424929179
330170842021,0.24746743849493488,0.19247467438494936,0.17945007235890015,0.38060781476121563
330170842022,0.2184873949579832,0.27170868347338933,0.15406162464985995,0.3557422969187675
330170842023,0.10967741935483871,0.3204301075268817,0.3763440860215054,0.1935483870967742
330170843011,0.0,0.15853658536585366,0.32113821138211385,0.5203252032520326
330170843012,0.07142857142857142,0.3235294117647059,0.35294117647058826,0.25210084033613445
330170843013,0.2813793103448276,0.26620689655172414,0.34758620689655173,0.10482758620689656
330170843021,0.12694610778443113,0.25508982035928146,0.325748502994012,0.29221556886227545
330170843022,0.28743961352657005,0.1932367149758454,0.3502415458937198,0.16908212560386474
330170843023,0.3310104529616725,0.3902439024390244,0.14634146341463414,0.13240418118466898
330170844001,0.07496012759170653,0.20574162679425836,0.31738437001594894,0.4019138755980861
330170844002,0.13274336283185842,0.28023598820059,0.3805309734513274,0.20648967551622419
330170844003,0.04923076923076923,0.3384615384615385,0.45076923076923076,0.16153846153846155
330170844004,0.2815126050420168,0.15546218487394958,0.42436974789915966,0.13865546218487396
330170845001,0.19807692307692307,0.17884615384615385,0.36923076923076925,0.25384615384615383
330170845002,0.08326253186066271,0.14953271028037382,0.3857264231096007,0.38147833474936277
330170846001,0.2321285140562249,0.07228915662650602,0.3502008032128514,0.3453815261044177
330170850011,0.0075528700906344415,0.12386706948640483,0.30060422960725075,0.56797583081571
330170850012,0.0,0.1711864406779661,0.28135593220338984,0.5474576271186441
330170850021,0.13541666666666666,0.06458333333333334,0.3229166666666667,0.47708333333333336
330170850022,0.023446658851113716,0.18522860492379836,0.10199296600234467,0.6893317702227433
330170850023,0.12566844919786097,0.38636363636363635,0.24064171122994651,0.24732620320855614
330170860001,0.010903426791277258,0.11059190031152648,0.3037383177570093,0.5747663551401869
330170860002,0.05563093622795115,0.08819538670284939,0.2510176390773406,0.6051560379918589
330170870011,0.19576719576719576,0.20811287477954143,0.35802469135802467,0.23809523809523808
330170870012,0.2689075630252101,0.3557422969187675,0.17086834733893558,0.20448179271708683
330170870013,0.2088888888888889,0.5585185185185185,0.13185185185185186,0.10074074074074074
330170870021,0.15639810426540285,0.0679304897314376,0.358609794628752,0.41706161137440756
330170870022,0.07763401109057301,0.0,0.4879852125693161,0.4343807763401109
330170880001,0.12693498452012383,0.14860681114551083,0.2755417956656347,0.44891640866873067
330170880002,0.1222879684418146,0.14201183431952663,0.33530571992110453,0.40039447731755423
330170880003,0.0851581508515815,0.12773722627737227,0.2956204379562044,0.49148418491484186
330170885001,0.08955223880597014,0.2155887230514096,0.31343283582089554,0.3814262023217247
330170885002,0.13075060532687652,0.15254237288135594,0.22033898305084745,0.4963680387409201
330170885003,0.08614864864864864,0.07432432432432433,0.4408783783783784,0.39864864864864863
